time	V(gpio)	I(R4)	I(V2)	Ix(U2:GATE)	Ix(U2:IN)	Ix(U2:OUT)	Ix(U2:SOURCE)
0.000000000000000e+00	0.000000e+00	9.501805e-01	-1.901311e+03	-1.163691e-12	1.233577e-05	9.501805e+02	-6.893775e-08
9.765625114122045e-11	4.882813e-01	4.132603e+00	-5.423185e+01	4.794999e-02	1.233577e-05	4.231786e-02	3.996291e-02
9.847730148544790e-11	4.923865e-01	4.149869e+00	-4.715145e+01	3.837813e-02	1.233577e-05	2.102849e-02	3.229962e-02
1.001194021739028e-10	5.005970e-01	4.180131e+00	-3.663596e+01	2.714447e-02	1.233577e-05	1.669421e-02	2.864015e-02
1.034036035508126e-10	5.170180e-01	4.226990e+00	-2.453544e+01	1.735974e-02	1.233577e-05	1.149233e-02	2.409071e-02
1.087197305454578e-10	5.435987e-01	4.278044e+00	-1.530428e+01	1.008566e-02	1.233577e-05	6.720499e-03	1.937367e-02
1.126570013848180e-10	5.632850e-01	4.302384e+00	-1.209124e+01	7.204080e-03	1.233577e-05	4.721224e-03	1.696954e-02
1.163828594498750e-10	5.819143e-01	4.318512e+00	-1.009720e+01	5.309765e-03	1.233577e-05	3.425588e-03	1.511463e-02
1.201147015979422e-10	6.005735e-01	4.330072e+00	-8.587669e+00	3.897897e-03	1.233577e-05	2.481025e-03	1.352067e-02
1.245311308803587e-10	6.226556e-01	4.339698e+00	-7.254062e+00	2.680682e-03	1.233577e-05	1.681380e-03	1.190659e-02
1.285462887519451e-10	6.427314e-01	4.345726e+00	-6.392697e+00	1.903947e-03	1.233590e-05	1.177918e-03	1.065815e-02
1.330917666125067e-10	6.654589e-01	4.350427e+00	-5.718164e+00	1.295602e-03	1.233572e-05	7.861413e-04	9.449992e-03
1.374171172225228e-10	6.870856e-01	4.353452e+00	-5.287990e+00	9.055146e-04	1.233577e-05	5.360309e-04	8.465733e-03
1.422344482721858e-10	7.111722e-01	4.355721e+00	-4.969786e+00	6.146268e-04	1.233577e-05	3.504224e-04	7.521416e-03
1.470601862852316e-10	7.353010e-01	4.357217e+00	-4.763235e+00	4.238371e-04	1.233577e-05	2.296904e-04	6.705903e-03
1.524704168425214e-10	7.623521e-01	4.358306e+00	-4.616056e+00	2.860117e-04	1.233577e-05	1.436396e-04	5.917153e-03
1.581821742057276e-10	7.909109e-01	4.359029e+00	-4.521370e+00	1.955047e-04	1.233577e-05	8.834907e-05	5.202042e-03
1.647604595107024e-10	8.238023e-01	4.359540e+00	-4.458135e+00	1.330545e-04	1.233577e-05	5.151516e-05	4.499676e-03
1.721221863856761e-10	8.606109e-01	4.359881e+00	-4.420376e+00	9.357017e-05	1.233577e-05	2.961249e-05	3.838065e-03
1.809890157815178e-10	9.049451e-01	4.360124e+00	-4.398706e+00	6.834876e-05	1.233577e-05	1.714023e-05	3.179769e-03
1.916310976605003e-10	9.581555e-01	4.360305e+00	-4.388513e+00	5.346091e-05	1.233577e-05	1.138095e-05	2.545706e-03
2.053848164435765e-10	1.026924e+00	4.360473e+00	-4.384938e+00	4.438326e-05	1.233577e-05	9.486518e-06	1.915709e-03
2.237111973077264e-10	1.118556e+00	4.360666e+00	-4.384778e+00	3.846395e-05	1.233577e-05	9.561786e-06	1.312969e-03
2.509074089574077e-10	1.254537e+00	4.360947e+00	-4.385673e+00	3.360192e-05	1.233577e-05	1.020142e-05	7.406423e-04
2.966947847946287e-10	1.483474e+00	4.361430e+00	-4.386497e+00	2.918672e-05	1.233578e-05	1.067730e-05	2.471157e-04
3.882695364690707e-10	1.941348e+00	4.362416e+00	-4.387432e+00	2.619668e-05	1.233577e-05	1.091941e-05	-6.264713e-05
5.051325756791290e-10	2.525663e+00	4.363702e+00	-4.388770e+00	2.621236e-05	1.233576e-05	1.113653e-05	-7.555188e-05
6.558875319328543e-10	3.279438e+00	4.365408e+00	-4.390738e+00	2.712043e-05	1.233576e-05	1.149797e-05	-1.919045e-05
7.396843866770403e-10	3.698422e+00	4.366382e+00	-4.391901e+00	2.757473e-05	1.233576e-05	1.172740e-05	3.041861e-06
8.060236479556329e-10	4.030118e+00	4.367167e+00	-4.392846e+00	2.785580e-05	1.233575e-05	1.191928e-05	1.154230e-05
8.716300296054460e-10	4.358150e+00	4.367955e+00	-4.393806e+00	2.809391e-05	1.233575e-05	1.211802e-05	1.476471e-05
9.889961277434127e-10	4.944981e+00	4.369400e+00	-4.395596e+00	2.851363e-05	1.233575e-05	1.249823e-05	1.625291e-05
1.000000000000000e-09	5.000000e+00	4.369538e+00	-4.395774e+00	2.855881e-05	1.233575e-05	1.253964e-05	1.618141e-05
1.098698970395205e-09	5.000000e+00	4.370793e+00	-4.397378e+00	2.895078e-05	1.233575e-05	1.289439e-05	1.600807e-05
1.201283569275105e-09	5.000000e+00	4.372137e+00	-4.399138e+00	2.941157e-05	1.233575e-05	1.329567e-05	1.632789e-05
1.400682525673823e-09	5.000000e+00	4.374879e+00	-4.402872e+00	3.047549e-05	1.233574e-05	1.418524e-05	1.735811e-05
1.610336262448546e-09	5.000000e+00	4.377981e+00	-4.407364e+00	3.191304e-05	1.233574e-05	1.533570e-05	1.876434e-05
1.945246392051522e-09	5.000000e+00	4.383554e+00	-4.416128e+00	3.509354e-05	1.233573e-05	1.777701e-05	2.182065e-05
2.160296213756173e-09	5.000000e+00	4.387676e+00	-4.423585e+00	3.830666e-05	1.233573e-05	2.015769e-05	2.484465e-05
2.447678917311951e-09	5.000000e+00	4.394194e+00	-4.436691e+00	4.453651e-05	1.233572e-05	2.468564e-05	3.073717e-05
2.709000514230422e-09	5.000000e+00	4.401736e+00	-4.454839e+00	5.448552e-05	1.233572e-05	3.180596e-05	4.003687e-05
2.868259963173677e-09	5.000000e+00	4.407628e+00	-4.473150e+00	6.613193e-05	1.233571e-05	4.007814e-05	5.064455e-05
3.031647680047463e-09	5.000000e+00	4.415536e+00	-4.502312e+00	8.606572e-05	1.233571e-05	5.417989e-05	6.883508e-05
3.186572084330644e-09	5.000000e+00	4.426567e+00	-4.555757e+00	1.258824e-04	1.233571e-05	8.231439e-05	1.044316e-04
3.253458224632463e-09	5.000000e+00	4.433607e+00	-4.612485e+00	1.726643e-04	1.233571e-05	1.155318e-04	1.431151e-04
3.297408155581126e-09	5.000000e+00	4.439801e+00	-4.677765e+00	2.283097e-04	1.233571e-05	1.550731e-04	1.880989e-04
3.337044050339351e-09	5.000000e+00	4.447393e+00	-4.775690e+00	3.134014e-04	1.233570e-05	2.155830e-04	2.560319e-04
3.390973985043651e-09	5.000000e+00	4.465435e+00	-5.093074e+00	5.957350e-04	1.233570e-05	4.169312e-04	4.750463e-04
3.409098059266820e-09	5.000000e+00	4.477569e+00	-5.584033e+00	1.054714e-03	1.233570e-05	7.537586e-04	7.833789e-04
3.419118693201227e-09	5.000000e+00	4.489058e+00	-6.366577e+00	1.804373e-03	1.233570e-05	1.317435e-03	1.257365e-03
3.424446015127025e-09	5.000000e+00	4.499027e+00	-7.413121e+00	2.835154e-03	1.233570e-05	2.123654e-03	1.889007e-03
3.427957270810584e-09	5.000000e+00	4.509398e+00	-8.948585e+00	4.385570e-03	1.233570e-05	3.384805e-03	2.828693e-03
3.430444772901839e-09	5.000000e+00	4.521250e+00	-1.134627e+01	6.877274e-03	1.233591e-05	5.517555e-03	4.348995e-03
3.432427947376782e-09	5.000000e+00	4.537374e+00	-1.563300e+01	1.145455e-02	1.233564e-05	9.631363e-03	7.183158e-03
3.434372572655671e-09	5.000000e+00	4.565432e+00	-2.408310e+01	2.045319e-02	1.233570e-05	1.755148e-02	1.263946e-02
3.436526946144349e-09	5.000000e+00	4.608243e+00	-3.332519e+01	2.909309e-02	1.233570e-05	2.273242e-02	1.689898e-02
3.438182115290711e-09	5.000000e+00	4.642599e+00	-3.592900e+01	3.011940e-02	1.233601e-05	2.114210e-02	1.672643e-02
3.440351036968728e-09	5.000000e+00	4.685616e+00	-3.549027e+01	2.835814e-02	1.233558e-05	1.931461e-02	1.619098e-02
3.442645128457327e-09	5.000000e+00	4.727112e+00	-3.291286e+01	2.544635e-02	1.233570e-05	1.719674e-02	1.524869e-02
3.446281801469814e-09	5.000000e+00	4.783556e+00	-2.795195e+01	2.075299e-02	1.233570e-05	1.394671e-02	1.354846e-02
3.450649175934381e-09	5.000000e+00	4.837176e+00	-2.241393e+01	1.572321e-02	1.233570e-05	1.052175e-02	1.155836e-02
3.455311114375983e-09	5.000000e+00	4.879992e+00	-1.760263e+01	1.138027e-02	1.233570e-05	7.598034e-03	9.704834e-03
3.459690903812497e-09	5.000000e+00	4.909391e+00	-1.416106e+01	8.281693e-03	1.233570e-05	5.520298e-03	8.266164e-03
3.464056960424076e-09	5.000000e+00	4.930764e+00	-1.161988e+01	5.997702e-03	1.233570e-05	3.990704e-03	7.099773e-03
3.468251021022104e-09	5.000000e+00	4.945713e+00	-9.831029e+00	4.390253e-03	1.233570e-05	2.913463e-03	6.184841e-03
3.472524656392806e-09	5.000000e+00	4.956815e+00	-8.498342e+00	3.192129e-03	1.233570e-05	2.110545e-03	5.416423e-03
3.476816512296904e-09	5.000000e+00	4.964895e+00	-7.525893e+00	2.317312e-03	1.233570e-05	1.524579e-03	4.775525e-03
3.481295740007894e-09	5.000000e+00	4.970960e+00	-6.794429e+00	1.658817e-03	1.233570e-05	1.083984e-03	4.216224e-03
3.485929398159902e-09	5.000000e+00	4.975410e+00	-6.256753e+00	1.174283e-03	1.233582e-05	7.602691e-04	3.730220e-03
3.490852988765555e-09	5.000000e+00	4.978707e+00	-5.857775e+00	8.141709e-04	1.233577e-05	5.201699e-04	3.294781e-03
3.496081838921625e-09	5.000000e+00	4.981093e+00	-5.568873e+00	5.527798e-04	1.233577e-05	3.463808e-04	2.904118e-03
3.501777914127485e-09	5.000000e+00	4.982812e+00	-5.360646e+00	3.636905e-04	1.233576e-05	2.211708e-04	2.544503e-03
3.508042075467751e-09	5.000000e+00	4.984012e+00	-5.215247e+00	2.309074e-04	1.233575e-05	1.337828e-04	2.211211e-03
3.515127191476537e-09	5.000000e+00	4.984827e+00	-5.116429e+00	1.398399e-04	1.233567e-05	7.443475e-05	1.895469e-03
3.523290017060340e-09	5.000000e+00	4.985348e+00	-5.053172e+00	8.061968e-05	1.233570e-05	3.649100e-05	1.594223e-03
3.533008072516327e-09	5.000000e+00	4.985656e+00	-5.015818e+00	4.458083e-05	1.233570e-05	1.413861e-05	1.302607e-03
3.544920267114957e-09	5.000000e+00	4.985812e+00	-4.996855e+00	2.501645e-05	1.233570e-05	2.855568e-06	1.020223e-03
3.560192366266410e-09	5.000000e+00	4.985870e+00	-4.989668e+00	1.602211e-05	1.233574e-05	-1.340727e-06	7.468874e-04
3.580832758301663e-09	5.000000e+00	4.985877e+00	-4.988838e+00	1.281382e-05	1.233571e-05	-1.713877e-06	4.877635e-04
3.611180078660298e-09	5.000000e+00	4.985866e+00	-4.990196e+00	1.177137e-05	1.233571e-05	-7.731297e-07	2.524398e-04
3.653913799561578e-09	5.000000e+00	4.985858e+00	-4.991200e+00	1.105931e-05	1.233570e-05	-6.519486e-08	8.477081e-05
3.699132151661865e-09	5.000000e+00	4.985858e+00	-4.991352e+00	1.052524e-05	1.233570e-05	8.923843e-08	1.424123e-05
3.751584820038092e-09	5.000000e+00	4.985861e+00	-4.991245e+00	1.021039e-05	1.233569e-05	7.344488e-08	-1.023753e-05
3.809247218250202e-09	5.000000e+00	4.985864e+00	-4.991132e+00	1.010371e-05	1.233569e-05	4.824909e-08	-1.297791e-05
3.880596591444558e-09	5.000000e+00	4.985867e+00	-4.991036e+00	1.007818e-05	1.233569e-05	3.989766e-08	-9.443611e-06
3.969696675488288e-09	5.000000e+00	4.985870e+00	-4.990935e+00	1.005308e-05	1.233569e-05	3.926292e-08	-5.906894e-06
4.095518774889613e-09	5.000000e+00	4.985875e+00	-4.990794e+00	9.987400e-06	1.233569e-05	3.890683e-08	-4.146969e-06
4.282902746485280e-09	5.000000e+00	4.985882e+00	-4.990590e+00	9.868107e-06	1.233568e-05	3.739309e-08	-3.959823e-06
4.588664030170012e-09	5.000000e+00	4.985893e+00	-4.990277e+00	9.678650e-06	1.233568e-05	3.477492e-08	-4.342237e-06
4.993548312187763e-09	5.000000e+00	4.985907e+00	-4.989899e+00	9.452299e-06	1.233567e-05	3.160869e-08	-4.655338e-06
5.460226377990327e-09	5.000000e+00	4.985921e+00	-4.989511e+00	9.221574e-06	1.233566e-05	2.832780e-08	-4.872282e-06
6.065754491126972e-09	5.000000e+00	4.985937e+00	-4.989075e+00	8.962448e-06	1.233564e-05	2.457196e-08	-5.102655e-06
6.723224950026604e-09	5.000000e+00	4.985952e+00	-4.988674e+00	8.725172e-06	1.233563e-05	2.105297e-08	-5.317068e-06
7.467820200158754e-09	5.000000e+00	4.985967e+00	-4.988297e+00	8.502678e-06	1.233561e-05	1.767001e-08	-5.519361e-06
8.582445555579101e-09	5.000000e+00	4.985984e+00	-4.987854e+00	8.241523e-06	1.233558e-05	1.357244e-08	-5.756865e-06
9.795236713856343e-09	5.000000e+00	4.985999e+00	-4.987498e+00	8.033123e-06	1.233555e-05	1.016352e-08	-5.946470e-06
1.120598588186602e-08	5.000000e+00	4.986012e+00	-4.987205e+00	7.862469e-06	1.233552e-05	7.238159e-09	-6.101772e-06
1.268120198344998e-08	5.000000e+00	4.986021e+00	-4.986998e+00	7.742118e-06	1.233549e-05	5.059532e-09	-6.211314e-06
1.436377448329747e-08	5.000000e+00	4.986028e+00	-4.986844e+00	7.653006e-06	1.233545e-05	3.345571e-09	-6.292411e-06
1.619189937145685e-08	5.000000e+00	4.986033e+00	-4.986740e+00	7.593559e-06	1.233541e-05	2.118391e-09	-6.346466e-06
1.830618773256467e-08	5.000000e+00	4.986037e+00	-4.986670e+00	7.553947e-06	1.233536e-05	1.229805e-09	-6.382436e-06
2.078573808302996e-08	5.000000e+00	4.986040e+00	-4.986627e+00	7.529738e-06	1.233530e-05	6.287171e-10	-6.404341e-06
2.382956491714699e-08	5.000000e+00	4.986042e+00	-4.986603e+00	7.516414e-06	1.233524e-05	2.501831e-10	-6.416274e-06
2.746745474508198e-08	5.000000e+00	4.986042e+00	-4.986593e+00	7.510862e-06	1.233515e-05	5.620740e-11	-6.421061e-06
3.095870339892112e-08	5.000000e+00	4.986043e+00	-4.986590e+00	7.509758e-06	1.233508e-05	-5.894538e-12	-6.421783e-06
3.483050729978757e-08	5.000000e+00	4.986043e+00	-4.986590e+00	7.509851e-06	1.233499e-05	-2.155538e-11	-6.421363e-06
3.871130211399621e-08	5.000000e+00	4.986043e+00	-4.986591e+00	7.510101e-06	1.233491e-05	-1.971850e-11	-6.420779e-06
4.313233883486251e-08	5.000000e+00	4.986043e+00	-4.986592e+00	7.510198e-06	1.233481e-05	-1.455211e-11	-6.420265e-06
4.790949233772775e-08	5.000000e+00	4.986043e+00	-4.986592e+00	7.510098e-06	1.233471e-05	-1.064221e-11	-6.419871e-06
5.358293102714783e-08	5.000000e+00	4.986043e+00	-4.986592e+00	7.509840e-06	1.233460e-05	-8.488729e-12	-6.419502e-06
6.012212373555322e-08	5.000000e+00	4.986043e+00	-4.986592e+00	7.509467e-06	1.233446e-05	-7.746020e-12	-6.419109e-06
6.822985324430620e-08	5.000000e+00	4.986043e+00	-4.986592e+00	7.508967e-06	1.233430e-05	-7.664147e-12	-6.418606e-06
7.818925804536875e-08	5.000000e+00	4.986043e+00	-4.986592e+00	7.508320e-06	1.233410e-05	-7.771706e-12	-6.417950e-06
9.118203276401883e-08	5.000000e+00	4.986043e+00	-4.986592e+00	7.507428e-06	1.233385e-05	-7.852950e-12	-6.417038e-06
1.078967586477141e-07	5.000000e+00	4.986043e+00	-4.986592e+00	7.506206e-06	1.233354e-05	-7.875450e-12	-6.415790e-06
1.291953279146730e-07	5.000000e+00	4.986043e+00	-4.986592e+00	7.504550e-06	1.233317e-05	-7.873445e-12	-6.414104e-06
1.536613123245835e-07	5.000000e+00	4.986043e+00	-4.986592e+00	7.502537e-06	1.233276e-05	-7.870319e-12	-6.412068e-06
1.796654517058039e-07	5.000000e+00	4.986043e+00	-4.986592e+00	7.500298e-06	1.233235e-05	-7.869684e-12	-6.409817e-06
2.066688199318283e-07	5.000000e+00	4.986043e+00	-4.986592e+00	7.497893e-06	1.233196e-05	-7.869808e-12	-6.407404e-06
2.351271216882566e-07	5.000000e+00	4.986043e+00	-4.986591e+00	7.495292e-06	1.233157e-05	-7.869950e-12	-6.404799e-06
2.659762334334962e-07	5.000000e+00	4.986043e+00	-4.986591e+00	7.492419e-06	1.233118e-05	-7.870020e-12	-6.401920e-06
3.005526599024513e-07	5.000000e+00	4.986043e+00	-4.986591e+00	7.489151e-06	1.233078e-05	-7.870061e-12	-6.398649e-06
3.405164844897003e-07	5.000000e+00	4.986043e+00	-4.986591e+00	7.485332e-06	1.233035e-05	-7.870106e-12	-6.394829e-06
3.881999073844122e-07	5.000000e+00	4.986043e+00	-4.986591e+00	7.480740e-06	1.232990e-05	-7.870134e-12	-6.390236e-06
4.470836896917177e-07	5.000000e+00	4.986043e+00	-4.986591e+00	7.475039e-06	1.232940e-05	-7.870170e-12	-6.384535e-06
6.273326926589271e-07	5.000000e+00	4.986042e+00	-4.986591e+00	7.457520e-06	1.232827e-05	-7.870634e-12	-6.367024e-06
7.843625810950981e-07	5.000000e+00	4.986042e+00	-4.986592e+00	7.442262e-06	1.232762e-05	-7.903741e-12	-6.351773e-06
1.064009008275111e-06	5.000000e+00	4.986042e+00	-4.986594e+00	7.415159e-06	1.232692e-05	-9.138040e-12	-6.324685e-06
1.233609362976225e-06	5.000000e+00	4.986042e+00	-4.986587e+00	7.398765e-06	1.232669e-05	-1.310965e-11	-6.308310e-06
1.436015591622491e-06	5.000000e+00	4.986040e+00	-4.986580e+00	7.379243e-06	1.232653e-05	-2.141894e-11	-6.288819e-06
1.538120186301606e-06	5.000000e+00	4.986038e+00	-4.986577e+00	7.369412e-06	1.232648e-05	-2.685068e-11	-6.279008e-06
1.635912963740309e-06	5.000000e+00	4.986036e+00	-4.986573e+00	7.360007e-06	1.232644e-05	-3.271963e-11	-6.269624e-06
1.681828524389444e-06	5.000000e+00	4.986034e+00	-4.986571e+00	7.355595e-06	1.232643e-05	-3.571073e-11	-6.265223e-06
1.711808147417794e-06	5.000000e+00	4.986034e+00	-4.986591e+00	7.352716e-06	1.232642e-05	-3.778312e-11	-6.262350e-06
1.750184078558328e-06	5.000000e+00	4.986032e+00	-4.986594e+00	7.349037e-06	1.232641e-05	-3.629336e-11	-6.258669e-06
1.788002274308300e-06	5.000000e+00	4.986032e+00	-4.986590e+00	7.345411e-06	1.232641e-05	-3.654877e-11	-6.255046e-06
2.076332128584523e-06	5.000000e+00	4.986023e+00	-4.986584e+00	7.317829e-06	1.232637e-05	-3.730551e-11	-6.227480e-06
2.385034561369713e-06	5.000000e+00	4.986014e+00	-4.986575e+00	7.288416e-06	1.232634e-05	-3.764957e-11	-6.198083e-06
2.789574051035574e-06	5.000000e+00	4.986002e+00	-4.986564e+00	7.250053e-06	1.232633e-05	-3.799766e-11	-6.159741e-06
3.503524658781691e-06	5.000000e+00	4.985980e+00	-4.986542e+00	7.182849e-06	1.232633e-05	-3.851081e-11	-6.092574e-06
5.045929723592983e-06	5.000000e+00	4.985932e+00	-4.986494e+00	7.039819e-06	1.232633e-05	-3.951040e-11	-5.949624e-06
5.046929723592983e-06	5.000000e+00	4.985932e+00	-4.986494e+00	7.039725e-06	1.232633e-05	-4.130874e-11	-5.949535e-06
5.053067102466909e-06	5.000000e+00	4.985932e+00	-4.986488e+00	7.039164e-06	1.232633e-05	-3.946337e-11	-5.948969e-06
5.056359988255201e-06	5.000000e+00	4.985932e+00	-4.986485e+00	7.038862e-06	1.232633e-05	-3.950257e-11	-5.948667e-06
5.059652874043493e-06	5.000000e+00	4.985931e+00	-4.986482e+00	7.038559e-06	1.232633e-05	-3.953195e-11	-5.948365e-06
5.062945759831785e-06	5.000000e+00	4.985931e+00	-4.986480e+00	7.038257e-06	1.232633e-05	-3.955151e-11	-5.948064e-06
5.066238645620077e-06	5.000000e+00	4.985931e+00	-4.986477e+00	7.037955e-06	1.232633e-05	-3.956125e-11	-5.947762e-06
5.069531531408369e-06	5.000000e+00	4.985931e+00	-4.986475e+00	7.037653e-06	1.232633e-05	-3.956117e-11	-5.947460e-06
5.072824417196662e-06	5.000000e+00	4.985931e+00	-4.986473e+00	7.037351e-06	1.232633e-05	-3.955128e-11	-5.947158e-06
5.076117302984954e-06	5.000000e+00	4.985931e+00	-4.986471e+00	7.037049e-06	1.232633e-05	-3.953157e-11	-5.946856e-06
5.090768556509091e-06	5.000000e+00	4.985930e+00	-4.986465e+00	7.035705e-06	1.232633e-05	-3.954084e-11	-5.945512e-06
5.107894178276263e-06	5.000000e+00	4.985930e+00	-4.986460e+00	7.034134e-06	1.232633e-05	-3.955167e-11	-5.943943e-06
5.125879296871945e-06	5.000000e+00	4.985929e+00	-4.986457e+00	7.032485e-06	1.232633e-05	-3.956305e-11	-5.942295e-06
5.149624816596529e-06	5.000000e+00	4.985929e+00	-4.986454e+00	7.030308e-06	1.232633e-05	-3.957808e-11	-5.940119e-06
5.177674661557742e-06	5.000000e+00	4.985928e+00	-4.986452e+00	7.027737e-06	1.232633e-05	-3.959584e-11	-5.937550e-06
5.217716710261061e-06	5.000000e+00	4.985927e+00	-4.986450e+00	7.024070e-06	1.232633e-05	-3.962120e-11	-5.933884e-06
5.263848805989420e-06	5.000000e+00	4.985925e+00	-4.986448e+00	7.019847e-06	1.232633e-05	-3.965043e-11	-5.929664e-06
5.341275289919329e-06	5.000000e+00	4.985922e+00	-4.986445e+00	7.012764e-06	1.232633e-05	-3.969949e-11	-5.922586e-06
5.424102728629922e-06	5.000000e+00	4.985920e+00	-4.986442e+00	7.005196e-06	1.232633e-05	-3.975202e-11	-5.915022e-06
5.576426043426559e-06	5.000000e+00	4.985915e+00	-4.986437e+00	6.991300e-06	1.232633e-05	-3.984866e-11	-5.901134e-06
5.739121510432322e-06	5.000000e+00	4.985910e+00	-4.986432e+00	6.976488e-06	1.232633e-05	-3.995204e-11	-5.886331e-06
6.027470039584391e-06	5.000000e+00	4.985900e+00	-4.986423e+00	6.950316e-06	1.232633e-05	-4.013573e-11	-5.860174e-06
6.408451388832417e-06	5.000000e+00	4.985888e+00	-4.986410e+00	6.915889e-06	1.232634e-05	-4.037946e-11	-5.825767e-06
7.983979413451584e-06	5.000000e+00	4.985836e+00	-4.986358e+00	6.775351e-06	1.232634e-05	-4.140419e-11	-5.685316e-06
9.855770242492874e-06	5.000000e+00	4.985772e+00	-4.986294e+00	6.612348e-06	1.232634e-05	-4.266089e-11	-5.522418e-06
1.172756107153416e-05	5.000000e+00	4.985705e+00	-4.986227e+00	6.453109e-06	1.232634e-05	-4.398514e-11	-5.363286e-06
1.359935190057545e-05	5.000000e+00	4.985636e+00	-4.986158e+00	6.297633e-06	1.232635e-05	-4.537693e-11	-5.207921e-06
1.547114272961674e-05	5.000000e+00	4.985564e+00	-4.986086e+00	6.145920e-06	1.232635e-05	-4.683626e-11	-5.056322e-06
1.734293355865804e-05	5.000000e+00	4.985489e+00	-4.986011e+00	5.997971e-06	1.232635e-05	-4.836314e-11	-4.908489e-06
1.921472438769932e-05	5.000000e+00	4.985411e+00	-4.985933e+00	5.853785e-06	1.232636e-05	-4.995756e-11	-4.764422e-06
2.108651521674061e-05	5.000000e+00	4.985331e+00	-4.985853e+00	5.713362e-06	1.232636e-05	-5.161953e-11	-4.624122e-06
3.158666343872603e-05	5.000000e+00	4.984809e+00	-4.985331e+00	4.984013e-06	1.232638e-05	-6.277892e-11	-3.895514e-06
4.381223562301935e-05	5.000000e+00	4.984009e+00	-4.984530e+00	4.251610e-06	1.232640e-05	-8.174542e-11	-3.164114e-06
5.313654778024860e-05	5.000000e+00	4.983196e+00	-4.983717e+00	3.768084e-06	1.232641e-05	-1.042677e-10	-2.681481e-06
6.405552619623927e-05	5.000000e+00	4.981901e+00	-4.982421e+00	3.272841e-06	1.232642e-05	-1.434472e-10	-2.187478e-06
8.053793100931378e-05	5.000000e+00	4.978624e+00	-4.979144e+00	2.645346e-06	1.232645e-05	-2.548189e-10	-1.562536e-06
9.182445495374135e-05	5.000000e+00	4.974347e+00	-4.974865e+00	2.286344e-06	1.232647e-05	-4.599630e-10	-1.206418e-06
9.964611622562488e-05	5.000000e+00	4.968980e+00	-4.969496e+00	2.064569e-06	1.232649e-05	-8.198314e-10	-9.881402e-07
1.051336734627025e-04	5.000000e+00	4.962487e+00	-4.963001e+00	1.918044e-06	1.232650e-05	-1.395881e-09	-8.459774e-07
1.092929688906481e-04	5.000000e+00	4.954289e+00	-4.954800e+00	1.808304e-06	1.232652e-05	-2.318673e-09	-7.421048e-07
1.125541511779590e-04	5.000000e+00	4.943748e+00	-4.944255e+00	1.718974e-06	1.232655e-05	-3.794303e-09	-6.609866e-07
1.151343426985210e-04	5.000000e+00	4.930261e+00	-4.930762e+00	1.641274e-06	1.232658e-05	-6.116654e-09	-5.949032e-07
1.171279885337100e-04	5.000000e+00	4.913727e+00	-4.914221e+00	1.570912e-06	1.232662e-05	-9.637728e-09	-5.405954e-07
1.185685759564021e-04	5.000000e+00	4.895278e+00	-4.895764e+00	1.507273e-06	1.232665e-05	-1.470691e-08	-4.980203e-07
1.194722740627506e-04	5.000000e+00	4.878134e+00	-4.878609e+00	1.454113e-06	1.232669e-05	-2.135671e-08	-4.698450e-07
1.199140575903818e-04	5.000000e+00	4.866670e+00	-4.867135e+00	1.418226e-06	1.232671e-05	-2.824895e-08	-4.575078e-07
1.203347621697241e-04	5.000000e+00	4.851865e+00	-4.852313e+00	1.371039e-06	1.232674e-05	-3.970586e-08	-4.478894e-07
1.205547968089325e-04	5.000000e+00	4.840911e+00	-4.841336e+00	1.328397e-06	1.232675e-05	-5.480167e-08	-4.515765e-07
1.207191978676544e-04	5.000000e+00	4.828972e+00	-4.829353e+00	1.267448e-06	1.232677e-05	-8.240907e-08	-4.723534e-07
1.208461718314386e-04	5.000000e+00	4.810210e+00	-4.810445e+00	1.096513e-06	1.232679e-05	-1.804850e-07	-5.830197e-07
1.209989287435186e-04	5.000000e+00	4.772874e+00	-4.772929e+00	8.685578e-07	1.232683e-05	-2.972113e-07	-6.963583e-07
1.211126668102512e-04	5.000000e+00	4.744519e+00	-4.744644e+00	8.854803e-07	1.232686e-05	-2.513911e-07	-5.961616e-07
1.212468247021353e-04	5.000000e+00	4.711238e+00	-4.711369e+00	8.349318e-07	1.232691e-05	-2.474181e-07	-5.473202e-07
1.215151404859037e-04	5.000000e+00	4.644694e+00	-4.644824e+00	7.215440e-07	1.232703e-05	-2.479726e-07	-4.614138e-07
1.219358391604140e-04	5.000000e+00	4.540216e+00	-4.540344e+00	5.432701e-07	1.232725e-05	-2.485573e-07	-3.257275e-07
1.224166021505400e-04	5.000000e+00	4.420563e+00	-4.420690e+00	3.382134e-07	1.232751e-05	-2.491781e-07	-1.696788e-07
1.235012558220235e-04	5.000000e+00	4.149218e+00	-4.149340e+00	-1.312965e-07	1.232812e-05	-2.512039e-07	1.855036e-07
1.246504127914253e-04	5.000000e+00	3.858633e+00	-3.858751e+00	-6.406150e-07	1.232878e-05	-2.543553e-07	5.674755e-07
1.269487267302290e-04	5.000000e+00	3.260757e+00	-3.260904e+00	-1.708458e-06	1.233015e-05	-2.649587e-07	1.357966e-06
1.299331256980979e-04	5.000000e+00	2.423772e+00	-2.423821e+00	-3.242878e-06	1.233208e-05	-2.919464e-07	2.532124e-06
1.321867048348355e-04	5.000000e+00	1.732431e+00	-1.732435e+00	-4.520617e-06	1.233370e-05	-3.181157e-07	3.573261e-06
1.340336235844617e-04	5.000000e+00	1.165359e+00	-1.165375e+00	-5.499849e-06	1.233507e-05	-3.071736e-07	4.507202e-06
1.355437312968357e-04	5.000000e+00	7.571442e-01	-7.572418e-01	-6.099382e-06	1.233610e-05	-2.538258e-07	5.244992e-06
1.370066941302284e-04	5.000000e+00	4.508168e-01	-4.510314e-01	-6.446613e-06	1.233692e-05	-1.794263e-07	5.814330e-06
1.385393020718791e-04	5.000000e+00	2.372216e-01	-2.375556e-01	-6.573064e-06	1.233753e-05	-1.035645e-07	6.169150e-06
1.396930571740321e-04	5.000000e+00	1.386686e-01	-1.390666e-01	-6.546172e-06	1.233783e-05	-6.227194e-08	6.265684e-06
1.404338787197486e-04	5.000000e+00	9.645945e-02	-9.688260e-02	-6.492514e-06	1.233797e-05	-4.587665e-08	6.260452e-06
1.411702323796977e-04	5.000000e+00	6.644271e-02	-6.688767e-02	-6.414623e-06	1.233806e-05	-3.270221e-08	6.221761e-06
1.418786677084905e-04	5.000000e+00	4.610348e-02	-4.656262e-02	-6.324225e-06	1.233813e-05	-2.282226e-08	6.161401e-06
1.426488506355421e-04	5.000000e+00	3.084245e-02	-3.131394e-02	-6.217287e-06	1.233819e-05	-1.520425e-08	6.078282e-06
1.433649387087623e-04	5.000000e+00	2.117058e-02	-2.165009e-02	-6.114770e-06	1.233823e-05	-1.048993e-08	5.991059e-06
1.440579212581724e-04	5.000000e+00	1.469403e-02	-1.517916e-02	-6.015263e-06	1.233826e-05	-7.322399e-09	5.902259e-06
1.447390252600793e-04	5.000000e+00	1.026200e-02	-1.075121e-02	-5.918765e-06	1.233828e-05	-5.122681e-09	5.813532e-06
1.454155179354106e-04	5.000000e+00	7.188618e-03	-7.680816e-03	-5.825128e-06	1.233829e-05	-3.587146e-09	5.725597e-06
1.460878795646319e-04	5.000000e+00	5.052396e-03	-5.546801e-03	-5.734689e-06	1.233831e-05	-2.519025e-09	5.639357e-06
1.468791205607657e-04	5.000000e+00	3.342939e-03	-3.839304e-03	-5.631753e-06	1.233832e-05	-1.633531e-09	5.540128e-06
1.477540602859236e-04	5.000000e+00	2.123977e-03	-2.621866e-03	-5.522383e-06	1.233833e-05	-1.012992e-09	5.433629e-06
1.487676061627639e-04	5.000000e+00	1.262003e-03	-1.761118e-03	-5.401210e-06	1.233834e-05	-5.818726e-10	5.314746e-06
1.499400418031390e-04	5.000000e+00	6.960952e-04	-1.196172e-03	-5.267813e-06	1.233835e-05	-3.081331e-10	5.183130e-06
1.513443106318340e-04	5.000000e+00	3.450447e-04	-8.459019e-04	-5.116539e-06	1.233836e-05	-1.458862e-10	5.033281e-06
1.530625518755929e-04	5.000000e+00	1.484184e-04	-6.499217e-04	-4.942381e-06	1.233837e-05	-6.255679e-11	4.860286e-06
1.552528471876600e-04	5.000000e+00	5.133492e-05	-5.533988e-04	-4.735151e-06	1.233838e-05	-2.775787e-11	4.654062e-06
1.581802571923990e-04	5.000000e+00	1.172555e-05	-5.143016e-04	-4.479532e-06	1.233839e-05	-1.865019e-11	4.399365e-06
1.616703649869455e-04	5.000000e+00	4.158629e-07	-5.034148e-04	-4.200974e-06	1.233840e-05	-2.038803e-11	4.121573e-06
1.656538977227470e-04	5.000000e+00	-2.259376e-06	-5.010964e-04	-3.911581e-06	1.233841e-05	-2.204931e-11	3.832809e-06
1.712171690042847e-04	5.000000e+00	-2.820564e-06	-5.008978e-04	-3.548409e-06	1.233842e-05	-2.251601e-11	3.470258e-06
1.793505745699184e-04	5.000000e+00	-2.729204e-06	-5.013471e-04	-3.085598e-06	1.233843e-05	-2.266996e-11	3.008048e-06
1.947858042630386e-04	5.000000e+00	-2.258223e-06	-5.022252e-04	-2.371935e-06	1.233845e-05	-2.270420e-11	2.295066e-06
2.127503566288146e-04	5.000000e+00	-1.680147e-06	-5.030658e-04	-1.743273e-06	1.233847e-05	-2.271402e-11	1.666803e-06
2.330773829981856e-04	5.000000e+00	-1.077770e-06	-5.038269e-04	-1.220722e-06	1.233848e-05	-2.271991e-11	1.144428e-06
2.536357798447431e-04	5.000000e+00	-5.438060e-07	-5.044713e-04	-8.397022e-07	1.233850e-05	-2.272406e-11	7.635543e-07
2.746164484926881e-04	5.000000e+00	-3.604482e-08	-5.050561e-04	-5.604543e-07	1.233851e-05	-2.272488e-11	4.844050e-07
2.758664484926881e-04	5.000000e+00	-2.263116e-08	-5.050735e-04	-5.471805e-07	1.233851e-05	-2.273816e-11	4.711362e-07
2.771164484926881e-04	5.000000e+00	5.093142e-09	-5.051048e-04	-5.341981e-07	1.233851e-05	-2.272029e-11	4.581584e-07
2.783664484926881e-04	5.000000e+00	3.808685e-08	-5.051363e-04	-5.298150e-07	1.234293e-05	-2.271795e-11	4.453705e-07
2.791476984925928e-04	5.000000e+00	6.624611e-08	-5.051550e-04	-5.354401e-07	1.235420e-05	-2.271159e-11	4.373896e-07
2.807101984924022e-04	5.000000e+00	1.781136e-07	-5.051941e-04	-6.168730e-07	1.243022e-05	-2.265289e-11	4.205896e-07
2.814293778980558e-04	5.000000e+00	3.972056e-07	-5.052110e-04	-8.692073e-07	1.266617e-05	-2.237009e-11	4.111980e-07
2.820605010653313e-04	5.000000e+00	1.646533e-06	-5.052210e-04	-2.447059e-06	1.433683e-05	-1.998582e-11	3.953029e-07
2.822213195414279e-04	5.000000e+00	2.720626e-06	-5.052139e-04	-3.835668e-06	1.571134e-05	-1.511494e-11	3.885853e-07
2.823095926104610e-04	5.000000e+00	3.607244e-06	-5.052078e-04	-4.981964e-06	1.686293e-05	-1.151161e-11	3.838946e-07
2.824861387485272e-04	5.000000e+00	5.902102e-06	-5.052036e-04	-7.921239e-06	1.981691e-05	-7.779815e-12	3.707249e-07
2.825331047741425e-04	5.000000e+00	6.493345e-06	-5.052103e-04	-8.660223e-06	2.056068e-05	-1.024555e-11	3.663238e-07
2.825341047741425e-04	5.000000e+00	6.505646e-06	-5.052108e-04	-8.674814e-06	1.572156e-04	-1.045260e-11	3.662255e-07
2.825578880900535e-04	5.000000e+00	6.772376e-06	-5.052151e-04	-9.005150e-06	1.576036e-04	-1.206602e-11	3.638295e-07
2.825816714059646e-04	5.000000e+00	7.008030e-06	-5.052191e-04	-9.296011e-06	1.579373e-04	-1.359665e-11	3.613732e-07
2.826054547218756e-04	5.000000e+00	7.212608e-06	-5.052229e-04	-9.547397e-06	1.582166e-04	-1.504449e-11	3.588568e-07
2.826292380377867e-04	5.000000e+00	7.386109e-06	-5.052266e-04	-9.759307e-06	1.584416e-04	-1.640953e-11	3.562802e-07
2.826530213536977e-04	5.000000e+00	7.528535e-06	-5.052301e-04	-9.931742e-06	1.586123e-04	-1.769178e-11	3.536433e-07
2.826768046696088e-04	5.000000e+00	7.639884e-06	-5.052334e-04	-1.006470e-05	1.587287e-04	-1.889123e-11	3.509463e-07
2.827005879855198e-04	5.000000e+00	7.720158e-06	-5.052364e-04	-1.015819e-05	1.587908e-04	-2.000789e-11	3.481891e-07
2.828658036557863e-04	5.000000e+00	7.902106e-06	-5.052501e-04	-1.034366e-05	1.589956e-04	-2.424437e-11	3.289725e-07
2.838570976773854e-04	5.000000e+00	7.934278e-06	-5.052704e-04	-1.023183e-05	1.590000e-04	-2.272062e-11	2.126645e-07
2.851788230395175e-04	5.000000e+00	7.980545e-06	-5.053018e-04	-1.007872e-05	1.590000e-04	-2.271037e-11	5.951019e-08
2.861164484926881e-04	5.000000e+00	8.013448e-06	-5.053238e-04	-9.973584e-06	1.590000e-04	-2.271304e-11	-4.564054e-08
2.863807935651145e-04	5.000000e+00	8.022440e-06	-5.053298e-04	-9.946849e-06	1.590000e-04	-2.271415e-11	-7.233888e-08
2.869094837099674e-04	5.000000e+00	8.040958e-06	-5.053423e-04	-1.001802e-05	1.590000e-04	-2.271247e-11	7.989998e-10
2.925489262817203e-04	5.000000e+00	8.247346e-06	-5.054692e-04	-1.002124e-05	1.597229e-04	-2.271134e-11	7.617650e-10
2.954217628183855e-04	5.000000e+00	8.352057e-06	-5.055307e-04	-1.002285e-05	1.595739e-04	-2.271175e-11	7.414356e-10
2.984564060335937e-04	5.000000e+00	8.462021e-06	-5.055931e-04	-1.002442e-05	1.594748e-04	-2.271203e-11	7.189961e-10
3.034962829988520e-04	5.000000e+00	8.642743e-06	-5.056910e-04	-1.002667e-05	1.593917e-04	-2.271253e-11	6.796808e-10
3.114230299283440e-04	5.000000e+00	8.919513e-06	-5.058296e-04	-1.002944e-05	1.592760e-04	-2.271377e-11	6.135604e-10
3.272765237873280e-04	5.000000e+00	9.428050e-06	-5.060501e-04	-1.003269e-05	1.590975e-04	-2.271762e-11	4.732899e-10
3.447059207879055e-04	5.000000e+00	9.887498e-06	-5.062082e-04	-1.003426e-05	1.590214e-04	-2.272418e-11	3.255589e-10
3.619252519820875e-04	5.000000e+00	1.022035e-05	-5.062922e-04	-1.003495e-05	1.590127e-04	-2.273184e-11	2.053609e-10
3.724861387485272e-04	5.000000e+00	1.036293e-05	-5.063151e-04	-1.003518e-05	1.590169e-04	-2.273674e-11	1.493956e-10
3.746115674470628e-04	5.000000e+00	1.038374e-05	-5.063167e-04	-1.003521e-05	1.480303e-04	-2.273836e-11	1.405271e-10
3.788624248441340e-04	5.000000e+00	1.042149e-05	-5.063199e-04	-1.003527e-05	1.590162e-04	-2.273988e-11	1.237262e-10
3.873641396382765e-04	5.000000e+00	1.048163e-05	-5.063210e-04	-1.003536e-05	1.590123e-04	-2.274228e-11	9.495475e-11
4.043675692265614e-04	5.000000e+00	1.055351e-05	-5.063081e-04	-1.003546e-05	1.590093e-04	-2.274579e-11	5.350922e-11
4.319941267379541e-04	5.000000e+00	1.058345e-05	-5.062630e-04	-1.003554e-05	1.590136e-04	-2.274902e-11	1.698198e-11
4.557391215104323e-04	5.000000e+00	1.055858e-05	-5.062130e-04	-1.003556e-05	1.590138e-04	-2.275017e-11	4.405474e-12
4.650273197928165e-04	5.000000e+00	1.053984e-05	-5.061915e-04	-1.003556e-05	1.590139e-04	-2.275017e-11	3.177412e-12
4.774115841693288e-04	5.000000e+00	1.051454e-05	-5.061640e-04	-1.003555e-05	1.590139e-04	-2.275022e-11	2.036404e-12
5.021801129223534e-04	5.000000e+00	1.046549e-05	-5.061160e-04	-1.003554e-05	1.590139e-04	-2.275010e-11	6.928675e-13
5.279952988572063e-04	5.000000e+00	1.041856e-05	-5.060827e-04	-1.003553e-05	1.590139e-04	-2.274989e-11	5.482306e-14
5.545637342618596e-04	5.000000e+00	1.037537e-05	-5.060408e-04	-1.003551e-05	1.590139e-04	-2.274969e-11	-2.196619e-13
5.817668013865207e-04	5.000000e+00	1.033642e-05	-5.060007e-04	-1.003549e-05	1.590139e-04	-2.274949e-11	-3.441301e-13
6.114467036012151e-04	5.000000e+00	1.029956e-05	-5.059633e-04	-1.003548e-05	1.590138e-04	-2.274930e-11	-4.289557e-13
6.391802135906761e-04	5.000000e+00	1.026978e-05	-5.059335e-04	-1.003546e-05	1.590138e-04	-2.274915e-11	-5.007305e-13
6.683997795803600e-04	5.000000e+00	1.024259e-05	-5.059064e-04	-1.003544e-05	1.590138e-04	-2.274902e-11	-5.811832e-13
6.966060022205066e-04	5.000000e+00	1.021981e-05	-5.058837e-04	-1.003542e-05	1.590138e-04	-2.274891e-11	-6.637411e-13
7.264116081635244e-04	5.000000e+00	1.019884e-05	-5.058628e-04	-1.003540e-05	1.590138e-04	-2.274881e-11	-7.543297e-13
7.563527432585818e-04	5.000000e+00	1.018048e-05	-5.058445e-04	-1.003539e-05	1.590137e-04	-2.274873e-11	-8.468829e-13
7.883270057660204e-04	5.000000e+00	1.016337e-05	-5.058274e-04	-1.003537e-05	1.590137e-04	-2.274865e-11	-9.463211e-13
8.214799286154822e-04	5.000000e+00	1.014790e-05	-5.058119e-04	-1.003534e-05	1.590137e-04	-2.274859e-11	-1.049449e-12
8.574186971405309e-04	5.000000e+00	1.013329e-05	-5.057973e-04	-1.003532e-05	1.590137e-04	-2.274854e-11	-1.161132e-12
8.958816155302506e-04	5.000000e+00	1.011970e-05	-5.057838e-04	-1.003530e-05	1.590137e-04	-2.274849e-11	-1.280495e-12
9.386111823954323e-04	5.000000e+00	1.010664e-05	-5.057708e-04	-1.003527e-05	1.590136e-04	-2.274844e-11	-1.413160e-12
9.860975250214287e-04	5.000000e+00	1.009416e-05	-5.057583e-04	-1.003524e-05	1.590136e-04	-2.274840e-11	-1.560138e-12
1.040733887611305e-03	5.000000e+00	1.008190e-05	-5.057461e-04	-1.003521e-05	1.590136e-04	-2.274836e-11	-1.729197e-12
1.104264436270880e-03	5.000000e+00	1.006988e-05	-5.057341e-04	-1.003517e-05	1.590135e-04	-2.274833e-11	-1.925636e-12
1.180747230325411e-03	5.000000e+00	1.005785e-05	-5.057221e-04	-1.003512e-05	1.590135e-04	-2.274830e-11	-2.161765e-12
1.274528014367586e-03	5.000000e+00	1.004582e-05	-5.057101e-04	-1.003506e-05	1.590134e-04	-2.274827e-11	-2.451003e-12
1.372184264367586e-03	5.000000e+00	1.003565e-05	-5.057001e-04	-1.003500e-05	1.590133e-04	-2.274825e-11	-2.750726e-12
1.469840514367586e-03	5.000000e+00	1.002727e-05	-5.056917e-04	-1.003494e-05	1.590133e-04	-2.274824e-11	-3.050019e-12
1.567496764367586e-03	5.000000e+00	1.002024e-05	-5.056848e-04	-1.003488e-05	1.590132e-04	-2.274823e-11	-3.349819e-12
1.665153014367586e-03	5.000000e+00	1.001426e-05	-5.056789e-04	-1.003482e-05	1.590132e-04	-2.274822e-11	-3.649916e-12
1.762809264367587e-03	5.000000e+00	1.000910e-05	-5.056738e-04	-1.003476e-05	1.590131e-04	-2.274821e-11	-3.951011e-12
1.860465514367587e-03	5.000000e+00	1.000462e-05	-5.056694e-04	-1.003469e-05	1.590130e-04	-2.274820e-11	-4.255622e-12
1.958121764367587e-03	5.000000e+00	1.000070e-05	-5.056655e-04	-1.003463e-05	1.590130e-04	-2.274820e-11	-4.572843e-12
2.055778014367587e-03	5.000000e+00	9.997316e-06	-5.056621e-04	-1.003457e-05	1.590129e-04	-2.274819e-11	-4.933770e-12
2.153434264367587e-03	5.000000e+00	9.994629e-06	-5.056590e-04	-1.003451e-05	1.590128e-04	-2.274818e-11	-5.446161e-12
2.251090514367587e-03	5.000000e+00	9.993384e-06	-5.056563e-04	-1.003445e-05	1.590128e-04	-2.274817e-11	-6.482436e-12
2.348746764367587e-03	5.000000e+00	9.996289e-06	-5.056539e-04	-1.003440e-05	1.590127e-04	-2.274811e-11	-9.328305e-12
2.446403014367587e-03	5.000000e+00	1.001267e-05	-5.056516e-04	-1.003436e-05	1.590126e-04	-2.274792e-11	-1.838304e-11
2.544059264367587e-03	5.000000e+00	1.007451e-05	-5.056495e-04	-1.003438e-05	1.590126e-04	-2.274729e-11	-4.827726e-11
2.641715514367587e-03	5.000000e+00	1.027429e-05	-5.056477e-04	-1.003458e-05	1.590125e-04	-2.274541e-11	-1.415938e-10
2.739371764367587e-03	5.000000e+00	1.077324e-05	-5.056460e-04	-1.003514e-05	1.590125e-04	-2.274152e-11	-3.665262e-10
2.837028014367588e-03	5.000000e+00	1.147005e-05	-5.056444e-04	-1.003583e-05	1.590125e-04	-2.274001e-11	-6.330472e-10
2.934684264367588e-03	5.000000e+00	1.226949e-05	-5.056430e-04	-1.003607e-05	1.590125e-04	-2.273944e-11	-7.272162e-10
3.018521451338923e-03	5.000000e+00	1.401596e-05	-5.056417e-04	-1.003592e-05	1.590125e-04	-2.272147e-11	-6.737959e-10
3.093267385592371e-03	5.000000e+00	1.865831e-05	-5.056406e-04	-1.003554e-05	1.590125e-04	-2.266657e-11	-5.359413e-10
3.158051634037078e-03	5.000000e+00	2.899808e-05	-5.056396e-04	-1.003500e-05	1.590124e-04	-2.254323e-11	-3.374048e-10
3.229271277349566e-03	5.000000e+00	5.705651e-05	-5.056380e-04	-1.003439e-05	1.590124e-04	-2.223128e-11	-1.206946e-10
3.275062898084209e-03	5.000000e+00	9.460190e-05	-5.056364e-04	-1.003419e-05	1.590124e-04	-2.176129e-11	-5.626425e-11
3.322353931188128e-03	5.000000e+00	1.646805e-04	-5.056341e-04	-1.003410e-05	1.590124e-04	-2.092904e-11	-3.411274e-11
3.378857062262135e-03	5.000000e+00	3.271341e-04	-5.056294e-04	-1.003402e-05	1.590123e-04	-1.911332e-11	-1.925042e-11
3.446521545643645e-03	5.000000e+00	7.567034e-04	-5.056184e-04	-1.003394e-05	1.590123e-04	-1.450425e-11	-4.498139e-12
3.544177795643645e-03	5.000000e+00	2.564860e-03	-5.055782e-04	-1.003381e-05	1.590122e-04	2.962778e-12	1.854420e-11
3.627138764982403e-03	5.000000e+00	7.223224e-03	-5.054704e-04	-1.003361e-05	1.590122e-04	5.071206e-11	6.799276e-11
3.687576209804273e-03	5.000000e+00	1.527539e-02	-5.052635e-04	-1.003328e-05	1.590121e-04	1.430163e-10	1.625411e-10
3.740132579411741e-03	5.000000e+00	2.910866e-02	-5.049105e-04	-1.003276e-05	1.590121e-04	3.010045e-10	3.234446e-10
3.788317831949684e-03	5.000000e+00	5.215490e-02	-5.043367e-04	-1.003193e-05	1.590120e-04	5.585701e-10	5.844824e-10
3.829733471046553e-03	5.000000e+00	8.535670e-02	-5.035150e-04	-1.003076e-05	1.590120e-04	9.286745e-10	9.583140e-10
3.872024785409925e-03	5.000000e+00	1.395781e-01	-5.022457e-04	-1.002896e-05	1.590119e-04	1.502540e-09	1.536637e-09
3.914910735836712e-03	5.000000e+00	2.263039e-01	-5.003288e-04	-1.002625e-05	1.590118e-04	2.373023e-09	2.412276e-09
3.960053385382485e-03	5.000000e+00	3.681898e-01	-4.974274e-04	-1.002214e-05	1.590116e-04	3.696875e-09	3.741969e-09
3.997790378726933e-03	5.000000e+00	5.412844e-01	-4.940983e-04	-1.001740e-05	1.590114e-04	5.224376e-09	5.274332e-09
4.040543942340686e-03	5.000000e+00	8.142408e-01	-4.895556e-04	-1.001087e-05	1.590111e-04	7.321963e-09	7.376608e-09
4.055944540883173e-03	5.000000e+00	9.357613e-01	-4.875211e-04	-1.000792e-05	1.590110e-04	8.270287e-09	8.326351e-09
4.072956667176646e-03	5.000000e+00	1.085358e+00	-4.854002e-04	-1.000482e-05	1.590108e-04	9.262118e-09	1.186528e-08
4.084649837106052e-03	5.000000e+00	1.197863e+00	-4.839532e-04	-1.000267e-05	1.590107e-04	9.940145e-09	1.684336e-08
4.097384524481955e-03	5.000000e+00	1.329242e+00	-4.824250e-04	-1.000035e-05	1.590106e-04	1.065910e-08	2.379629e-08
4.110515641616153e-03	5.000000e+00	1.474491e+00	-4.808115e-04	-9.997900e-06	1.590104e-04	1.142127e-08	3.233722e-08
4.129721315654893e-03	5.000000e+00	1.705029e+00	-4.784435e-04	-9.994291e-06	1.590102e-04	1.254559e-08	4.711450e-08
4.156188749555333e-03	5.000000e+00	2.057934e+00	-4.752221e-04	-9.989321e-06	1.590098e-04	1.408762e-08	7.162832e-08
4.201581670263505e-03	5.000000e+00	2.755217e+00	-4.699900e-04	-9.981045e-06	1.590091e-04	1.662733e-08	1.239031e-07
4.252128152868883e-03	5.000000e+00	3.656713e+00	-4.649598e-04	-9.972712e-06	1.590081e-04	1.912663e-08	1.952725e-07
4.299280690822426e-03	5.000000e+00	4.598443e+00	-4.612473e-04	-9.966233e-06	1.590072e-04	2.099442e-08	2.721587e-07
4.314244196796304e-03	5.000000e+00	4.914391e+00	-4.602622e-04	-9.964774e-06	1.590068e-04	2.138185e-08	2.981104e-07
4.318734437605401e-03	5.000000e+00	5.010618e+00	-4.689314e-04	-9.964343e-06	1.590068e-04	2.149543e-08	3.060533e-07
4.320671613869425e-03	5.000000e+00	5.052324e+00	-4.778548e-04	-9.964136e-06	1.590067e-04	2.155147e-08	3.095122e-07
4.321404630986526e-03	5.000000e+00	5.068135e+00	-4.820644e-04	-9.964056e-06	1.590067e-04	2.157334e-08	3.108259e-07
4.321742540385435e-03	5.000000e+00	5.075429e+00	-4.828965e-04	-9.964011e-06	1.590067e-04	2.158597e-08	3.114350e-07
4.322466370816044e-03	5.000000e+00	5.091068e+00	-4.830914e-04	-9.963927e-06	1.590067e-04	2.160878e-08	3.127374e-07
4.324709703075197e-03	5.000000e+00	5.139636e+00	-4.833969e-04	-9.963679e-06	1.590066e-04	2.167659e-08	3.167839e-07
4.327700812754068e-03	5.000000e+00	5.204628e+00	-4.836490e-04	-9.963350e-06	1.590066e-04	2.176575e-08	3.222045e-07
4.333683032111811e-03	5.000000e+00	5.335394e+00	-4.839536e-04	-9.962705e-06	1.590064e-04	2.193967e-08	3.331294e-07
4.345647470827296e-03	5.000000e+00	5.599918e+00	-4.842463e-04	-9.961465e-06	1.590061e-04	2.226995e-08	3.552969e-07
4.369576348258266e-03	5.000000e+00	6.139827e+00	-4.846219e-04	-9.959182e-06	1.590056e-04	2.286138e-08	4.007910e-07
4.403702004389605e-03	5.000000e+00	6.930716e+00	-4.865463e-04	-9.956415e-06	1.590048e-04	2.353397e-08	4.679104e-07
4.438349324855787e-03	5.000000e+00	7.752534e+00	-4.892293e-04	-9.954253e-06	1.590039e-04	2.399403e-08	5.380811e-07
4.472308663738786e-03	5.000000e+00	8.570042e+00	-4.923602e-04	-9.952702e-06	1.590031e-04	2.425109e-08	6.081805e-07
4.527502699970993e-03	5.000000e+00	9.909086e+00	-4.983470e-04	-9.951023e-06	1.590017e-04	2.438379e-08	7.223155e-07
4.580499623102897e-03	5.000000e+00	1.118865e+01	-5.052715e-04	-9.950654e-06	1.590005e-04	2.409772e-08	8.304492e-07
4.662711749633782e-03	5.000000e+00	1.311935e+01	-5.179690e-04	-9.951796e-06	1.589985e-04	2.310010e-08	9.922386e-07
4.751084588545603e-03	5.000000e+00	1.506202e+01	-5.333845e-04	-9.955559e-06	1.589965e-04	2.122701e-08	1.152934e-06
4.823254773567056e-03	5.000000e+00	1.650282e+01	-5.392961e-04	-9.960626e-06	1.589951e-04	1.908336e-08	1.270378e-06
4.883640274840206e-03	5.000000e+00	1.758402e+01	-5.369898e-04	-9.965877e-06	1.589939e-04	1.699682e-08	1.357413e-06
4.938860894816701e-03	5.000000e+00	1.846108e+01	-5.311081e-04	-9.971215e-06	1.589931e-04	1.494966e-08	1.427222e-06
5.004332827179605e-03	5.000000e+00	1.935521e+01	-5.228558e-04	-9.977806e-06	1.589921e-04	1.248456e-08	1.497561e-06
5.071526049131415e-03	5.000000e+00	2.011364e+01	-5.159635e-04	-9.984215e-06	1.589914e-04	1.012472e-08	1.556612e-06
5.137244996242031e-03	5.000000e+00	2.072518e+01	-5.115969e-04	-9.989076e-06	1.589908e-04	8.303183e-09	1.604066e-06
5.197968688850907e-03	5.000000e+00	2.120204e+01	-5.088475e-04	-9.992078e-06	1.589903e-04	7.169453e-09	1.641669e-06
5.256206696413830e-03	5.000000e+00	2.160479e+01	-5.069492e-04	-9.993756e-06	1.589899e-04	6.489864e-09	1.673837e-06
5.319280933529064e-03	5.000000e+00	2.200136e+01	-5.055205e-04	-9.994848e-06	1.589895e-04	6.000614e-09	1.705737e-06
5.385684606184928e-03	5.000000e+00	2.238992e+01	-5.045034e-04	-9.995458e-06	1.589891e-04	5.671255e-09	1.737198e-06
5.461771896939111e-03	5.000000e+00	2.281195e+01	-5.037633e-04	-9.995766e-06	1.589886e-04	5.429155e-09	1.771485e-06
5.538721250142844e-03	5.000000e+00	2.322280e+01	-5.033106e-04	-9.995796e-06	1.589882e-04	5.281718e-09	1.804976e-06
5.603095845608078e-03	5.000000e+00	2.355844e+01	-5.030838e-04	-9.995688e-06	1.587857e-04	2.097649e-07	1.832487e-06
5.624119832854185e-03	5.000000e+00	2.361746e+01	-5.060775e-04	-1.000389e-05	1.587088e-04	2.816414e-07	1.832287e-06
5.652003885058799e-03	5.000000e+00	2.365200e+01	-5.070608e-04	-1.000901e-05	1.586597e-04	3.285277e-07	1.831500e-06
5.665265156234040e-03	5.000000e+00	2.366409e+01	-5.059235e-04	-1.000769e-05	1.586420e-04	3.469234e-07	1.833036e-06
5.684859904450217e-03	5.000000e+00	2.367918e+01	-5.053917e-04	-1.000799e-05	1.586192e-04	3.697563e-07	1.833956e-06
5.718452190883274e-03	5.000000e+00	2.370010e+01	-5.047005e-04	-1.000836e-05	1.585859e-04	4.024284e-07	1.835074e-06
5.755157728429524e-03	5.000000e+00	2.371842e+01	-5.041464e-04	-1.000857e-05	1.585566e-04	4.321973e-07	1.836068e-06
5.791652268206403e-03	5.000000e+00	2.373346e+01	-5.037612e-04	-1.000870e-05	1.585312e-04	4.572740e-07	1.836875e-06
5.829047441553125e-03	5.000000e+00	2.374657e+01	-5.034801e-04	-1.000878e-05	1.585086e-04	4.796777e-07	1.837568e-06
5.868411228358252e-03	5.000000e+00	2.375850e+01	-5.032693e-04	-1.000884e-05	1.584877e-04	5.004561e-07	1.838182e-06
5.911329279425249e-03	5.000000e+00	2.376979e+01	-5.031039e-04	-1.000889e-05	1.584676e-04	5.204964e-07	1.838752e-06
5.965895938839824e-03	5.000000e+00	2.378216e+01	-5.029580e-04	-1.000893e-05	1.584452e-04	5.428360e-07	1.839361e-06
6.017909132455541e-03	5.000000e+00	2.379231e+01	-5.028642e-04	-1.000895e-05	1.584264e-04	5.614705e-07	1.839853e-06
6.071345911157718e-03	5.000000e+00	2.380142e+01	-5.028000e-04	-1.000896e-05	1.584094e-04	5.784417e-07	1.840287e-06
6.123311822989370e-03	5.000000e+00	2.380925e+01	-5.027585e-04	-1.000896e-05	1.583945e-04	5.931860e-07	1.840654e-06
6.177704770185510e-03	5.000000e+00	2.381654e+01	-5.027296e-04	-1.000895e-05	1.583806e-04	6.070604e-07	1.840991e-06
6.233838786500982e-03	5.000000e+00	2.382325e+01	-5.027096e-04	-1.000894e-05	1.583676e-04	6.199581e-07	1.841297e-06
6.294825843671578e-03	5.000000e+00	2.382975e+01	-5.026952e-04	-1.000892e-05	1.583549e-04	6.325811e-07	1.841591e-06
6.360425307140548e-03	5.000000e+00	2.383599e+01	-5.026849e-04	-1.000890e-05	1.583427e-04	6.447835e-07	1.841869e-06
6.433392965934022e-03	5.000000e+00	2.384216e+01	-5.026774e-04	-1.000887e-05	1.583305e-04	6.569391e-07	1.842142e-06
6.514084635579911e-03	5.000000e+00	2.384818e+01	-5.026720e-04	-1.000884e-05	1.583184e-04	6.689166e-07	1.842406e-06
6.605669172265862e-03	5.000000e+00	2.385419e+01	-5.026680e-04	-1.000880e-05	1.583063e-04	6.809549e-07	1.842667e-06
6.703325422265862e-03	5.000000e+00	2.385980e+01	-5.026651e-04	-1.000875e-05	1.582949e-04	6.922763e-07	1.842909e-06
6.800981672265861e-03	5.000000e+00	2.386474e+01	-5.026631e-04	-1.000870e-05	1.582848e-04	7.022995e-07	1.843120e-06
6.898637922265861e-03	5.000000e+00	2.386912e+01	-5.026617e-04	-1.000865e-05	1.582758e-04	7.112374e-07	1.843307e-06
6.996294172265861e-03	5.000000e+00	2.387303e+01	-5.026606e-04	-1.000860e-05	1.582677e-04	7.192578e-07	1.843472e-06
7.191606672265860e-03	5.000000e+00	2.387971e+01	-5.026591e-04	-1.000850e-05	1.582538e-04	7.330598e-07	1.843753e-06
7.386919172265859e-03	5.000000e+00	2.388521e+01	-5.026581e-04	-1.000839e-05	1.582422e-04	7.445132e-07	1.843983e-06
7.582231672265858e-03	5.000000e+00	2.388982e+01	-5.026574e-04	-1.000828e-05	1.582324e-04	7.541710e-07	1.844175e-06
7.777544172265858e-03	5.000000e+00	2.389375e+01	-5.026569e-04	-1.000817e-05	1.582241e-04	7.624253e-07	1.844338e-06
7.972856672265858e-03	5.000000e+00	2.389712e+01	-5.026566e-04	-9.989506e-06	1.582168e-04	7.695560e-07	1.844477e-06
8.168169172265857e-03	5.000000e+00	2.390005e+01	-5.026563e-04	-9.941376e-06	1.582105e-04	7.757626e-07	1.844597e-06
8.461137922265856e-03	5.000000e+00	2.390376e+01	-5.026560e-04	-9.837457e-06	1.582024e-04	7.836750e-07	1.844750e-06
8.754106672265855e-03	5.000000e+00	2.390685e+01	-5.026558e-04	-9.714909e-06	1.581956e-04	7.902643e-07	1.844876e-06
9.047075422265854e-03	5.000000e+00	2.390944e+01	-5.026557e-04	-9.586189e-06	1.581899e-04	7.958294e-07	1.844982e-06
9.284240600837282e-03	5.000000e+00	2.391120e+01	-5.026556e-04	-9.480936e-06	1.581860e-04	7.996073e-07	1.845053e-06
9.521405779408710e-03	5.000000e+00	2.391282e+01	-5.026555e-04	-9.379467e-06	1.581824e-04	8.030868e-07	1.845119e-06
9.758570957980137e-03	5.000000e+00	2.391429e+01	-5.026554e-04	-9.281779e-06	1.581791e-04	8.062680e-07	1.845179e-06
9.995736136551565e-03	5.000000e+00	2.391563e+01	-5.026554e-04	-9.187875e-06	1.581761e-04	8.091510e-07	1.845233e-06
1.023290131512299e-02	5.000000e+00	2.391682e+01	-5.026553e-04	-9.097753e-06	1.581734e-04	8.117356e-07	1.845282e-06
1.047006649369442e-02	5.000000e+00	2.391788e+01	-5.026553e-04	-9.011414e-06	1.581710e-04	8.140219e-07	1.845324e-06
1.070723167226585e-02	5.000000e+00	2.391879e+01	-5.026553e-04	-8.928857e-06	1.581688e-04	8.160099e-07	1.845361e-06
1.122341470798013e-02	5.000000e+00	2.392052e+01	-5.026553e-04	-8.768519e-06	1.581648e-04	8.189051e-07	1.845431e-06
1.173959774369442e-02	5.000000e+00	2.392208e+01	-5.026552e-04	-8.620546e-06	1.581612e-04	8.220781e-07	1.845493e-06
1.225578077940870e-02	5.000000e+00	2.392347e+01	-5.026552e-04	-8.484936e-06	1.581579e-04	8.255290e-07	1.845549e-06
1.277196381512298e-02	5.000000e+00	2.392469e+01	-5.026552e-04	-8.361691e-06	1.581550e-04	8.292578e-07	1.845597e-06
1.328814685083727e-02	5.000000e+00	2.392573e+01	-5.026552e-04	-8.250810e-06	1.581525e-04	8.332645e-07	1.845639e-06
1.380432988655155e-02	5.000000e+00	2.392661e+01	-5.026552e-04	-8.152293e-06	1.581503e-04	8.375491e-07	1.845673e-06
1.432051292226584e-02	5.000000e+00	2.392731e+01	-5.026552e-04	-8.066140e-06	1.581485e-04	8.421115e-07	1.845701e-06
1.513186836194214e-02	5.000000e+00	2.392833e+01	-5.026552e-04	-7.943934e-06	1.581459e-04	8.529422e-07	1.845741e-06
1.594322380161846e-02	5.000000e+00	2.392925e+01	-5.026552e-04	-7.831795e-06	1.581435e-04	8.636587e-07	1.845777e-06
1.675457924129476e-02	5.000000e+00	2.393008e+01	-5.026552e-04	-7.729724e-06	1.581413e-04	8.742611e-07	1.845809e-06
1.756593468097107e-02	5.000000e+00	2.393082e+01	-5.026552e-04	-7.637722e-06	1.581394e-04	8.847492e-07	1.845837e-06
1.837729012064738e-02	5.000000e+00	2.393146e+01	-5.026552e-04	-7.555787e-06	1.581376e-04	8.951232e-07	1.845862e-06
1.918864556032369e-02	5.000000e+00	2.393200e+01	-5.026552e-04	-7.483921e-06	1.581361e-04	9.053830e-07	1.845882e-06
2.000000100000000e-02	5.000000e+00	2.393245e+01	-5.026552e-04	-7.422122e-06	1.581347e-04	9.155287e-07	1.845899e-06
2.000000200000000e-02	0.000000e+00	2.393245e+01	-5.042719e-04	-7.422122e-06	1.581347e-04	9.155287e-07	1.845899e-06
2.000000204156788e-02	0.000000e+00	2.393245e+01	-5.043055e-04	-7.422122e-06	1.581347e-04	9.155287e-07	1.845899e-06
2.000000209699173e-02	0.000000e+00	2.393245e+01	-5.043151e-04	-7.422122e-06	1.581347e-04	9.155287e-07	1.845899e-06
2.000000240089856e-02	0.000000e+00	2.393245e+01	-5.042496e-04	-7.422122e-06	1.581347e-04	9.155287e-07	1.845899e-06
2.000000258275075e-02	0.000000e+00	2.393245e+01	-5.042255e-04	-7.422122e-06	1.581347e-04	9.155287e-07	1.845899e-06
2.000000294645512e-02	0.000000e+00	2.393245e+01	-5.042223e-04	-7.422122e-06	1.581347e-04	9.155287e-07	1.845899e-06
2.000000318211057e-02	0.000000e+00	2.393245e+01	-5.042748e-04	-7.422122e-06	1.581347e-04	9.155287e-07	1.845899e-06
2.000000340668206e-02	0.000000e+00	2.393245e+01	-5.044085e-04	-7.422122e-06	1.581347e-04	9.155287e-07	1.845899e-06
2.000000360491471e-02	0.000000e+00	2.393245e+01	-5.046576e-04	-7.422122e-06	1.581347e-04	9.155287e-07	1.845899e-06
2.000000379888393e-02	0.000000e+00	2.393245e+01	-5.051183e-04	-7.422122e-06	1.581347e-04	9.155287e-07	1.845899e-06
2.000000402808258e-02	0.000000e+00	2.393245e+01	-5.061120e-04	-7.422122e-06	1.581347e-04	9.155287e-07	1.845899e-06
2.000000423529346e-02	0.000000e+00	2.393245e+01	-5.075060e-04	-7.422122e-06	1.581347e-04	9.155287e-07	1.845899e-06
2.000000450217521e-02	0.000000e+00	2.393245e+01	-5.097836e-04	-7.422122e-06	1.581347e-04	9.155287e-07	1.845899e-06
2.000000477455573e-02	0.000000e+00	2.393245e+01	-5.122669e-04	-7.422122e-06	1.581347e-04	9.155287e-07	1.845899e-06
2.000000507162573e-02	0.000000e+00	2.393245e+01	-5.148588e-04	-7.422122e-06	1.581347e-04	9.155287e-07	1.845899e-06
2.000000547782932e-02	0.000000e+00	2.393245e+01	-5.179457e-04	-7.422122e-06	1.581347e-04	9.155287e-07	1.845899e-06
2.000000598050823e-02	0.000000e+00	2.393245e+01	-5.210093e-04	-7.422122e-06	1.581347e-04	9.155287e-07	1.845899e-06
2.000000653397643e-02	0.000000e+00	2.393245e+01	-5.235240e-04	-7.422122e-06	1.581347e-04	9.155287e-07	1.845899e-06
2.000000707221523e-02	0.000000e+00	2.393245e+01	-5.252311e-04	-7.422122e-06	1.581347e-04	9.155287e-07	1.845899e-06
2.000000778957470e-02	0.000000e+00	2.393245e+01	-5.265851e-04	-7.422122e-06	1.581347e-04	9.155287e-07	1.845899e-06
2.000000868778305e-02	0.000000e+00	2.393245e+01	-5.271236e-04	-7.422122e-06	1.581347e-04	9.155287e-07	1.845899e-06
2.000000987687027e-02	0.000000e+00	2.393245e+01	-5.263857e-04	-7.422122e-06	1.581347e-04	9.155288e-07	1.845899e-06
2.000001065142339e-02	0.000000e+00	2.393245e+01	-5.252189e-04	-7.422121e-06	1.581347e-04	9.155288e-07	1.845899e-06
2.000001145678336e-02	0.000000e+00	2.393245e+01	-5.235891e-04	-7.422121e-06	1.581347e-04	9.155288e-07	1.845899e-06
2.000001258576848e-02	0.000000e+00	2.393245e+01	-5.207917e-04	-7.422121e-06	1.581347e-04	9.155288e-07	1.845899e-06
2.000001369709180e-02	0.000000e+00	2.393245e+01	-5.175993e-04	-7.422121e-06	1.581347e-04	9.155288e-07	1.845899e-06
2.000001492334638e-02	0.000000e+00	2.393245e+01	-5.137131e-04	-7.422121e-06	1.581347e-04	9.155289e-07	1.845899e-06
2.000001607535456e-02	0.000000e+00	2.393245e+01	-5.098097e-04	-7.422121e-06	1.581347e-04	9.155289e-07	1.845899e-06
2.000001726829683e-02	0.000000e+00	2.393245e+01	-5.055878e-04	-7.422121e-06	1.581347e-04	9.155289e-07	1.845899e-06
2.000001841756307e-02	0.000000e+00	2.393245e+01	-5.013990e-04	-7.422121e-06	1.581347e-04	9.155289e-07	1.845899e-06
2.000001959592276e-02	0.000000e+00	2.393245e+01	-4.970168e-04	-7.422121e-06	1.581347e-04	9.155289e-07	1.845899e-06
2.000002073330761e-02	0.000000e+00	2.393245e+01	-4.927280e-04	-7.422121e-06	1.581347e-04	9.155289e-07	1.845899e-06
2.000002170877248e-02	0.000000e+00	2.393245e+01	-4.890171e-04	-7.422121e-06	1.581347e-04	9.155289e-07	1.845899e-06
2.000002276022154e-02	0.000000e+00	2.393245e+01	-4.849944e-04	-7.422120e-06	1.581347e-04	9.155289e-07	1.845899e-06
2.000002371645767e-02	0.000000e+00	2.393245e+01	-4.813217e-04	-7.422120e-06	1.581347e-04	9.155289e-07	1.845899e-06
2.000002515681719e-02	0.000000e+00	2.393245e+01	-4.757741e-04	-7.422120e-06	1.581347e-04	9.155290e-07	1.845899e-06
2.000002702688057e-02	0.000000e+00	2.393245e+01	-4.685578e-04	-7.422120e-06	1.581347e-04	9.155290e-07	1.845899e-06
2.000002984743549e-02	0.000000e+00	2.393245e+01	-4.576726e-04	-7.422120e-06	1.581347e-04	9.155290e-07	1.845899e-06
2.000003373100634e-02	0.000000e+00	2.393245e+01	-4.427301e-04	-7.422120e-06	1.581347e-04	9.155290e-07	1.845899e-06
2.000003985040303e-02	0.000000e+00	2.393245e+01	-4.194015e-04	-7.422119e-06	1.581347e-04	9.155291e-07	1.845899e-06
2.000004770600360e-02	0.000000e+00	2.393245e+01	-3.900667e-04	-7.422118e-06	1.581347e-04	9.155292e-07	1.845899e-06
2.000005790512905e-02	0.000000e+00	2.393245e+01	-3.534147e-04	-7.422118e-06	1.581347e-04	9.155293e-07	1.845899e-06
2.000007178275994e-02	0.000000e+00	2.393245e+01	-3.068273e-04	-7.422117e-06	1.581347e-04	9.155295e-07	1.845899e-06
2.000008895721863e-02	0.000000e+00	2.393245e+01	-2.552099e-04	-7.422115e-06	1.581347e-04	9.155297e-07	1.845899e-06
2.000010841278053e-02	0.000000e+00	2.393245e+01	-2.051698e-04	-7.422114e-06	1.581347e-04	9.155299e-07	1.845899e-06
2.000013785648217e-02	0.000000e+00	2.393245e+01	-1.450718e-04	-7.422112e-06	1.581347e-04	9.155303e-07	1.845899e-06
2.000017321350874e-02	0.000000e+00	2.393245e+01	-9.364293e-05	-7.422109e-06	1.581347e-04	9.155307e-07	1.845899e-06
2.000021148721343e-02	0.000000e+00	2.393245e+01	-5.724626e-05	-7.422106e-06	1.581347e-04	9.155311e-07	1.845899e-06
2.000025412777048e-02	0.000000e+00	2.393245e+01	-3.262571e-05	-7.422102e-06	1.581347e-04	9.155316e-07	1.845899e-06
2.000031165534895e-02	0.000000e+00	2.393245e+01	-1.483735e-05	-7.422098e-06	1.581347e-04	9.155323e-07	1.845899e-06
2.000038167375198e-02	0.000000e+00	2.393245e+01	-5.548211e-06	-7.422092e-06	1.581347e-04	9.155331e-07	1.845899e-06
2.000046762363993e-02	0.000000e+00	2.393245e+01	-2.036453e-06	-7.422086e-06	1.581347e-04	9.155341e-07	1.845899e-06
2.000057857273801e-02	0.000000e+00	2.393245e+01	-1.548384e-06	-7.422077e-06	1.581347e-04	9.155355e-07	1.845899e-06
2.000073176685128e-02	0.000000e+00	2.393245e+01	-2.138255e-06	-7.422066e-06	1.581347e-04	9.155372e-07	1.845899e-06
2.000097326353744e-02	0.000000e+00	2.393245e+01	-2.703731e-06	-7.422047e-06	1.581347e-04	9.155401e-07	1.845899e-06
2.000145625690976e-02	0.000000e+00	2.393245e+01	-2.887547e-06	-7.422010e-06	1.581347e-04	9.155457e-07	1.845899e-06
2.000206071983564e-02	0.000000e+00	2.393245e+01	-2.841321e-06	-7.421963e-06	1.581347e-04	9.155528e-07	1.845899e-06
2.000247688289503e-02	0.000000e+00	2.393245e+01	-2.819232e-06	-7.421931e-06	1.581347e-04	9.155577e-07	1.845899e-06
2.000305383694483e-02	0.000000e+00	2.393245e+01	-2.815103e-06	-7.421886e-06	1.581347e-04	9.155644e-07	1.845899e-06
2.000340005561920e-02	0.000000e+00	2.393245e+01	-2.816483e-06	-7.421860e-06	1.581347e-04	9.155685e-07	1.845899e-06
2.000377071197901e-02	0.000000e+00	2.393245e+01	-2.817422e-06	-7.421831e-06	1.581347e-04	9.155729e-07	1.845899e-06
2.000399159354792e-02	0.000000e+00	2.393245e+01	-2.817340e-06	-7.421814e-06	1.581347e-04	9.155755e-07	1.845899e-06
2.000419579142905e-02	0.000000e+00	2.393245e+01	-2.816503e-06	-7.421798e-06	1.581347e-04	9.155779e-07	1.845899e-06
2.000433829311932e-02	0.000000e+00	2.393245e+01	-2.814962e-06	-7.421787e-06	1.581347e-04	9.155795e-07	1.845899e-06
2.000446088445691e-02	0.000000e+00	2.393245e+01	-2.812490e-06	-7.421778e-06	1.581347e-04	9.155809e-07	1.845899e-06
2.000456924850698e-02	0.000000e+00	2.393245e+01	-2.808792e-06	-7.421769e-06	1.581347e-04	9.155821e-07	1.845899e-06
2.000466875999613e-02	0.000000e+00	2.393245e+01	-2.803361e-06	-7.421762e-06	1.581347e-04	9.155833e-07	1.845899e-06
2.000476244914393e-02	0.000000e+00	2.393245e+01	-2.795474e-06	-7.421755e-06	1.581347e-04	9.155843e-07	1.845899e-06
2.000486313851758e-02	0.000000e+00	2.393245e+01	-2.782424e-06	-7.421748e-06	1.581347e-04	9.155854e-07	1.845899e-06
2.000496721847201e-02	0.000000e+00	2.393245e+01	-2.761148e-06	-7.421740e-06	1.581347e-04	9.155866e-07	1.845899e-06
2.000508322719139e-02	0.000000e+00	2.393245e+01	-2.954941e-06	-7.421732e-06	1.581347e-04	9.155878e-07	1.845899e-06
2.000519804667215e-02	0.000000e+00	2.393245e+01	-3.245470e-06	-7.421724e-06	1.581347e-04	9.155890e-07	1.845899e-06
2.000531648978153e-02	0.000000e+00	2.393245e+01	-3.389116e-06	-7.421716e-06	1.581347e-04	9.155902e-07	1.845899e-06
2.000543398962722e-02	0.000000e+00	2.393245e+01	-3.718305e-06	-7.421709e-06	1.581347e-04	9.155914e-07	1.845899e-06
2.000544341483890e-02	0.000000e+00	2.393245e+01	-3.751418e-06	-7.421708e-06	1.581347e-04	9.155915e-07	1.845899e-06
2.000544441483890e-02	0.000000e+00	2.393245e+01	-4.440499e-05	-7.421708e-06	1.581347e-04	9.155915e-07	1.845899e-06
2.000544481525370e-02	0.000000e+00	2.393245e+01	-4.505290e-05	-7.421708e-06	1.581347e-04	9.155915e-07	1.845899e-06
2.000544703246698e-02	0.000000e+00	2.393245e+01	-4.497688e-05	-7.421708e-06	1.581347e-04	9.155915e-07	1.845899e-06
2.000544924968025e-02	0.000000e+00	2.393245e+01	-4.492335e-05	-7.421708e-06	1.581347e-04	9.155916e-07	1.845899e-06
2.000545146689353e-02	0.000000e+00	2.393245e+01	-4.489230e-05	-7.421708e-06	1.581347e-04	9.155916e-07	1.845899e-06
2.000545368410681e-02	0.000000e+00	2.393245e+01	-4.488374e-05	-7.421708e-06	1.581347e-04	9.155916e-07	1.845899e-06
2.000545590132008e-02	0.000000e+00	2.393245e+01	-4.489766e-05	-7.421708e-06	1.581347e-04	9.155916e-07	1.845899e-06
2.000545811853336e-02	0.000000e+00	2.393245e+01	-4.493407e-05	-7.421707e-06	1.581347e-04	9.155917e-07	1.845899e-06
2.000546033574664e-02	0.000000e+00	2.393245e+01	-4.499297e-05	-7.421707e-06	1.581347e-04	9.155917e-07	1.845899e-06
2.000547559362348e-02	0.000000e+00	2.393245e+01	-4.505225e-05	-7.421706e-06	1.581347e-04	9.155918e-07	1.845899e-06
2.000550610937717e-02	0.000000e+00	2.393245e+01	-4.518000e-05	-7.421704e-06	1.581347e-04	9.155921e-07	1.845899e-06
2.000556714088454e-02	0.000000e+00	2.393245e+01	-4.547307e-05	-7.421701e-06	1.581347e-04	9.155928e-07	1.845899e-06
2.000568920389927e-02	0.000000e+00	2.393245e+01	-4.619029e-05	-7.421693e-06	1.581347e-04	9.155939e-07	1.845899e-06
2.000583194042547e-02	0.000000e+00	2.393245e+01	-4.707160e-05	-7.421685e-06	1.581347e-04	9.155952e-07	1.845899e-06
2.000599244414517e-02	0.000000e+00	2.393245e+01	-4.770528e-05	-7.421676e-06	1.581347e-04	9.155966e-07	1.845899e-06
2.000618520067815e-02	0.000000e+00	2.393245e+01	-4.792213e-05	-7.421666e-06	1.581347e-04	9.155982e-07	1.845899e-06
2.000638803156047e-02	0.000000e+00	2.393245e+01	-4.796232e-05	-7.421656e-06	1.581347e-04	9.155998e-07	1.845899e-06
2.000671841145145e-02	0.000000e+00	2.393245e+01	-4.800101e-05	-7.421640e-06	1.581347e-04	9.156028e-07	1.845899e-06
2.000726825988739e-02	0.000000e+00	2.393245e+01	-4.806465e-05	-7.421607e-06	1.581347e-04	9.156080e-07	1.845899e-06
2.000836795675929e-02	0.000000e+00	2.393246e+01	-4.819020e-05	-7.421529e-06	1.581347e-04	9.156194e-07	1.845899e-06
2.000938167375198e-02	0.000000e+00	2.393246e+01	-4.830329e-05	-7.421452e-06	1.581347e-04	9.156306e-07	1.845899e-06
2.000941503823344e-02	0.000000e+00	2.393246e+01	-4.830746e-05	-7.421449e-06	1.581347e-04	9.156310e-07	1.845899e-06
2.000948176719635e-02	0.000000e+00	2.393246e+01	-4.831547e-05	-7.421444e-06	1.581347e-04	9.156317e-07	1.845899e-06
2.000953638577201e-02	0.000000e+00	2.393246e+01	-4.832298e-05	-7.421440e-06	1.581347e-04	9.156324e-07	1.845899e-06
2.000959751763521e-02	0.000000e+00	2.393246e+01	-4.833862e-05	-7.421435e-06	1.581347e-04	9.156331e-07	1.845899e-06
2.000964941263567e-02	0.000000e+00	2.393246e+01	-4.834165e-05	-7.421431e-06	1.581347e-04	9.156337e-07	1.845899e-06
2.001010344431505e-02	0.000000e+00	2.393246e+01	-4.838540e-05	-7.421396e-06	1.581347e-04	9.156389e-07	1.845899e-06
2.001055747599443e-02	0.000000e+00	2.393246e+01	-4.843034e-05	-7.421361e-06	1.581347e-04	9.156442e-07	1.845899e-06
2.001101150767380e-02	0.000000e+00	2.393246e+01	-4.847647e-05	-7.421326e-06	1.581347e-04	9.156495e-07	1.845899e-06
2.001146553935318e-02	0.000000e+00	2.393246e+01	-4.852378e-05	-7.421291e-06	1.581347e-04	9.156547e-07	1.845899e-06
2.001191957103256e-02	0.000000e+00	2.393246e+01	-4.857229e-05	-7.421256e-06	1.581347e-04	9.156600e-07	1.845899e-06
2.001237360271194e-02	0.000000e+00	2.393246e+01	-4.862199e-05	-7.421221e-06	1.581347e-04	9.156653e-07	1.845899e-06
2.001282763439131e-02	0.000000e+00	2.393246e+01	-4.867288e-05	-7.421186e-06	1.581347e-04	9.156706e-07	1.845899e-06
2.001595973617928e-02	0.000000e+00	2.393246e+01	-4.898797e-05	-7.420945e-06	1.581347e-04	9.157073e-07	1.845899e-06
2.002222393975521e-02	0.000000e+00	2.393246e+01	-4.956263e-05	-7.420462e-06	1.581347e-04	9.157807e-07	1.845899e-06
2.003475234690708e-02	0.000000e+00	2.393247e+01	-5.052337e-05	-7.419497e-06	1.581347e-04	9.159273e-07	1.845899e-06
2.005222087931097e-02	0.000000e+00	2.393248e+01	-5.154102e-05	-7.418153e-06	1.581346e-04	9.161315e-07	1.845900e-06
2.006152185113582e-02	0.000000e+00	2.393249e+01	-5.204360e-05	-7.417439e-06	1.581346e-04	9.162401e-07	1.845900e-06
2.007093499154776e-02	0.000000e+00	2.393249e+01	-5.236656e-05	-7.416717e-06	1.581346e-04	9.163501e-07	1.845900e-06
2.008030711393007e-02	0.000000e+00	2.393250e+01	-5.264415e-05	-7.415999e-06	1.581346e-04	9.164594e-07	1.845900e-06
2.009543398962722e-02	0.000000e+00	2.393250e+01	-5.300217e-05	-7.414841e-06	1.581346e-04	9.166358e-07	1.845901e-06
2.009730841410368e-02	0.000000e+00	2.393250e+01	-5.303718e-05	-7.414698e-06	1.581346e-04	9.166577e-07	1.845901e-06
2.010105726305661e-02	0.000000e+00	2.393251e+01	-5.308663e-05	-7.414411e-06	1.581346e-04	9.167014e-07	1.845901e-06
2.010855496096246e-02	0.000000e+00	2.393251e+01	-5.318355e-05	-7.413838e-06	1.581345e-04	9.167887e-07	1.845901e-06
2.011979971543734e-02	0.000000e+00	2.393252e+01	-5.332532e-05	-7.412980e-06	1.581345e-04	9.169197e-07	1.845901e-06
2.013253001270169e-02	0.000000e+00	2.393253e+01	-5.346336e-05	-7.412010e-06	1.581345e-04	9.170678e-07	1.845901e-06
2.015051910601345e-02	0.000000e+00	2.393254e+01	-5.361353e-05	-7.410642e-06	1.581345e-04	9.172770e-07	1.845902e-06
2.017526163590365e-02	0.000000e+00	2.393255e+01	-5.375286e-05	-7.408763e-06	1.581344e-04	9.175643e-07	1.845902e-06
2.022465226839466e-02	0.000000e+00	2.393258e+01	-5.389963e-05	-7.405029e-06	1.581344e-04	9.181364e-07	1.845903e-06
2.028289161141257e-02	0.000000e+00	2.393261e+01	-5.396147e-05	-7.400652e-06	1.581343e-04	9.188090e-07	1.845905e-06
2.036335969557379e-02	0.000000e+00	2.393265e+01	-5.397849e-05	-7.394649e-06	1.581341e-04	9.197344e-07	1.845906e-06
2.046101594557380e-02	0.000000e+00	2.393271e+01	-5.397411e-05	-7.387433e-06	1.581340e-04	9.208514e-07	1.845908e-06
2.055867219557380e-02	0.000000e+00	2.393276e+01	-5.396840e-05	-7.380294e-06	1.581338e-04	9.219619e-07	1.845910e-06
2.065632844557380e-02	0.000000e+00	2.393281e+01	-5.396599e-05	-7.373228e-06	1.581337e-04	9.230658e-07	1.845912e-06
2.075398469557380e-02	0.000000e+00	2.393286e+01	-5.396570e-05	-7.366235e-06	1.581335e-04	9.241631e-07	1.845914e-06
2.085164094557380e-02	0.000000e+00	2.393291e+01	-5.396618e-05	-7.359315e-06	1.581333e-04	9.252540e-07	1.845916e-06
2.094929719557380e-02	0.000000e+00	2.393296e+01	-5.396680e-05	-7.352464e-06	1.581332e-04	9.263382e-07	1.845918e-06
2.104695344557380e-02	0.000000e+00	2.393301e+01	-5.396737e-05	-7.345684e-06	1.581330e-04	9.274159e-07	1.845919e-06
2.114460969557381e-02	0.000000e+00	2.393306e+01	-5.396789e-05	-7.338971e-06	1.581329e-04	9.284872e-07	1.845921e-06
2.124048895078418e-02	0.000000e+00	2.393311e+01	-5.396838e-05	-7.332446e-06	1.581328e-04	9.295326e-07	1.845923e-06
2.133584985508246e-02	0.000000e+00	2.393316e+01	-5.396884e-05	-7.326020e-06	1.581326e-04	9.305662e-07	1.845925e-06
2.141953950287365e-02	0.000000e+00	2.393320e+01	-5.396924e-05	-7.320432e-06	1.581325e-04	9.314683e-07	1.845926e-06
2.142078950287366e-02	0.000000e+00	2.393315e+01	-5.402046e-05	6.116777e-04	1.581326e-04	8.473555e-07	-6.197766e-04
2.142082705864925e-02	0.000000e+00	2.393315e+01	-5.402919e-05	7.181732e-04	1.581326e-04	8.473446e-07	-7.379598e-04
2.142090217020043e-02	0.000000e+00	2.393314e+01	-5.405178e-05	9.765064e-04	1.581326e-04	8.473167e-07	-1.001373e-03
2.142105239330280e-02	0.000000e+00	2.393313e+01	-5.410430e-05	1.596808e-03	1.581327e-04	8.472451e-07	-1.625594e-03
2.142115699860631e-02	0.000000e+00	2.393312e+01	-5.413674e-05	1.973422e-03	1.581327e-04	8.471910e-07	-1.995374e-03
2.142125976941254e-02	0.000000e+00	2.393310e+01	-5.413937e-05	1.996358e-03	1.581327e-04	8.471589e-07	-1.994824e-03
2.142135148731803e-02	0.000000e+00	2.393309e+01	-5.413934e-05	2.004299e-03	1.581328e-04	8.471316e-07	-2.010173e-03
2.142163870557381e-02	0.000000e+00	2.393305e+01	-5.414138e-05	2.014545e-03	1.581329e-04	8.470429e-07	-2.020419e-03
2.142278757859692e-02	0.000000e+00	2.393289e+01	-5.414388e-05	2.007459e-03	1.581333e-04	8.466846e-07	-2.013093e-03
2.142397895297195e-02	0.000000e+00	2.393272e+01	-5.414540e-05	1.986161e-03	1.576597e-04	8.463038e-07	-1.991058e-03
2.142455762456899e-02	0.000000e+00	2.393264e+01	-5.414672e-05	1.980723e-03	1.540888e-04	8.461145e-07	-1.979222e-03
2.142455862456899e-02	0.000000e+00	2.393264e+01	-5.415048e-05	1.980710e-03	1.540322e-04	8.461112e-07	-1.977064e-03
2.142456524561012e-02	0.000000e+00	2.393263e+01	-5.413131e-05	1.980627e-03	1.536528e-04	8.461242e-07	-1.976923e-03
2.142456596192039e-02	0.000000e+00	2.393263e+01	-5.414661e-05	1.980618e-03	1.536112e-04	8.461118e-07	-1.976908e-03
2.142457618022040e-02	0.000000e+00	2.393263e+01	-5.414672e-05	1.980488e-03	1.531462e-04	8.461084e-07	-1.976692e-03
2.142458639852041e-02	0.000000e+00	2.393263e+01	-5.414681e-05	1.980355e-03	1.524516e-04	8.461049e-07	-1.976476e-03
2.142459661682042e-02	0.000000e+00	2.393263e+01	-5.414687e-05	1.980220e-03	1.515275e-04	8.461015e-07	-1.976260e-03
2.142460683512043e-02	0.000000e+00	2.393263e+01	-5.414691e-05	1.980082e-03	1.503739e-04	8.460982e-07	-1.976044e-03
2.142461705342044e-02	0.000000e+00	2.393263e+01	-5.414692e-05	1.979942e-03	1.489907e-04	8.460948e-07	-1.975828e-03
2.142462727172045e-02	0.000000e+00	2.393262e+01	-5.414691e-05	1.979799e-03	1.473779e-04	8.460915e-07	-1.975611e-03
2.142463749002046e-02	0.000000e+00	2.393262e+01	-5.414688e-05	1.979654e-03	1.455357e-04	8.460881e-07	-1.975395e-03
2.142467067983369e-02	0.000000e+00	2.393262e+01	-5.414693e-05	1.979169e-03	1.277762e-04	8.460772e-07	-1.974693e-03
2.142470633737440e-02	0.000000e+00	2.393261e+01	-5.414699e-05	1.978623e-03	8.414170e-05	8.460655e-07	-1.973938e-03
2.142474733651431e-02	0.000000e+00	2.393261e+01	-5.414705e-05	1.977966e-03	3.866502e-05	8.460519e-07	-1.973069e-03
2.142478198507590e-02	0.000000e+00	2.393260e+01	-5.414711e-05	1.977388e-03	2.176165e-05	8.460405e-07	-1.972334e-03
2.142482497778144e-02	0.000000e+00	2.393260e+01	-5.414717e-05	1.976646e-03	1.626151e-05	8.460262e-07	-1.971421e-03
2.142487386820347e-02	0.000000e+00	2.393259e+01	-5.414724e-05	1.975775e-03	-2.474928e-02	8.460101e-07	-1.970381e-03
2.142494772558219e-02	0.000000e+00	2.393258e+01	-5.414734e-05	1.974424e-03	9.450852e-06	8.459856e-07	-1.968808e-03
2.142505146506967e-02	0.000000e+00	2.393256e+01	-5.414748e-05	1.972427e-03	1.170199e-05	8.459512e-07	-1.966592e-03
2.142522508739367e-02	0.000000e+00	2.393254e+01	-5.414770e-05	1.968924e-03	1.156853e-05	8.458935e-07	-1.962873e-03
2.142557233204169e-02	0.000000e+00	2.393248e+01	-5.414811e-05	1.961632e-03	1.158981e-05	8.457774e-07	-1.955384e-03
2.142751607065368e-02	0.000000e+00	2.393218e+01	-5.415046e-05	1.919670e-03	1.145418e-05	8.451131e-07	-1.912747e-03
2.143235596024186e-02	0.000000e+00	2.393141e+01	-5.415719e-05	1.817544e-03	1.144757e-05	8.433955e-07	-1.811101e-03
2.143719584983004e-02	0.000000e+00	2.393053e+01	-5.416667e-05	1.720171e-03	1.144376e-05	8.414287e-07	-1.714117e-03
2.144203573941822e-02	0.000000e+00	2.392953e+01	-5.417892e-05	1.627552e-03	1.144275e-05	8.392125e-07	-1.621794e-03
2.144687562900639e-02	0.000000e+00	2.392841e+01	-5.419392e-05	1.539686e-03	1.144454e-05	8.367471e-07	-1.534134e-03
2.145171551859457e-02	0.000000e+00	2.392719e+01	-5.421168e-05	1.456575e-03	1.144912e-05	8.340324e-07	-1.451135e-03
2.145655540818275e-02	0.000000e+00	2.392584e+01	-5.423220e-05	1.378217e-03	1.145651e-05	8.310684e-07	-1.372798e-03
2.146139529777093e-02	0.000000e+00	2.392439e+01	-5.425548e-05	1.304612e-03	1.146670e-05	8.278550e-07	-1.299122e-03
2.148197791231246e-02	0.000000e+00	2.391504e+01	-5.444763e-05	1.028755e-03	1.149141e-05	8.073075e-07	-1.024088e-03
2.149769249018976e-02	0.000000e+00	2.390207e+01	-5.484654e-05	8.577899e-04	1.152192e-05	7.790525e-07	-8.537963e-04
2.150882856823727e-02	0.000000e+00	2.388589e+01	-5.557282e-05	7.547521e-04	1.155768e-05	7.441473e-07	-7.508983e-04
2.151674529010881e-02	0.000000e+00	2.386653e+01	-5.676801e-05	6.894406e-04	1.159863e-05	7.029745e-07	-6.855829e-04
2.152260940917718e-02	0.000000e+00	2.384326e+01	-5.867097e-05	6.448417e-04	1.164603e-05	6.543476e-07	-6.409838e-04
2.152701812301664e-02	0.000000e+00	2.381555e+01	-6.164366e-05	6.132920e-04	1.170031e-05	5.976302e-07	-6.094378e-04
2.153022208578414e-02	0.000000e+00	2.378436e+01	-6.606675e-05	5.914163e-04	1.176013e-05	5.355018e-07	-5.875705e-04
2.153222160263384e-02	0.000000e+00	2.375612e+01	-7.151611e-05	5.782463e-04	1.181045e-05	4.800951e-07	-5.744135e-04
2.153356932253105e-02	0.000000e+00	2.373006e+01	-7.825058e-05	5.696194e-04	1.185481e-05	4.295150e-07	-5.658043e-04
2.153453090456527e-02	0.000000e+00	2.370548e+01	-8.638493e-05	5.636272e-04	1.189488e-05	3.821094e-07	-5.598353e-04
2.153466011743859e-02	0.000000e+00	2.370157e+01	-8.893794e-05	5.628356e-04	1.190045e-05	3.736442e-07	-5.590515e-04
2.153491854318522e-02	0.000000e+00	2.369329e+01	-9.247948e-05	5.612648e-04	1.191316e-05	3.574813e-07	-5.574910e-04
2.153543539467849e-02	0.000000e+00	2.367397e+01	-1.019304e-04	5.581810e-04	1.194264e-05	3.196561e-07	-5.544358e-04
2.153587963690716e-02	0.000000e+00	2.365289e+01	-1.156333e-04	5.556183e-04	1.197348e-05	2.769385e-07	-5.519153e-04
2.153592921672012e-02	0.000000e+00	2.365016e+01	-1.194690e-04	5.553369e-04	1.197734e-05	2.698572e-07	-5.516459e-04
2.153602837634603e-02	0.000000e+00	2.364438e+01	-1.260473e-04	5.547825e-04	1.198542e-05	2.561663e-07	-5.511117e-04
2.153622669559785e-02	0.000000e+00	2.363125e+01	-1.399118e-04	5.537045e-04	1.200351e-05	2.263003e-07	-5.500769e-04
2.153626937809395e-02	0.000000e+00	2.362805e+01	-1.439094e-04	5.534785e-04	1.200770e-05	2.186092e-07	-5.498636e-04
2.153635474308617e-02	0.000000e+00	2.362119e+01	-1.555758e-04	5.530309e-04	1.201663e-05	1.997499e-07	-5.494522e-04
2.153635724308616e-02	0.000000e+00	2.362098e+01	-1.571276e-04	5.530162e-04	1.201690e-05	1.982229e-07	-5.494424e-04
2.153635974308616e-02	0.000000e+00	2.362077e+01	-1.569440e-04	5.530041e-04	1.201717e-05	1.980737e-07	-5.494298e-04
2.153637524308617e-02	0.000000e+00	2.361943e+01	-1.594173e-04	5.529241e-04	1.201887e-05	1.942556e-07	-5.493575e-04
2.153640149308617e-02	0.000000e+00	2.361710e+01	-1.636040e-04	5.527901e-04	1.202182e-05	1.877107e-07	-5.492365e-04
2.153643149308617e-02	0.000000e+00	2.361432e+01	-1.688175e-04	5.526386e-04	1.202532e-05	1.797562e-07	-5.491013e-04
2.153649149308617e-02	0.000000e+00	2.360833e+01	-1.810504e-04	5.523415e-04	1.203277e-05	1.619104e-07	-5.488425e-04
2.153661149308617e-02	0.000000e+00	2.359395e+01	-2.171868e-04	5.517786e-04	1.205000e-05	1.141171e-07	-5.483927e-04
2.153670943341474e-02	0.000000e+00	2.357774e+01	-2.834676e-04	5.513547e-04	1.206790e-05	4.073213e-08	-5.481757e-04
2.153676753351581e-02	0.000000e+00	2.356351e+01	-3.952265e-04	5.510887e-04	1.208173e-05	-6.553066e-08	-5.482578e-04
2.153682170927034e-02	0.000000e+00	2.354818e+01	-4.283792e-04	5.509868e-04	1.209714e-05	-1.100964e-07	-5.482609e-04
2.153686011680295e-02	0.000000e+00	2.353719e+01	-4.112532e-04	5.509778e-04	1.210890e-05	-1.090023e-07	-5.481992e-04
2.153689907071502e-02	0.000000e+00	2.352606e+01	-4.086383e-04	5.509466e-04	1.212107e-05	-1.190895e-07	-5.481597e-04
2.153697697853916e-02	0.000000e+00	2.350381e+01	-4.084926e-04	5.508758e-04	1.214525e-05	-1.419906e-07	-5.480887e-04
2.153713279418745e-02	0.000000e+00	2.345926e+01	-4.093393e-04	5.507325e-04	1.219097e-05	-1.837804e-07	-5.479487e-04
2.153744442548402e-02	0.000000e+00	2.336989e+01	-4.107271e-04	5.504470e-04	1.226851e-05	-2.470638e-07	-5.476686e-04
2.153806768807716e-02	0.000000e+00	2.318996e+01	-4.137945e-04	5.498767e-04	1.236239e-05	-2.899260e-07	-5.471103e-04
2.153931421326345e-02	0.000000e+00	2.282399e+01	-4.215314e-04	5.487340e-04	1.232030e-05	-2.968105e-07	-5.459985e-04
2.154180726363602e-02	0.000000e+00	2.205072e+01	-4.495271e-04	5.463823e-04	1.231164e-05	-3.212715e-07	-5.437526e-04
2.154483035983368e-02	0.000000e+00	2.093639e+01	-5.450468e-04	5.430753e-04	1.231606e-05	-4.005944e-07	-5.407784e-04
2.154534562126350e-02	0.000000e+00	2.070757e+01	-6.121306e-04	5.423407e-04	1.231697e-05	-4.550154e-07	-5.402662e-04
2.154554723483294e-02	0.000000e+00	2.061344e+01	-6.345672e-04	5.420488e-04	1.231729e-05	-4.732886e-07	-5.400493e-04
2.154559368466758e-02	0.000000e+00	2.059136e+01	-6.397839e-04	5.419817e-04	1.231736e-05	-4.769975e-07	-5.399974e-04
2.154564180009800e-02	0.000000e+00	2.056832e+01	-6.451386e-04	5.419125e-04	1.231744e-05	-4.804451e-07	-5.399425e-04
2.154566369856443e-02	0.000000e+00	2.055778e+01	-6.475549e-04	5.418809e-04	1.231747e-05	-4.820303e-07	-5.399174e-04
2.154569522288165e-02	0.000000e+00	2.054255e+01	-6.508752e-04	5.418353e-04	1.231752e-05	-4.843144e-07	-5.398812e-04
2.154573059414528e-02	0.000000e+00	2.052537e+01	-6.544301e-04	5.417838e-04	1.231758e-05	-4.868990e-07	-5.398404e-04
2.154577457508058e-02	0.000000e+00	2.050388e+01	-6.586974e-04	5.417194e-04	1.231765e-05	-4.901468e-07	-5.397894e-04
2.154583010618489e-02	0.000000e+00	2.047655e+01	-6.639783e-04	5.416376e-04	1.231773e-05	-4.943009e-07	-5.397247e-04
2.154588926071539e-02	0.000000e+00	2.044717e+01	-6.695853e-04	5.415496e-04	1.231783e-05	-4.987967e-07	-5.396554e-04
2.154596814724685e-02	0.000000e+00	2.040758e+01	-6.771216e-04	5.414312e-04	1.231796e-05	-5.048916e-07	-5.395621e-04
2.154606507098897e-02	0.000000e+00	2.035826e+01	-6.865528e-04	5.412839e-04	1.231812e-05	-5.125429e-07	-5.394464e-04
2.154621411494120e-02	0.000000e+00	2.028096e+01	-7.014442e-04	5.410534e-04	1.231837e-05	-5.246278e-07	-5.392657e-04
2.154645261732346e-02	0.000000e+00	2.015340e+01	-7.262485e-04	5.406741e-04	1.231878e-05	-5.447499e-07	-5.389695e-04
2.154692962208797e-02	0.000000e+00	1.988322e+01	-7.789633e-04	5.398766e-04	1.231965e-05	-5.875381e-07	-5.383487e-04
2.154788363161700e-02	0.000000e+00	1.927708e+01	-8.942168e-04	5.381203e-04	1.232161e-05	-6.812980e-07	-5.369812e-04
2.154808681990472e-02	0.000000e+00	1.913605e+01	-9.097713e-04	5.377351e-04	1.232207e-05	-6.941054e-07	-5.366502e-04
2.154849319648015e-02	0.000000e+00	1.884095e+01	-9.752971e-04	5.368809e-04	1.232302e-05	-7.476010e-07	-5.360178e-04
2.154859414820155e-02	0.000000e+00	1.876495e+01	-9.816155e-04	5.366796e-04	1.232327e-05	-7.528228e-07	-5.358391e-04
2.154861938613190e-02	0.000000e+00	1.874578e+01	-9.899577e-04	5.366177e-04	1.232333e-05	-7.596352e-07	-5.358051e-04
2.154866986199260e-02	0.000000e+00	1.870723e+01	-9.980530e-04	5.365078e-04	1.232345e-05	-7.662608e-07	-5.357228e-04
2.154877081371399e-02	0.000000e+00	1.862934e+01	-1.010951e-03	5.362917e-04	1.232370e-05	-7.768358e-07	-5.355510e-04
2.154897271715678e-02	0.000000e+00	1.847035e+01	-1.036747e-03	5.358530e-04	1.232422e-05	-7.980012e-07	-5.352012e-04
2.154937652404237e-02	0.000000e+00	1.813967e+01	-1.087716e-03	5.349513e-04	1.232529e-05	-8.398993e-07	-5.344764e-04
2.155001148582653e-02	0.000000e+00	1.758624e+01	-1.165353e-03	5.334723e-04	1.232707e-05	-9.039447e-07	-5.332702e-04
2.155073055614375e-02	0.000000e+00	1.691241e+01	-1.247491e-03	5.317178e-04	1.232925e-05	-9.720784e-07	-5.318115e-04
2.155147272683776e-02	0.000000e+00	1.616828e+01	-1.323947e-03	5.298313e-04	1.233165e-05	-1.035925e-06	-5.302104e-04
2.155213444793646e-02	0.000000e+00	1.546718e+01	-1.383808e-03	5.280945e-04	1.233392e-05	-1.086287e-06	-5.287083e-04
2.155248976419768e-02	0.000000e+00	1.507748e+01	-1.411498e-03	5.271449e-04	1.233518e-05	-1.109771e-06	-5.278736e-04
2.155280152606399e-02	0.000000e+00	1.472857e+01	-1.434851e-03	5.263003e-04	1.233631e-05	-1.129608e-06	-5.271289e-04
2.155312905424793e-02	0.000000e+00	1.435548e+01	-1.457959e-03	5.254026e-04	1.233751e-05	-1.149294e-06	-5.263340e-04
2.155353590119961e-02	0.000000e+00	1.388349e+01	-1.484224e-03	5.242742e-04	1.233904e-05	-1.171773e-06	-5.253291e-04
2.155390522627575e-02	0.000000e+00	1.344759e+01	-1.505165e-03	5.232386e-04	1.234044e-05	-1.189818e-06	-5.244005e-04
2.155433048654893e-02	0.000000e+00	1.293794e+01	-1.526325e-03	5.220327e-04	1.234209e-05	-1.208183e-06	-5.233137e-04
2.155474444784084e-02	0.000000e+00	1.243494e+01	-1.543514e-03	5.208458e-04	1.234372e-05	-1.223261e-06	-5.222382e-04
2.155523332264136e-02	0.000000e+00	1.183372e+01	-1.559815e-03	5.194272e-04	1.234566e-05	-1.237771e-06	-5.209477e-04
2.155576613865487e-02	0.000000e+00	1.117168e+01	-1.572218e-03	5.178610e-04	1.234780e-05	-1.249147e-06	-5.195169e-04
2.155643978153573e-02	0.000000e+00	1.032837e+01	-1.580096e-03	5.158492e-04	1.235053e-05	-1.257052e-06	-5.176738e-04
2.155685814391753e-02	0.000000e+00	9.803244e+00	-1.578109e-03	5.145845e-04	1.235223e-05	-1.256475e-06	-5.165070e-04
2.155731673533271e-02	0.000000e+00	9.228238e+00	-1.572149e-03	5.131794e-04	1.235409e-05	-1.253140e-06	-5.152127e-04
2.155777621214974e-02	0.000000e+00	8.654524e+00	-1.561619e-03	5.117522e-04	1.235595e-05	-1.246004e-06	-5.138975e-04
2.155823757972130e-02	0.000000e+00	8.082741e+00	-1.546036e-03	5.102987e-04	1.235780e-05	-1.234646e-06	-5.125563e-04
2.155886079753136e-02	0.000000e+00	7.320697e+00	-1.517741e-03	5.082978e-04	1.236027e-05	-1.213239e-06	-5.107100e-04
2.155966653831544e-02	0.000000e+00	6.360600e+00	-1.467331e-03	5.056405e-04	1.236339e-05	-1.173990e-06	-5.082496e-04
2.156027432337358e-02	0.000000e+00	5.661445e+00	-1.415977e-03	5.035817e-04	1.236566e-05	-1.132607e-06	-5.063197e-04
2.156070817781115e-02	0.000000e+00	5.178665e+00	-1.372886e-03	5.020784e-04	1.236723e-05	-1.097130e-06	-5.048955e-04
2.156102019110753e-02	0.000000e+00	4.841061e+00	-1.338639e-03	5.009770e-04	1.236833e-05	-1.069163e-06	-5.038450e-04
2.156144413147356e-02	0.000000e+00	4.396609e+00	-1.289049e-03	4.994490e-04	1.236978e-05	-1.029017e-06	-5.023801e-04
2.156164603469780e-02	0.000000e+00	4.191145e+00	-1.262666e-03	4.987105e-04	1.237045e-05	-1.007726e-06	-5.016631e-04
2.156185294289983e-02	0.000000e+00	3.985008e+00	-1.235077e-03	4.979439e-04	1.237112e-05	-9.854684e-07	-5.009166e-04
2.156222506877679e-02	0.000000e+00	3.626143e+00	-1.182953e-03	4.965415e-04	1.237230e-05	-9.433584e-07	-4.995400e-04
2.156260751626665e-02	0.000000e+00	3.274188e+00	-1.126517e-03	4.950660e-04	1.237345e-05	-8.976986e-07	-4.980771e-04
2.156337241124638e-02	0.000000e+00	2.625676e+00	-1.005235e-03	4.920046e-04	1.237558e-05	-7.994165e-07	-4.949765e-04
2.156490220120584e-02	0.000000e+00	1.571793e+00	-7.386590e-04	4.853902e-04	1.237907e-05	-5.829658e-07	-4.878473e-04
2.156659980473441e-02	0.000000e+00	7.895461e-01	-4.406651e-04	4.772291e-04	1.238172e-05	-3.408287e-07	-4.787555e-04
2.156803034824652e-02	0.000000e+00	4.066001e-01	-2.418079e-04	4.697957e-04	1.238307e-05	-1.794058e-07	-4.706867e-04
2.156876828315965e-02	0.000000e+00	2.823337e-01	-1.864501e-04	4.657962e-04	1.238353e-05	-1.346003e-07	-4.665072e-04
2.156949515683720e-02	0.000000e+00	1.949886e-01	-1.391812e-04	4.618168e-04	1.238388e-05	-9.625015e-08	-4.623797e-04
2.157021799633728e-02	0.000000e+00	1.338596e-01	-1.029527e-04	4.578345e-04	1.238414e-05	-6.684026e-08	-4.582794e-04
2.157092009154650e-02	0.000000e+00	9.239613e-02	-7.791597e-05	4.539549e-04	1.238433e-05	-4.650941e-08	-4.543195e-04
2.157166514412638e-02	0.000000e+00	6.211412e-02	-5.906002e-05	4.498403e-04	1.238450e-05	-3.118704e-08	-4.501437e-04
2.157234893560389e-02	0.000000e+00	4.306258e-02	-4.747937e-05	4.460738e-04	1.238462e-05	-2.176696e-08	-4.463398e-04
2.157302805037582e-02	0.000000e+00	2.990948e-02	-3.936860e-05	4.423495e-04	1.238472e-05	-1.515832e-08	-4.425888e-04
2.157369381821487e-02	0.000000e+00	2.092725e-02	-3.379415e-05	4.387180e-04	1.238481e-05	-1.060506e-08	-4.389386e-04
2.157435744322002e-02	0.000000e+00	1.467189e-02	-2.990782e-05	4.351202e-04	1.238489e-05	-7.419182e-09	-4.353275e-04
2.157501676335115e-02	0.000000e+00	1.032446e-02	-2.722097e-05	4.315691e-04	1.238496e-05	-5.204947e-09	-4.317669e-04
2.157567570028818e-02	0.000000e+00	7.280334e-03	-2.535547e-05	4.280445e-04	1.238503e-05	-3.655694e-09	-4.282354e-04
2.157633477778084e-02	0.000000e+00	5.145335e-03	-2.406489e-05	4.245442e-04	1.238509e-05	-2.571802e-09	-4.247301e-04
2.157710926704280e-02	0.000000e+00	3.434235e-03	-2.301477e-05	4.204633e-04	1.238516e-05	-1.675536e-09	-4.206448e-04
2.157796923370975e-02	0.000000e+00	2.204260e-03	-2.229687e-05	4.159731e-04	1.238524e-05	-1.043055e-09	-4.161509e-04
2.157896542537948e-02	0.000000e+00	1.330811e-03	-2.182616e-05	4.108248e-04	1.238532e-05	-6.024498e-10	-4.109994e-04
2.158011939891102e-02	0.000000e+00	7.535969e-04	-2.156360e-05	4.049309e-04	1.238542e-05	-3.207947e-10	-4.051023e-04
2.158150074088372e-02	0.000000e+00	3.936208e-04	-2.145823e-05	3.979709e-04	1.238553e-05	-1.527704e-10	-3.981388e-04
2.158318990785672e-02	0.000000e+00	1.907522e-04	-2.147531e-05	3.895959e-04	1.238565e-05	-6.552624e-11	-3.897599e-04
2.158533872406178e-02	0.000000e+00	9.012077e-05	-2.158800e-05	3.791550e-04	1.238580e-05	-2.853522e-11	-3.793144e-04
2.158820184998296e-02	0.000000e+00	4.902073e-05	-2.178562e-05	3.656194e-04	1.238599e-05	-1.855065e-11	-3.657745e-04
2.159228885643140e-02	0.000000e+00	3.646860e-05	-2.208374e-05	3.470611e-04	1.238624e-05	-1.918394e-11	-3.472127e-04
2.159689961892825e-02	0.000000e+00	3.431069e-05	-2.241900e-05	3.272006e-04	1.238650e-05	-2.183521e-11	-3.273503e-04
2.160343782063772e-02	0.000000e+00	3.395149e-05	-2.288436e-05	3.009172e-04	1.238684e-05	-2.256057e-11	-3.010646e-04
2.161302191123121e-02	0.000000e+00	3.386021e-05	-2.355241e-05	2.660619e-04	1.238730e-05	-2.273040e-11	-2.662050e-04
2.163190422957458e-02	0.000000e+00	3.356667e-05	-2.482449e-05	2.083108e-04	1.238806e-05	-2.276763e-11	-2.084532e-04
2.165916930290565e-02	0.000000e+00	3.287962e-05	-2.656390e-05	1.452817e-04	1.238890e-05	-2.277899e-11	-1.454202e-04
2.168957647007673e-02	0.000000e+00	3.200737e-05	-2.837608e-05	9.632178e-05	1.238957e-05	-2.277853e-11	-9.645762e-05
2.171817891584740e-02	0.000000e+00	3.106994e-05	-2.996621e-05	6.518232e-05	1.235555e-05	-2.278278e-11	-6.531464e-05
2.174619824743769e-02	0.000000e+00	2.990097e-05	-3.142490e-05	4.445469e-05	1.234975e-05	-2.279424e-11	-4.458301e-05
2.177231781402316e-02	0.000000e+00	2.863230e-05	-3.270253e-05	3.119020e-05	1.233490e-05	-2.279998e-11	-3.131397e-05
2.179831973531383e-02	0.000000e+00	2.731845e-05	-3.390123e-05	2.197816e-05	1.231618e-05	-2.279942e-11	-2.209510e-05
2.182379548075156e-02	0.000000e+00	2.606484e-05	-3.500943e-05	1.564018e-05	1.229483e-05	-2.279662e-11	-1.575172e-05
2.184978295957251e-02	0.000000e+00	2.484051e-05	-3.607673e-05	1.108143e-05	1.227125e-05	-2.279415e-11	-1.118561e-05
2.187522508739367e-02	0.000000e+00	2.370493e-05	-3.706351e-05	7.932132e-06	1.224856e-05	-2.279152e-11	-8.027829e-06
2.188303227542996e-02	0.000000e+00	2.336773e-05	-3.735344e-05	7.208725e-06	1.224327e-05	-2.278928e-11	-7.301609e-06
2.189344185947834e-02	0.000000e+00	2.292916e-05	-3.773458e-05	6.340737e-06	1.223527e-05	-2.279000e-11	-6.429751e-06
2.191426102757510e-02	0.000000e+00	2.208240e-05	-3.847170e-05	4.900256e-06	1.222182e-05	-2.278782e-11	-4.981259e-06
2.193081624896993e-02	0.000000e+00	2.143855e-05	-3.903408e-05	3.992296e-06	1.229771e-05	-2.278623e-11	-4.069733e-06
2.195135931779231e-02	0.000000e+00	2.067429e-05	-3.970447e-05	3.097075e-06	1.234901e-05	-2.278439e-11	-3.173133e-06
2.197305807411161e-02	0.000000e+00	1.990484e-05	-4.038074e-05	2.371714e-06	8.231605e-03	-2.278269e-11	-2.447628e-06
2.200002474764630e-02	0.000000e+00	1.899853e-05	-4.117793e-05	1.705938e-06	1.234151e-05	-2.278071e-11	-1.781886e-06
2.203023552416774e-02	0.000000e+00	1.804456e-05	-4.201646e-05	1.184490e-06	1.233877e-05	-2.277863e-11	-1.260432e-06
2.205921016556614e-02	0.000000e+00	1.718892e-05	-4.276758e-05	8.429280e-07	1.233835e-05	-2.277667e-11	-9.188112e-07
2.208921730836127e-02	0.000000e+00	1.636931e-05	-4.348654e-05	6.012675e-07	1.233845e-05	-2.277433e-11	-6.770985e-07
2.211039191696185e-02	0.000000e+00	1.599205e-05	-4.382342e-05	4.809505e-07	1.233853e-05	-2.276203e-11	-5.567517e-07
2.213535181949092e-02	0.000000e+00	1.576565e-05	-4.403933e-05	3.753715e-07	1.233856e-05	-2.275248e-11	-4.511456e-07
2.215392458587999e-02	0.000000e+00	1.560208e-05	-4.419633e-05	3.160789e-07	1.233857e-05	-2.275684e-11	-3.918358e-07
2.217619254408431e-02	0.000000e+00	1.540978e-05	-4.438192e-05	2.605785e-07	1.233858e-05	-2.275669e-11	-3.363184e-07
2.220937706607177e-02	0.000000e+00	1.513096e-05	-4.465260e-05	1.999348e-07	1.233858e-05	-2.275641e-11	-2.756542e-07
2.224557346289639e-02	0.000000e+00	1.483656e-05	-4.493996e-05	1.548285e-07	1.233859e-05	-2.275614e-11	-2.305299e-07
2.228726244742074e-02	0.000000e+00	1.450930e-05	-4.526113e-05	1.205684e-07	1.233860e-05	-2.275584e-11	-1.962537e-07
2.233068246070768e-02	0.000000e+00	1.418100e-05	-4.558489e-05	9.756174e-08	1.233861e-05	-2.275556e-11	-1.732337e-07
2.238011117716756e-02	0.000000e+00	1.382194e-05	-4.594071e-05	8.063338e-08	1.233862e-05	-2.275525e-11	-1.562936e-07
2.243491337076953e-02	0.000000e+00	1.344094e-05	-4.632001e-05	6.842070e-08	1.233862e-05	-2.275494e-11	-1.440709e-07
2.250087377889939e-02	0.000000e+00	1.300455e-05	-4.675656e-05	5.861149e-08	1.233863e-05	-2.275458e-11	-1.342527e-07
2.258000920208616e-02	0.000000e+00	1.251064e-05	-4.725310e-05	5.051509e-08	1.233864e-05	-2.275419e-11	-1.261483e-07
2.267766545208616e-02	0.000000e+00	1.194198e-05	-4.782789e-05	4.337014e-08	1.233865e-05	-2.275374e-11	-1.189965e-07
2.277532170208616e-02	0.000000e+00	1.141432e-05	-4.836342e-05	3.801726e-08	1.233866e-05	-2.275334e-11	-1.136389e-07
2.287297795208617e-02	0.000000e+00	1.092425e-05	-4.886289e-05	3.377061e-08	1.233867e-05	-2.275298e-11	-1.093891e-07
2.297063420208617e-02	0.000000e+00	1.046866e-05	-4.932932e-05	3.028312e-08	1.233867e-05	-2.275264e-11	-1.058994e-07
2.306829045208617e-02	0.000000e+00	1.004468e-05	-4.976525e-05	2.736183e-08	1.233868e-05	-2.275233e-11	-1.029768e-07
2.317815373333617e-02	0.000000e+00	9.596678e-06	-5.021577e-05	2.460549e-08	1.233869e-05	-2.275253e-11	-1.002195e-07
2.325139592083617e-02	0.000000e+00	9.325898e-06	-5.050636e-05	2.302727e-08	1.233869e-05	-2.275195e-11	-9.864101e-08
2.332833476430985e-02	0.000000e+00	9.051724e-06	-5.079259e-05	2.153295e-08	1.233869e-05	-2.275163e-11	-9.714654e-08
2.338614250857649e-02	0.000000e+00	8.855066e-06	-5.099803e-05	2.051079e-08	1.233870e-05	-2.275150e-11	-9.612438e-08
2.342948980111235e-02	0.000000e+00	8.713157e-06	-5.114733e-05	1.979583e-08	1.233870e-05	-2.275138e-11	-9.540946e-08
2.346189657979795e-02	0.000000e+00	8.610855e-06	-5.125703e-05	1.928781e-08	1.233870e-05	-2.275127e-11	-9.490149e-08
2.348657616987205e-02	0.000000e+00	8.535954e-06	-5.134034e-05	1.891513e-08	1.233870e-05	-2.275115e-11	-9.452886e-08
2.350615072004236e-02	0.000000e+00	8.479609e-06	-5.140745e-05	1.862780e-08	1.233870e-05	-2.275097e-11	-9.424159e-08
2.352205146650546e-02	0.000000e+00	8.437601e-06	-5.146431e-05	1.839955e-08	1.233870e-05	-2.275070e-11	-9.401339e-08
2.353517340775731e-02	0.000000e+00	8.408087e-06	-5.151534e-05	1.821457e-08	1.233870e-05	-2.275023e-11	-9.382845e-08
2.354757125358693e-02	0.000000e+00	8.389358e-06	-5.157171e-05	1.804255e-08	1.233870e-05	-2.274931e-11	-9.365646e-08
2.356167805566499e-02	0.000000e+00	8.363731e-06	-5.162979e-05	1.784994e-08	1.233870e-05	-2.275014e-11	-9.346390e-08
2.361928697352699e-02	0.000000e+00	8.210143e-06	-5.180706e-05	1.709629e-08	1.233871e-05	-2.275077e-11	-9.271048e-08
2.367100653518840e-02	0.000000e+00	8.079031e-06	-5.196003e-05	1.646161e-08	1.233871e-05	-2.275064e-11	-9.207603e-08
2.376866278518840e-02	0.000000e+00	7.851785e-06	-5.223172e-05	1.535887e-08	1.233871e-05	-2.275036e-11	-9.097380e-08
2.386631903518840e-02	0.000000e+00	7.640695e-06	-5.248572e-05	1.436704e-08	1.233871e-05	-2.275024e-11	-8.998254e-08
2.396397528518840e-02	0.000000e+00	7.442882e-06	-5.272346e-05	1.347152e-08	1.233872e-05	-2.275012e-11	-8.908764e-08
2.406163153518840e-02	0.000000e+00	7.256744e-06	-5.294565e-05	1.265945e-08	1.233872e-05	-2.275001e-11	-8.827624e-08
2.415928778518841e-02	0.000000e+00	7.080838e-06	-5.315286e-05	1.191981e-08	1.233872e-05	-2.274991e-11	-8.753728e-08
2.425694403518841e-02	0.000000e+00	6.913983e-06	-5.334581e-05	1.124355e-08	1.233873e-05	-2.274983e-11	-8.686172e-08
2.435460028518841e-02	0.000000e+00	6.755294e-06	-5.352533e-05	1.062299e-08	1.233873e-05	-2.274975e-11	-8.624187e-08
2.439655074132754e-02	0.000000e+00	6.728628e-06	-5.357560e-05	1.037234e-08	1.233873e-05	-2.274851e-11	-8.599152e-08
2.444218674942665e-02	0.000000e+00	6.754580e-06	-5.360188e-05	1.011089e-08	1.233873e-05	-2.274805e-11	-8.573039e-08
2.448782275752576e-02	0.000000e+00	6.780779e-06	-5.362840e-05	9.857804e-09	1.233873e-05	-2.274770e-11	-8.547764e-08
2.453345876562486e-02	0.000000e+00	6.807224e-06	-5.365515e-05	9.613097e-09	1.233873e-05	-2.274746e-11	-8.523326e-08
2.457909477372397e-02	0.000000e+00	6.833916e-06	-5.368213e-05	9.376763e-09	1.233873e-05	-2.274732e-11	-8.499725e-08
2.462473078182308e-02	0.000000e+00	6.860854e-06	-5.370935e-05	9.148804e-09	1.233873e-05	-2.274729e-11	-8.476962e-08
2.467036678992219e-02	0.000000e+00	6.888039e-06	-5.373681e-05	8.929219e-09	1.233874e-05	-2.274737e-11	-8.455037e-08
2.471600279802129e-02	0.000000e+00	6.915470e-06	-5.376450e-05	8.718009e-09	1.233874e-05	-2.274755e-11	-8.433948e-08
2.481365904802129e-02	0.000000e+00	6.992823e-06	-5.384245e-05	8.287438e-09	1.233874e-05	-2.274726e-11	-8.390960e-08
2.491131529802129e-02	0.000000e+00	7.330685e-06	-5.418039e-05	7.886524e-09	1.233874e-05	-2.274337e-11	-8.350936e-08
2.499603703086710e-02	0.000000e+00	8.499454e-06	-5.534836e-05	7.561307e-09	1.233874e-05	-2.272957e-11	-8.318467e-08
2.508753444812858e-02	0.000000e+00	9.764727e-06	-5.661337e-05	7.230144e-09	1.233874e-05	-2.273430e-11	-8.285414e-08
2.518519069812858e-02	0.000000e+00	1.004439e-05	-5.689250e-05	6.897034e-09	1.233874e-05	-2.275096e-11	-8.252172e-08
2.527847677223807e-02	0.000000e+00	9.947274e-06	-5.679593e-05	6.598222e-09	1.233875e-05	-2.275111e-11	-8.222352e-08
2.537613302223807e-02	0.000000e+00	9.869645e-06	-5.671883e-05	6.304548e-09	1.233875e-05	-2.274883e-11	-8.193045e-08
2.547378927223808e-02	0.000000e+00	9.843709e-06	-5.669345e-05	6.028461e-09	1.233875e-05	-2.274816e-11	-8.165496e-08
2.557144552223808e-02	0.000000e+00	9.839299e-06	-5.668929e-05	5.768438e-09	1.233875e-05	-2.274810e-11	-8.139553e-08
2.566910177223808e-02	0.000000e+00	9.839280e-06	-5.668960e-05	5.523121e-09	1.233875e-05	-2.274814e-11	-8.115078e-08
2.576675802223808e-02	0.000000e+00	9.841708e-06	-5.669237e-05	5.291365e-09	1.233875e-05	-2.274812e-11	-8.091958e-08
2.586441427223808e-02	0.000000e+00	9.853842e-06	-5.670486e-05	5.072208e-09	1.233875e-05	-2.274799e-11	-8.070096e-08
2.596207052223808e-02	0.000000e+00	9.900175e-06	-5.675203e-05	4.864821e-09	1.233876e-05	-2.274750e-11	-8.049410e-08
2.605972677223808e-02	0.000000e+00	1.006003e-05	-5.691137e-05	4.668347e-09	1.233876e-05	-2.274594e-11	-8.029814e-08
2.615738302223809e-02	0.000000e+00	1.052243e-05	-5.737386e-05	4.482192e-09	1.233876e-05	-2.274187e-11	-8.011246e-08
2.625503927223809e-02	0.000000e+00	1.142511e-05	-5.827556e-05	4.305634e-09	1.233876e-05	-2.273666e-11	-7.993637e-08
2.635269552223809e-02	0.000000e+00	1.226619e-05	-5.911791e-05	4.137438e-09	1.233876e-05	-2.273983e-11	-7.976865e-08
2.645035177223809e-02	0.000000e+00	1.294703e-05	-5.979710e-05	3.977145e-09	1.233876e-05	-2.274200e-11	-7.960882e-08
2.653811129424177e-02	0.000000e+00	1.451664e-05	-6.136711e-05	3.840780e-09	1.233876e-05	-2.272509e-11	-7.947280e-08
2.661231071768265e-02	0.000000e+00	1.861235e-05	-6.546349e-05	3.732820e-09	1.233876e-05	-2.267584e-11	-7.936500e-08
2.666766415726666e-02	0.000000e+00	2.592294e-05	-7.277497e-05	3.658800e-09	1.233876e-05	-2.258319e-11	-7.929092e-08
2.672619472152121e-02	0.000000e+00	4.248111e-05	-8.933454e-05	3.590527e-09	1.233876e-05	-2.238764e-11	-7.922225e-08
2.677895803876969e-02	0.000000e+00	7.293017e-05	-1.197846e-04	3.544330e-09	1.233876e-05	-2.203140e-11	-7.917509e-08
2.681011050188409e-02	0.000000e+00	1.030891e-04	-1.499440e-04	3.529332e-09	1.233876e-05	-2.163461e-11	-7.915892e-08
2.684570876715417e-02	0.000000e+00	1.553733e-04	-2.022327e-04	3.528470e-09	1.233876e-05	-2.101187e-11	-7.915615e-08
2.688437107206996e-02	0.000000e+00	2.454537e-04	-2.923142e-04	3.556702e-09	1.233876e-05	-1.996906e-11	-7.918109e-08
2.693809380005852e-02	0.000000e+00	4.689055e-04	-5.157729e-04	3.677621e-09	1.233876e-05	-1.752344e-11	-7.929409e-08
2.700095803287435e-02	0.000000e+00	1.008528e-03	-1.055407e-03	4.045779e-09	1.233876e-05	-1.177529e-11	-7.964336e-08
2.707366060049016e-02	0.000000e+00	2.451827e-03	-2.498730e-03	5.126761e-09	1.233876e-05	3.154388e-12	-8.067482e-08
2.716901005393555e-02	0.000000e+00	7.811541e-03	-7.858557e-03	9.155118e-09	1.233875e-05	5.411665e-11	-8.453307e-08
2.725427351756403e-02	0.000000e+00	2.164875e-02	-2.169626e-02	1.983117e-08	1.233871e-05	1.896863e-10	-9.476052e-08
2.731641120132319e-02	0.000000e+00	4.464388e-02	-4.469252e-02	3.852782e-08	1.233866e-05	4.350679e-10	-1.126496e-07
2.736631032572748e-02	0.000000e+00	7.834204e-02	-7.839254e-02	6.643607e-08	1.233857e-05	7.888369e-10	-1.393900e-07
2.740981032275450e-02	0.000000e+00	1.251264e-01	-1.251752e-01	1.047403e-07	1.233846e-05	1.239507e-09	-1.761799e-07
2.745536625764475e-02	0.000000e+00	1.986717e-01	-1.987215e-01	1.628721e-07	1.233828e-05	1.867907e-09	-2.322125e-07
2.751092975341770e-02	0.000000e+00	3.333954e-01	-3.335165e-01	2.627407e-07	1.233795e-05	2.850116e-09	-3.288584e-07
2.756848845706313e-02	0.000000e+00	5.355939e-01	-5.356472e-01	3.992472e-07	1.233746e-05	4.045480e-09	-4.612064e-07
2.763690777602946e-02	0.000000e+00	8.591620e-01	-8.592176e-01	5.831682e-07	1.233669e-05	5.369600e-09	-6.404586e-07
2.766276276161291e-02	0.000000e+00	1.001363e+00	-1.001419e+00	6.503558e-07	1.233635e-05	5.691590e-09	-7.064178e-07
2.769195869732035e-02	0.000000e+00	1.171694e+00	-1.171751e+00	7.185801e-07	1.233594e-05	5.963127e-09	-7.718807e-07
2.770705557485910e-02	0.000000e+00	1.262891e+00	-1.262947e+00	7.498002e-07	1.233572e-05	6.085866e-09	-7.998636e-07
2.772272654576127e-02	0.000000e+00	1.359216e+00	-1.359273e+00	7.788913e-07	1.233549e-05	6.182106e-09	-8.242450e-07
2.774242067975697e-02	0.000000e+00	1.481979e+00	-1.482036e+00	8.103563e-07	1.233520e-05	6.263430e-09	-8.477755e-07
2.776905660021022e-02	0.000000e+00	1.649634e+00	-1.649691e+00	8.436558e-07	1.233481e-05	6.311515e-09	-8.667395e-07
2.780684840926470e-02	0.000000e+00	1.887479e+00	-1.887535e+00	8.731261e-07	1.233425e-05	6.276021e-09	-8.689733e-07
2.785813032443313e-02	0.000000e+00	2.204108e+00	-2.204165e+00	8.838243e-07	1.233352e-05	6.089513e-09	-8.309543e-07
2.792615275941905e-02	0.000000e+00	2.605901e+00	-2.605957e+00	8.612808e-07	1.233259e-05	5.739301e-09	-7.263491e-07
2.802084406900794e-02	0.000000e+00	3.129328e+00	-3.129383e+00	8.001533e-07	1.233141e-05	5.293776e-09	-5.251984e-07
2.810622603888211e-02	0.000000e+00	3.573674e+00	-3.573729e+00	7.441909e-07	1.233042e-05	5.038811e-09	-3.221862e-07
2.820388228888211e-02	0.000000e+00	4.061564e+00	-4.061619e+00	6.955271e-07	1.232935e-05	4.874345e-09	-8.901910e-08
2.830153853888211e-02	0.000000e+00	4.536910e+00	-4.536964e+00	6.625935e-07	1.232833e-05	4.794183e-09	1.212740e-07
2.834239517282019e-02	0.000000e+00	4.733578e+00	-4.733633e+00	6.528944e-07	1.232792e-05	4.789163e-09	2.024913e-07
2.836124300447717e-02	0.000000e+00	4.821158e+00	-4.821212e+00	6.452410e-07	1.232773e-05	4.585707e-09	2.410216e-07
2.836916800747925e-02	0.000000e+00	4.835741e+00	-4.835789e+00	6.080195e-07	1.232770e-05	1.000867e-09	2.732578e-07
2.837677118527774e-02	0.000000e+00	4.844640e+00	-4.844689e+00	5.725652e-07	1.232768e-05	8.344065e-10	3.110592e-07
2.838515817309527e-02	0.000000e+00	4.852284e+00	-4.852294e+00	5.343667e-07	1.232767e-05	7.602123e-10	3.513369e-07
2.839472263355124e-02	0.000000e+00	4.859360e+00	-4.859390e+00	4.933330e-07	1.232766e-05	6.373360e-10	3.940134e-07
2.841270804700350e-02	0.000000e+00	4.870068e+00	-4.870082e+00	4.254267e-07	1.232764e-05	4.897868e-10	4.642689e-07
2.843139449590278e-02	0.000000e+00	4.878927e+00	-4.878954e+00	3.671415e-07	1.232763e-05	4.024684e-10	5.243218e-07
2.846096943134767e-02	0.000000e+00	4.890158e+00	-4.890183e+00	2.960891e-07	1.232762e-05	3.126118e-10	5.972531e-07
2.849327242565278e-02	0.000000e+00	4.899847e+00	-4.899895e+00	2.413929e-07	1.232762e-05	2.502656e-10	6.531239e-07
2.853422418365067e-02	0.000000e+00	4.909503e+00	-4.909552e+00	1.956220e-07	1.232761e-05	1.919300e-10	6.994507e-07
2.857809165634857e-02	0.000000e+00	4.917493e+00	-4.917542e+00	1.655672e-07	1.232761e-05	1.463955e-10	7.292612e-07
2.862572311171072e-02	0.000000e+00	4.924221e+00	-4.924270e+00	1.463483e-07	1.232762e-05	1.119737e-10	7.475259e-07
2.867910449661386e-02	0.000000e+00	4.930066e+00	-4.930116e+00	1.341207e-07	1.232763e-05	8.478607e-11	7.580840e-07
2.874088707029044e-02	0.000000e+00	4.935283e+00	-4.935334e+00	1.263538e-07	1.232764e-05	6.306881e-11	7.633730e-07
2.881630116654185e-02	0.000000e+00	4.940129e+00	-4.940181e+00	1.212464e-07	1.232766e-05	4.524950e-11	7.649228e-07
2.891201978635180e-02	0.000000e+00	4.944707e+00	-4.944759e+00	1.176715e-07	1.232769e-05	3.072349e-11	7.634396e-07
2.900967603635180e-02	0.000000e+00	4.948210e+00	-4.948252e+00	1.154430e-07	1.232773e-05	2.176962e-11	7.601166e-07
2.910733228635180e-02	0.000000e+00	4.950910e+00	-4.950958e+00	1.137489e-07	1.232776e-05	1.555223e-11	7.559971e-07
2.920498853635180e-02	0.000000e+00	4.953069e+00	-4.953120e+00	1.122781e-07	1.232779e-05	1.140399e-11	7.514898e-07
2.930264478635181e-02	0.000000e+00	4.954838e+00	-4.954891e+00	1.109163e-07	1.232783e-05	8.219002e-12	7.467638e-07
2.940030103635181e-02	0.000000e+00	4.956316e+00	-4.956371e+00	1.096279e-07	1.232787e-05	5.771445e-12	7.418918e-07
2.949795728635181e-02	0.000000e+00	4.957573e+00	-4.957628e+00	1.083994e-07	1.232790e-05	3.854877e-12	7.369127e-07
2.959561353635181e-02	0.000000e+00	4.958656e+00	-4.958712e+00	1.072188e-07	1.232794e-05	2.325308e-12	7.318566e-07
2.969326978635181e-02	0.000000e+00	4.959599e+00	-4.959655e+00	1.060793e-07	1.232798e-05	1.084408e-12	7.267437e-07
2.979092603635181e-02	0.000000e+00	4.960430e+00	-4.960486e+00	1.049724e-07	1.232801e-05	6.312624e-14	7.215920e-07
2.988858228635181e-02	0.000000e+00	4.961167e+00	-4.961224e+00	1.038930e-07	1.232805e-05	-7.881205e-13	7.164145e-07
3.008389478635182e-02	0.000000e+00	4.962419e+00	-4.962476e+00	1.017991e-07	1.232812e-05	-2.116514e-12	7.060216e-07
3.027920728635182e-02	0.000000e+00	4.963444e+00	-4.963501e+00	9.977603e-08	1.232819e-05	-3.095607e-12	6.956207e-07
3.047451978635182e-02	0.000000e+00	4.964300e+00	-4.964358e+00	9.781063e-08	1.232826e-05	-3.839802e-12	6.852472e-07
3.066983228635183e-02	0.000000e+00	4.965026e+00	-4.965084e+00	9.589562e-08	1.232834e-05	-4.419902e-12	6.749241e-07
3.096280103635183e-02	0.000000e+00	4.965930e+00	-4.965988e+00	9.310725e-08	1.232844e-05	-5.078230e-12	6.595669e-07
3.125576978635183e-02	0.000000e+00	4.966666e+00	-4.966724e+00	9.040955e-08	1.232854e-05	-5.563705e-12	6.443950e-07
3.154873853635184e-02	0.000000e+00	4.967277e+00	-4.967335e+00	8.779756e-08	1.232864e-05	-5.932911e-12	6.294294e-07
3.184170728635184e-02	0.000000e+00	4.967791e+00	-4.967850e+00	8.526647e-08	1.232874e-05	-6.220808e-12	6.146857e-07
3.213467603635185e-02	0.000000e+00	4.968229e+00	-4.968288e+00	8.281095e-08	1.232884e-05	-6.449997e-12	6.001764e-07
3.238579210778042e-02	0.000000e+00	4.968546e+00	-4.968605e+00	8.076828e-08	1.232892e-05	-6.602635e-12	5.879276e-07
3.263690817920899e-02	0.000000e+00	4.968836e+00	-4.968895e+00	7.877429e-08	1.232900e-05	-6.739687e-12	5.758638e-07
3.288802425063757e-02	0.000000e+00	4.969100e+00	-4.969159e+00	7.682898e-08	1.232908e-05	-6.861153e-12	5.639850e-07
3.313914032206615e-02	0.000000e+00	4.969338e+00	-4.969397e+00	7.493234e-08	1.232916e-05	-6.967033e-12	5.522911e-07
3.339025639349472e-02	0.000000e+00	4.969549e+00	-4.969609e+00	7.308439e-08	1.232924e-05	-7.057326e-12	5.407823e-07
3.364137246492330e-02	0.000000e+00	4.969735e+00	-4.969795e+00	7.128511e-08	1.232931e-05	-7.132033e-12	5.294584e-07
3.389248853635187e-02	0.000000e+00	4.969894e+00	-4.969954e+00	6.953452e-08	1.232938e-05	-7.191153e-12	5.183194e-07
3.424126085778045e-02	0.000000e+00	4.970095e+00	-4.970155e+00	6.717608e-08	1.232948e-05	-7.266172e-12	5.031469e-07
3.459003317920902e-02	0.000000e+00	4.970278e+00	-4.970338e+00	6.489390e-08	1.232958e-05	-7.333549e-12	4.883436e-07
3.493880550063760e-02	0.000000e+00	4.970444e+00	-4.970503e+00	6.268797e-08	1.232968e-05	-7.393286e-12	4.739094e-07
3.528757782206618e-02	0.000000e+00	4.970591e+00	-4.970651e+00	6.055830e-08	1.232977e-05	-7.445382e-12	4.598444e-07
3.563635014349475e-02	0.000000e+00	4.970720e+00	-4.970780e+00	5.850488e-08	1.232986e-05	-7.489837e-12	4.461485e-07
3.598512246492333e-02	0.000000e+00	4.970832e+00	-4.970892e+00	5.652772e-08	1.232994e-05	-7.526651e-12	4.328219e-07
3.633389478635191e-02	0.000000e+00	4.970925e+00	-4.970985e+00	5.462681e-08	1.233003e-05	-7.555825e-12	4.198644e-07
3.682217603635191e-02	0.000000e+00	4.971042e+00	-4.971102e+00	5.214084e-08	1.233014e-05	-7.592615e-12	4.028100e-07
3.731045728635192e-02	0.000000e+00	4.971146e+00	-4.971207e+00	4.978503e-08	1.233025e-05	-7.625415e-12	3.865464e-07
3.779873853635193e-02	0.000000e+00	4.971239e+00	-4.971299e+00	4.755938e-08	1.233036e-05	-7.654226e-12	3.710735e-07
3.828701978635193e-02	0.000000e+00	4.971320e+00	-4.971380e+00	4.546389e-08	1.233046e-05	-7.679047e-12	3.563913e-07
3.877530103635194e-02	0.000000e+00	4.971389e+00	-4.971449e+00	4.349857e-08	1.233056e-05	-7.699879e-12	3.424998e-07
3.926358228635195e-02	0.000000e+00	4.971446e+00	-4.971506e+00	4.166341e-08	1.233065e-05	-7.716721e-12	3.293990e-07
3.975186353635195e-02	0.000000e+00	4.971491e+00	-4.971551e+00	3.995840e-08	1.233074e-05	-7.729573e-12	3.170890e-07
4.000000000000000e-02	0.000000e+00	4.971514e+00	-4.971574e+00	3.911772e-08	1.233079e-05	-7.736157e-12	3.110092e-07
4.000000012500000e-02	6.250000e-01	4.971514e+00	-4.971572e+00	3.911771e-08	1.233079e-05	-7.740023e-12	3.110092e-07
4.000000037500000e-02	1.875000e+00	4.971514e+00	-4.971566e+00	3.911772e-08	1.233079e-05	-7.734673e-12	3.110092e-07
4.000000058532774e-02	2.926639e+00	4.971514e+00	-4.971558e+00	3.911772e-08	1.233079e-05	-7.735887e-12	3.110092e-07
4.000000069469162e-02	3.473458e+00	4.971514e+00	-4.971553e+00	3.911772e-08	1.233079e-05	-7.736040e-12	3.110092e-07
4.000000077148767e-02	3.857438e+00	4.971514e+00	-4.971548e+00	3.911772e-08	1.233080e-05	-7.736623e-12	3.110092e-07
4.000000084895976e-02	4.244799e+00	4.971514e+00	-4.971543e+00	3.911772e-08	1.233079e-05	-7.736540e-12	3.110092e-07
4.000000093559907e-02	4.677995e+00	4.971514e+00	-4.971538e+00	3.911771e-08	1.233079e-05	-7.736096e-12	3.110092e-07
4.000000100000000e-02	5.000000e+00	4.971514e+00	-4.971533e+00	3.911772e-08	1.233079e-05	-7.735596e-12	3.110092e-07
4.000000111537710e-02	5.000000e+00	4.971514e+00	-4.971524e+00	3.911772e-08	1.233079e-05	-7.736276e-12	3.110092e-07
4.000000123328263e-02	5.000000e+00	4.971514e+00	-4.971516e+00	3.911772e-08	1.233079e-05	-7.736109e-12	3.110092e-07
4.000000146309548e-02	5.000000e+00	4.971514e+00	-4.971501e+00	3.911772e-08	1.233079e-05	-7.735534e-12	3.110092e-07
4.000000169950642e-02	5.000000e+00	4.971514e+00	-4.971488e+00	3.911771e-08	1.233079e-05	-7.736540e-12	3.110092e-07
4.000000194247396e-02	5.000000e+00	4.971514e+00	-4.971487e+00	3.911771e-08	1.233079e-05	-7.736259e-12	3.110092e-07
4.000000213496508e-02	5.000000e+00	4.971514e+00	-4.971509e+00	3.911771e-08	1.233079e-05	-7.736755e-12	3.110092e-07
4.000000238545722e-02	5.000000e+00	4.971514e+00	-4.971586e+00	3.911771e-08	1.233079e-05	-7.736082e-12	3.110092e-07
4.000000264469204e-02	5.000000e+00	4.971514e+00	-4.971709e+00	3.911771e-08	1.233079e-05	-7.736151e-12	3.110092e-07
4.000000280098862e-02	5.000000e+00	4.971514e+00	-4.971795e+00	3.911771e-08	1.233079e-05	-7.736214e-12	3.110091e-07
4.000000295204751e-02	5.000000e+00	4.971514e+00	-4.971879e+00	3.911771e-08	1.233079e-05	-7.735450e-12	3.110091e-07
4.000000310379496e-02	5.000000e+00	4.971514e+00	-4.971960e+00	3.911770e-08	1.233079e-05	-7.737164e-12	3.110091e-07
4.000000321890682e-02	5.000000e+00	4.971514e+00	-4.972014e+00	3.911771e-08	1.233079e-05	-7.736137e-12	3.110091e-07
4.000000327461291e-02	5.000000e+00	4.971514e+00	-4.972035e+00	3.911771e-08	1.233079e-05	-7.736054e-12	3.110091e-07
4.000000331448623e-02	5.000000e+00	4.971514e+00	-4.972047e+00	3.911771e-08	1.233079e-05	-7.736498e-12	3.110091e-07
4.000000336202367e-02	5.000000e+00	4.971514e+00	-4.972057e+00	3.911771e-08	1.233079e-05	-7.736803e-12	3.110091e-07
4.000000341440409e-02	5.000000e+00	4.971514e+00	-4.972064e+00	3.911771e-08	1.233079e-05	-7.735416e-12	3.110091e-07
4.000000345161949e-02	5.000000e+00	4.971514e+00	-4.972067e+00	3.911770e-08	1.233079e-05	-7.737220e-12	3.110091e-07
4.000000348242862e-02	5.000000e+00	4.971514e+00	-4.972069e+00	3.911771e-08	1.233079e-05	-7.736665e-12	3.110091e-07
4.000000351229185e-02	5.000000e+00	4.971514e+00	-4.972070e+00	3.911771e-08	1.233079e-05	-7.735971e-12	3.110091e-07
4.000000354746314e-02	5.000000e+00	4.971514e+00	-4.972071e+00	3.911770e-08	1.233079e-05	-7.736276e-12	3.110091e-07
4.000000357958212e-02	5.000000e+00	4.971514e+00	-4.972071e+00	3.911772e-08	1.233079e-05	-7.734749e-12	3.110091e-07
4.000000361763582e-02	5.000000e+00	4.971514e+00	-4.972071e+00	3.911770e-08	1.233080e-05	-7.739468e-12	3.110091e-07
4.000000365537044e-02	5.000000e+00	4.971514e+00	-4.972072e+00	3.911771e-08	1.233078e-05	-7.734638e-12	3.110091e-07
4.000000370114231e-02	5.000000e+00	4.971514e+00	-4.972072e+00	3.911771e-08	1.233080e-05	-7.736165e-12	3.110091e-07
4.000000375088995e-02	5.000000e+00	4.971514e+00	-4.972072e+00	3.911771e-08	1.233079e-05	-7.735554e-12	3.110091e-07
4.000000381401161e-02	5.000000e+00	4.971514e+00	-4.972072e+00	3.911770e-08	1.233079e-05	-7.735665e-12	3.110091e-07
4.000000388965751e-02	5.000000e+00	4.971514e+00	-4.972072e+00	3.911770e-08	1.233079e-05	-7.737012e-12	3.110091e-07
4.000000399366248e-02	5.000000e+00	4.971514e+00	-4.972072e+00	3.911771e-08	1.233079e-05	-7.735374e-12	3.110091e-07
4.000000413651925e-02	5.000000e+00	4.971514e+00	-4.972072e+00	3.911770e-08	1.233079e-05	-7.736672e-12	3.110091e-07
4.000000436153715e-02	5.000000e+00	4.971514e+00	-4.972072e+00	3.911770e-08	1.233079e-05	-7.736123e-12	3.110091e-07
4.000000469499360e-02	5.000000e+00	4.971514e+00	-4.972073e+00	3.911770e-08	1.233079e-05	-7.736186e-12	3.110091e-07
4.000000511358084e-02	5.000000e+00	4.971514e+00	-4.972073e+00	3.911770e-08	1.233079e-05	-7.736474e-12	3.110091e-07
4.000000560387110e-02	5.000000e+00	4.971514e+00	-4.972073e+00	3.911770e-08	1.233079e-05	-7.735735e-12	3.110091e-07
4.000000621252249e-02	5.000000e+00	4.971514e+00	-4.972073e+00	3.911770e-08	1.233079e-05	-7.736077e-12	3.110091e-07
4.000000685170322e-02	5.000000e+00	4.971514e+00	-4.972073e+00	3.911769e-08	1.233079e-05	-7.736356e-12	3.110090e-07
4.000000771107765e-02	5.000000e+00	4.971514e+00	-4.972073e+00	3.911769e-08	1.233079e-05	-7.736113e-12	3.110090e-07
4.000000884169252e-02	5.000000e+00	4.971514e+00	-4.972073e+00	3.911769e-08	1.233079e-05	-7.736132e-12	3.110090e-07
4.000001011718127e-02	5.000000e+00	4.971514e+00	-4.972073e+00	3.911768e-08	1.233079e-05	-7.736144e-12	3.110090e-07
4.000001152551962e-02	5.000000e+00	4.971514e+00	-4.972074e+00	3.911768e-08	1.233079e-05	-7.736165e-12	3.110089e-07
4.000001305813685e-02	5.000000e+00	4.971514e+00	-4.972074e+00	3.911768e-08	1.233079e-05	-7.736123e-12	3.110089e-07
4.000001475593171e-02	5.000000e+00	4.971514e+00	-4.972074e+00	3.911767e-08	1.233079e-05	-7.736180e-12	3.110088e-07
4.000001666334254e-02	5.000000e+00	4.971514e+00	-4.972074e+00	3.911766e-08	1.233079e-05	-7.736136e-12	3.110088e-07
4.000001881990103e-02	5.000000e+00	4.971514e+00	-4.972074e+00	3.911766e-08	1.233079e-05	-7.736173e-12	3.110088e-07
4.000002144917365e-02	5.000000e+00	4.971514e+00	-4.972074e+00	3.911765e-08	1.233079e-05	-7.736155e-12	3.110087e-07
4.000002461734851e-02	5.000000e+00	4.971514e+00	-4.972074e+00	3.911764e-08	1.233079e-05	-7.736128e-12	3.110086e-07
4.000002822023928e-02	5.000000e+00	4.971514e+00	-4.972074e+00	3.911762e-08	1.233079e-05	-7.736181e-12	3.110085e-07
4.000003178551109e-02	5.000000e+00	4.971514e+00	-4.972074e+00	3.911762e-08	1.233079e-05	-7.736130e-12	3.110084e-07
4.000003565386237e-02	5.000000e+00	4.971514e+00	-4.972074e+00	3.911760e-08	1.233079e-05	-7.736196e-12	3.110083e-07
4.000003963817231e-02	5.000000e+00	4.971514e+00	-4.972074e+00	3.911759e-08	1.233079e-05	-7.736115e-12	3.110083e-07
4.000004412718410e-02	5.000000e+00	4.971514e+00	-4.972074e+00	3.911757e-08	1.233079e-05	-7.736168e-12	3.110081e-07
4.000004907484514e-02	5.000000e+00	4.971514e+00	-4.972074e+00	3.911756e-08	1.233079e-05	-7.735933e-12	3.110080e-07
4.000005491403934e-02	5.000000e+00	4.971514e+00	-4.972074e+00	3.911753e-08	1.233079e-05	-7.735531e-12	3.110079e-07
4.000006174668544e-02	5.000000e+00	4.971514e+00	-4.972074e+00	3.911751e-08	1.233079e-05	-7.734995e-12	3.110077e-07
4.000007020202859e-02	5.000000e+00	4.971514e+00	-4.972074e+00	3.911748e-08	1.233079e-05	-7.734357e-12	3.110075e-07
4.000008072515927e-02	5.000000e+00	4.971514e+00	-4.972074e+00	3.911745e-08	1.233079e-05	-7.733562e-12	3.110073e-07
4.000009444622727e-02	5.000000e+00	4.971514e+00	-4.972074e+00	3.911741e-08	1.233079e-05	-7.732512e-12	3.110069e-07
4.000011213406749e-02	5.000000e+00	4.971514e+00	-4.972074e+00	3.911735e-08	1.233079e-05	-7.731227e-12	3.110065e-07
4.000013430655558e-02	5.000000e+00	4.971514e+00	-4.972074e+00	3.911728e-08	1.233079e-05	-7.729688e-12	3.110060e-07
4.000015919666435e-02	5.000000e+00	4.971514e+00	-4.972074e+00	3.911720e-08	1.233079e-05	-7.728030e-12	3.110054e-07
4.000018542471941e-02	5.000000e+00	4.971514e+00	-4.972074e+00	3.911711e-08	1.233079e-05	-7.726441e-12	3.110047e-07
4.000021267747977e-02	5.000000e+00	4.971514e+00	-4.972073e+00	3.911702e-08	1.233079e-05	-7.724928e-12	3.110041e-07
4.000024156235412e-02	5.000000e+00	4.971514e+00	-4.972073e+00	3.911693e-08	1.233079e-05	-7.723485e-12	3.110034e-07
4.000027309214774e-02	5.000000e+00	4.971514e+00	-4.972073e+00	3.911683e-08	1.233079e-05	-7.722155e-12	3.110026e-07
4.000030867903811e-02	5.000000e+00	4.971514e+00	-4.972073e+00	3.911671e-08	1.233079e-05	-7.720907e-12	3.110018e-07
4.000035008315595e-02	5.000000e+00	4.971514e+00	-4.972073e+00	3.911657e-08	1.233079e-05	-7.719879e-12	3.110007e-07
4.000039983722303e-02	5.000000e+00	4.971514e+00	-4.972073e+00	3.911641e-08	1.233079e-05	-7.719198e-12	3.109996e-07
4.000046180013388e-02	5.000000e+00	4.971514e+00	-4.972073e+00	3.911620e-08	1.233079e-05	-7.719297e-12	3.109980e-07
4.000054269932050e-02	5.000000e+00	4.971514e+00	-4.972072e+00	3.911594e-08	1.233079e-05	-7.720984e-12	3.109961e-07
4.000065550983400e-02	5.000000e+00	4.971514e+00	-4.972072e+00	3.911556e-08	1.233079e-05	-7.726355e-12	3.109934e-07
4.000083018915836e-02	5.000000e+00	4.971514e+00	-4.972071e+00	3.911495e-08	1.233079e-05	-7.741492e-12	3.109891e-07
4.000097820779508e-02	5.000000e+00	4.971512e+00	-4.972069e+00	3.909319e-08	1.233079e-05	-2.280188e-11	3.109668e-07
4.000108392426824e-02	5.000000e+00	4.971504e+00	-4.972055e+00	3.896791e-08	1.233079e-05	-1.118272e-10	3.108531e-07
4.000123846966466e-02	5.000000e+00	4.971463e+00	-4.972008e+00	3.856595e-08	1.233079e-05	-3.876315e-10	3.105145e-07
4.000130912415915e-02	5.000000e+00	4.971428e+00	-4.971971e+00	3.829341e-08	1.233079e-05	-5.701366e-10	3.102950e-07
4.000135767030662e-02	5.000000e+00	4.971399e+00	-4.971947e+00	3.814094e-08	1.233079e-05	-6.653578e-10	3.101866e-07
4.000141332577153e-02	5.000000e+00	4.971363e+00	-4.971922e+00	3.808708e-08	1.233079e-05	-6.815046e-10	3.101849e-07
4.000145709600803e-02	5.000000e+00	4.971333e+00	-4.971889e+00	3.805284e-08	1.233079e-05	-6.875195e-10	3.101928e-07
4.000159809093608e-02	5.000000e+00	4.971236e+00	-4.971792e+00	3.794340e-08	1.233079e-05	-7.047232e-10	3.102224e-07
4.000178608417347e-02	5.000000e+00	4.971104e+00	-4.971660e+00	3.780406e-08	1.233079e-05	-7.207823e-10	3.102724e-07
4.000216207064827e-02	5.000000e+00	4.970831e+00	-4.971387e+00	3.752681e-08	1.233079e-05	-7.471097e-10	3.103834e-07
4.000270595286776e-02	5.000000e+00	4.970420e+00	-4.970976e+00	3.711685e-08	1.233079e-05	-7.821884e-10	3.105556e-07
4.000365085370510e-02	5.000000e+00	4.969659e+00	-4.970215e+00	3.636741e-08	1.233079e-05	-8.445474e-10	3.108735e-07
4.000426278856572e-02	5.000000e+00	4.969131e+00	-4.969688e+00	3.584720e-08	1.233079e-05	-8.914411e-10	3.110862e-07
4.000496277982246e-02	5.000000e+00	4.968491e+00	-4.969049e+00	3.521278e-08	1.233080e-05	-9.526196e-10	3.113372e-07
4.000504705779267e-02	5.000000e+00	4.968410e+00	-4.968942e+00	3.513167e-08	1.233080e-05	-9.618427e-10	3.113663e-07
4.000507635011047e-02	5.000000e+00	4.968382e+00	-4.968908e+00	3.510408e-08	1.233080e-05	-9.645035e-10	3.113772e-07
4.000508246546655e-02	5.000000e+00	4.968377e+00	-4.968901e+00	3.509831e-08	1.233080e-05	-9.650648e-10	3.113795e-07
4.000508808592367e-02	5.000000e+00	4.968371e+00	-4.968895e+00	3.509303e-08	1.233080e-05	-9.655633e-10	3.113817e-07
4.000509932683790e-02	5.000000e+00	4.968360e+00	-4.968883e+00	3.508245e-08	1.233080e-05	-9.665587e-10	3.113859e-07
4.000511223188345e-02	5.000000e+00	4.968348e+00	-4.968870e+00	3.507029e-08	1.233080e-05	-9.677010e-10	3.113907e-07
4.000513804197456e-02	5.000000e+00	4.968323e+00	-4.968843e+00	3.504596e-08	1.233080e-05	-9.699836e-10	3.114005e-07
4.000518520942055e-02	5.000000e+00	4.968278e+00	-4.968797e+00	3.500137e-08	1.233080e-05	-9.741488e-10	3.114184e-07
4.000523153093615e-02	5.000000e+00	4.968233e+00	-4.968751e+00	3.495744e-08	1.233080e-05	-9.782392e-10	3.114361e-07
4.000531600426786e-02	5.000000e+00	4.968151e+00	-4.968668e+00	3.487696e-08	1.233080e-05	-9.856889e-10	3.114686e-07
4.000539493670233e-02	5.000000e+00	4.968073e+00	-4.968590e+00	3.480130e-08	1.233080e-05	-9.926711e-10	3.114991e-07
4.000555155958916e-02	5.000000e+00	4.967918e+00	-4.968434e+00	3.464983e-08	1.233080e-05	-1.006568e-09	3.115605e-07
4.000570709683368e-02	5.000000e+00	4.967762e+00	-4.968277e+00	3.449749e-08	1.233080e-05	-1.020562e-09	3.116222e-07
4.000599904317635e-02	5.000000e+00	4.967462e+00	-4.967978e+00	3.420628e-08	1.233080e-05	-1.047329e-09	3.117399e-07
4.000637005614493e-02	5.000000e+00	4.967070e+00	-4.967585e+00	3.382547e-08	1.233080e-05	-1.082701e-09	3.118932e-07
4.000699906793669e-02	5.000000e+00	4.966373e+00	-4.966888e+00	3.315085e-08	1.233080e-05	-1.146270e-09	3.121626e-07
4.000789645188618e-02	5.000000e+00	4.965305e+00	-4.965820e+00	3.211830e-08	1.233080e-05	-1.246315e-09	3.125691e-07
4.000916567738582e-02	5.000000e+00	4.963625e+00	-4.964139e+00	3.049816e-08	1.233081e-05	-1.408067e-09	3.131971e-07
4.000940877778925e-02	5.000000e+00	4.963278e+00	-4.963791e+00	3.014629e-08	1.233081e-05	-1.455262e-09	3.133084e-07
4.000989497859611e-02	5.000000e+00	4.962556e+00	-4.963069e+00	2.944662e-08	1.233081e-05	-1.530105e-09	3.135695e-07
4.001086738020983e-02	5.000000e+00	4.960993e+00	-4.961506e+00	2.792969e-08	1.233081e-05	-1.696967e-09	3.141266e-07
4.001281218343727e-02	5.000000e+00	4.957289e+00	-4.957802e+00	2.433026e-08	1.233082e-05	-2.109115e-09	3.154182e-07
4.001670178989216e-02	5.000000e+00	4.946340e+00	-4.946847e+00	1.361325e-08	1.233084e-05	-3.429948e-09	3.191070e-07
4.001968762150424e-02	5.000000e+00	4.931927e+00	-4.932429e+00	-1.254894e-09	1.233087e-05	-5.708888e-09	3.233825e-07
4.002190255176193e-02	5.000000e+00	4.914112e+00	-4.914607e+00	-2.098653e-08	1.233091e-05	-9.421122e-09	3.277392e-07
4.002318018010134e-02	5.000000e+00	4.898350e+00	-4.898838e+00	-4.021353e-08	1.233094e-05	-1.391531e-08	3.302287e-07
4.002396680335863e-02	5.000000e+00	4.884896e+00	-4.885377e+00	-5.830470e-08	1.233096e-05	-1.892744e-08	3.309685e-07
4.002449442383223e-02	5.000000e+00	4.873041e+00	-4.873513e+00	-7.604658e-08	1.233098e-05	-2.463249e-08	3.300509e-07
4.002486371802780e-02	5.000000e+00	4.862388e+00	-4.862851e+00	-9.434603e-08	1.233100e-05	-3.147986e-08	3.270716e-07
4.002512453311214e-02	5.000000e+00	4.852803e+00	-4.853254e+00	-1.140431e-07	1.233102e-05	-4.002985e-08	3.213498e-07
4.002530712023413e-02	5.000000e+00	4.844254e+00	-4.844690e+00	-1.360653e-07	1.233103e-05	-5.097431e-08	3.119795e-07
4.002543234932780e-02	5.000000e+00	4.836761e+00	-4.837177e+00	-1.614763e-07	1.233104e-05	-6.514050e-08	2.978504e-07
4.002553605530626e-02	5.000000e+00	4.828522e+00	-4.828905e+00	-1.995790e-07	1.233105e-05	-8.834343e-08	2.724211e-07
4.002559922642983e-02	5.000000e+00	4.821467e+00	-4.821800e+00	-2.530274e-07	1.233106e-05	-1.238829e-07	2.302552e-07
4.002564758818743e-02	5.000000e+00	4.812923e+00	-4.813142e+00	-3.681129e-07	1.233106e-05	-2.048584e-07	1.297736e-07
4.002569984471332e-02	5.000000e+00	4.800287e+00	-4.800410e+00	-4.733685e-07	1.233107e-05	-2.755467e-07	4.501440e-08
4.002574305887389e-02	5.000000e+00	4.789522e+00	-4.789674e+00	-4.525154e-07	1.233108e-05	-2.523937e-07	8.166717e-08
4.002578911600527e-02	5.000000e+00	4.778083e+00	-4.778241e+00	-4.571201e-07	1.233109e-05	-2.480046e-07	9.437240e-08
4.002585406689334e-02	5.000000e+00	4.761988e+00	-4.762147e+00	-4.711232e-07	1.233111e-05	-2.474795e-07	1.048326e-07
4.002598396866949e-02	5.000000e+00	4.729801e+00	-4.729959e+00	-5.009747e-07	1.233116e-05	-2.477753e-07	1.241419e-07
4.002624377222180e-02	5.000000e+00	4.665384e+00	-4.665542e+00	-5.605403e-07	1.233126e-05	-2.480600e-07	1.637801e-07
4.002676337932640e-02	5.000000e+00	4.536360e+00	-4.536517e+00	-6.807032e-07	1.233150e-05	-2.485652e-07	2.456424e-07
4.002725564776852e-02	5.000000e+00	4.413831e+00	-4.413986e+00	-7.962217e-07	1.233175e-05	-2.492084e-07	3.261406e-07
4.002781544396927e-02	5.000000e+00	4.274043e+00	-4.274197e+00	-9.297271e-07	1.233205e-05	-2.501479e-07	4.212848e-07
4.002841176720420e-02	5.000000e+00	4.124463e+00	-4.124614e+00	-1.074699e-06	1.233237e-05	-2.514290e-07	5.270121e-07
4.002960441367404e-02	5.000000e+00	3.822441e+00	-3.822588e+00	-1.374210e-06	1.233301e-05	-2.548440e-07	7.531533e-07
4.003198970661374e-02	5.000000e+00	3.199440e+00	-3.199630e+00	-2.023938e-06	1.233434e-05	-2.664515e-07	1.273816e-06
4.003489396040718e-02	5.000000e+00	2.379581e+00	-2.379665e+00	-2.955491e-06	1.233610e-05	-2.939028e-07	2.075721e-06
4.003711090996876e-02	5.000000e+00	1.697283e+00	-1.697329e+00	-3.792218e-06	1.233758e-05	-3.188061e-07	2.831125e-06
4.003898204627159e-02	5.000000e+00	1.125596e+00	-1.125659e+00	-4.480356e-06	1.233886e-05	-3.045254e-07	3.547358e-06
4.003956765064333e-02	5.000000e+00	9.605333e-01	-9.606355e-01	-4.647959e-06	1.233925e-05	-2.762471e-07	3.791477e-06
4.003962011785259e-02	5.000000e+00	9.462562e-01	-9.463658e-01	-4.658553e-06	1.233928e-05	-2.711510e-07	3.816427e-06
4.003978259149133e-02	5.000000e+00	9.025994e-01	-9.027180e-01	-4.705382e-06	1.233938e-05	-2.654390e-07	3.878841e-06
4.003994506513008e-02	5.000000e+00	8.600026e-01	-8.601304e-01	-4.750340e-06	1.233949e-05	-2.594419e-07	3.940100e-06
4.004010753876882e-02	5.000000e+00	8.184657e-01	-8.186028e-01	-4.793427e-06	1.233959e-05	-2.531595e-07	4.000204e-06
4.004027001240757e-02	5.000000e+00	7.779888e-01	-7.781354e-01	-4.834644e-06	1.233968e-05	-2.465920e-07	4.059154e-06
4.004043248604632e-02	5.000000e+00	7.385717e-01	-7.387280e-01	-4.873991e-06	1.233978e-05	-2.397393e-07	4.116949e-06
4.004059495968506e-02	5.000000e+00	7.002146e-01	-7.003808e-01	-4.911467e-06	1.233987e-05	-2.326014e-07	4.173589e-06
4.004075743332380e-02	5.000000e+00	6.629174e-01	-6.630936e-01	-4.947073e-06	1.233996e-05	-2.251783e-07	4.229075e-06
4.004089039639573e-02	5.000000e+00	6.333946e-01	-6.335791e-01	-4.974577e-06	1.234003e-05	-2.190268e-07	4.144903e-06
4.004113779867608e-02	5.000000e+00	5.806337e-01	-5.808344e-01	-5.022397e-06	1.234016e-05	-2.073258e-07	4.098320e-06
4.004138520095643e-02	5.000000e+00	5.307920e-01	-5.310100e-01	-5.065838e-06	1.234029e-05	-1.955992e-07	4.055940e-06
4.004163260323678e-02	5.000000e+00	4.838694e-01	-4.841058e-01	-5.104901e-06	1.234040e-05	-1.838468e-07	4.017764e-06
4.004188000551712e-02	5.000000e+00	4.398659e-01	-4.401218e-01	-5.139584e-06	1.234051e-05	-1.720686e-07	3.983791e-06
4.004212740779747e-02	5.000000e+00	3.987816e-01	-3.990582e-01	-5.169890e-06	1.234062e-05	-1.602647e-07	3.954022e-06
4.004237481007782e-02	5.000000e+00	3.606164e-01	-3.609147e-01	-5.195816e-06	1.234072e-05	-1.484351e-07	3.928456e-06
4.004262221235817e-02	5.000000e+00	3.253703e-01	-3.256916e-01	-5.217364e-06	1.234081e-05	-1.365797e-07	3.907094e-06
4.004422332197199e-02	5.000000e+00	1.584632e-01	-1.588645e-01	-5.276445e-06	1.234125e-05	-6.999159e-08	3.780902e-06
4.004505015931422e-02	5.000000e+00	1.061634e-01	-1.065952e-01	-5.273733e-06	1.234139e-05	-4.931546e-08	3.720580e-06
4.004579856210939e-02	5.000000e+00	7.288341e-02	-7.333688e-02	-5.256602e-06	1.234148e-05	-3.556304e-08	3.668466e-06
4.004655100005904e-02	5.000000e+00	4.949800e-02	-4.996655e-02	-5.227600e-06	1.234155e-05	-2.438964e-08	3.619881e-06
4.004725921741605e-02	5.000000e+00	3.422749e-02	-3.470677e-02	-5.194423e-06	1.234159e-05	-1.696998e-08	3.574499e-06
4.004801937613260e-02	5.000000e+00	2.296485e-02	-2.345245e-02	-5.154451e-06	1.234162e-05	-1.134676e-08	3.526133e-06
4.004870366063807e-02	5.000000e+00	1.601297e-02	-1.650557e-02	-5.116219e-06	1.234164e-05	-7.975941e-09	3.482540e-06
4.004939255943524e-02	5.000000e+00	1.113496e-02	-1.163112e-02	-5.076134e-06	1.234165e-05	-5.559178e-09	3.438972e-06
4.005006666375938e-02	5.000000e+00	7.806868e-03	-8.305482e-03	-5.035992e-06	1.234166e-05	-3.899467e-09	3.396613e-06
4.005074117600239e-02	5.000000e+00	5.477620e-03	-5.977950e-03	-4.995313e-06	1.234167e-05	-2.733799e-09	3.354517e-06
4.005149961649260e-02	5.000000e+00	3.683640e-03	-4.185331e-03	-4.949257e-06	1.234167e-05	-1.812260e-09	3.307591e-06
4.005235582202363e-02	5.000000e+00	2.360001e-03	-2.862695e-03	-4.897229e-06	1.234167e-05	-1.134127e-09	3.255095e-06
4.005333357944741e-02	5.000000e+00	1.425160e-03	-1.928552e-03	-4.838055e-06	1.234167e-05	-6.643543e-10	3.195790e-06
4.005446662101932e-02	5.000000e+00	7.991474e-04	-1.302996e-03	-4.770054e-06	1.234167e-05	-3.585698e-10	3.127964e-06
4.005581095432875e-02	5.000000e+00	4.057346e-04	-9.098639e-04	-4.690384e-06	1.234167e-05	-1.743436e-10	3.048766e-06
4.005744799662939e-02	5.000000e+00	1.796462e-04	-6.839301e-04	-4.595037e-06	1.234167e-05	-7.596607e-11	2.954198e-06
4.005951272931226e-02	5.000000e+00	6.460340e-05	-5.689575e-04	-4.477527e-06	1.234167e-05	-3.248391e-11	2.837823e-06
4.006223974497666e-02	5.000000e+00	1.553219e-05	-5.199038e-04	-4.327041e-06	1.234167e-05	-1.925779e-11	2.688952e-06
4.006580826154593e-02	5.000000e+00	5.586988e-08	-5.044190e-04	-4.138045e-06	1.234166e-05	-1.933775e-11	2.502145e-06
4.006948172650791e-02	5.000000e+00	-3.012115e-06	-5.013422e-04	-3.952538e-06	1.234165e-05	-2.180591e-11	2.318931e-06
4.007482478794819e-02	5.000000e+00	-3.491429e-06	-5.008661e-04	-3.698181e-06	1.234165e-05	-2.239589e-11	2.067959e-06
4.008200674830328e-02	5.000000e+00	-3.143203e-06	-5.012212e-04	-3.383112e-06	1.234164e-05	-2.262037e-11	1.757495e-06
4.009559618081054e-02	5.000000e+00	-2.364273e-06	-5.020155e-04	-2.861166e-06	1.234162e-05	-2.268480e-11	1.244399e-06
4.012277504582504e-02	5.000000e+00	-1.100497e-06	-5.033007e-04	-2.050057e-06	1.234159e-05	-2.270891e-11	4.513691e-07
4.015169181008622e-02	5.000000e+00	-1.052185e-07	-5.043184e-04	-1.447486e-06	1.234156e-05	-2.271999e-11	-1.316043e-07
4.018106777987300e-02	5.000000e+00	7.141172e-07	-5.051577e-04	-1.032536e-06	1.234154e-05	-2.272357e-11	-5.264535e-07
4.020917558610689e-02	5.000000e+00	1.329696e-06	-5.057903e-04	-7.654094e-07	1.234151e-05	-2.272921e-11	-7.743035e-07
4.023651638607568e-02	5.000000e+00	1.697657e-06	-5.061736e-04	-5.890588e-07	1.234149e-05	-2.273889e-11	-9.319546e-07
4.026272014271610e-02	5.000000e+00	1.845043e-06	-5.063349e-04	-4.729868e-07	1.234147e-05	-2.274639e-11	-1.030211e-06
4.027693144651118e-02	5.000000e+00	1.857115e-06	-5.063544e-04	-4.269164e-07	1.234146e-05	-2.274822e-11	-1.066673e-06
4.027818144651119e-02	5.000000e+00	1.861518e-06	-5.063545e-04	-4.320442e-07	1.234606e-05	-2.274124e-11	-1.069436e-06
4.027896269651109e-02	5.000000e+00	1.872236e-06	-5.063544e-04	-4.437990e-07	1.235777e-05	-2.273393e-11	-1.071287e-06
4.028052519651090e-02	5.000000e+00	1.945650e-06	-5.063541e-04	-5.400300e-07	1.243676e-05	-2.267902e-11	-1.076009e-06
4.028115569618242e-02	5.000000e+00	2.096046e-06	-5.063534e-04	-7.451081e-07	1.261880e-05	-2.245458e-11	-1.079172e-06
4.028169667695443e-02	5.000000e+00	2.711657e-06	-5.063504e-04	-1.592455e-06	1.355248e-05	-2.119488e-11	-1.085396e-06
4.028177810655191e-02	5.000000e+00	2.941951e-06	-5.063476e-04	-1.914436e-06	1.385384e-05	-1.992005e-11	-1.086824e-06
4.028194096574687e-02	5.000000e+00	3.678734e-06	-5.063411e-04	-2.938742e-06	1.488296e-05	-1.709350e-11	-1.090675e-06
4.028226668413679e-02	5.000000e+00	6.927720e-06	-5.063230e-04	-7.431638e-06	1.939739e-05	-9.139486e-12	-1.108188e-06
4.028234810793788e-02	5.000000e+00	7.881402e-06	-5.063265e-04	-8.728743e-06	2.070246e-05	-1.068804e-11	-1.114924e-06
4.028234910793788e-02	5.000000e+00	7.893085e-06	-5.063273e-04	-8.742772e-06	1.573574e-04	-1.106530e-11	-1.115014e-06
4.028238565009754e-02	5.000000e+00	8.236154e-06	-5.063337e-04	-9.196714e-06	1.578695e-04	-1.388420e-11	-1.118440e-06
4.028242219225721e-02	5.000000e+00	8.520446e-06	-5.063392e-04	-9.571548e-06	1.582880e-04	-1.634615e-11	-1.121966e-06
4.028245873441687e-02	5.000000e+00	8.745961e-06	-5.063440e-04	-9.867276e-06	1.586127e-04	-1.845115e-11	-1.125594e-06
4.028249527657654e-02	5.000000e+00	8.912699e-06	-5.063479e-04	-1.008390e-05	1.588437e-04	-2.019921e-11	-1.129323e-06
4.028253181873621e-02	5.000000e+00	9.020660e-06	-5.063510e-04	-1.022141e-05	1.589811e-04	-2.159033e-11	-1.133153e-06
4.028256836089587e-02	5.000000e+00	9.069844e-06	-5.063533e-04	-1.027981e-05	1.590247e-04	-2.262449e-11	-1.137085e-06
4.028260490305554e-02	5.000000e+00	9.060251e-06	-5.063548e-04	-1.025911e-05	1.589746e-04	-2.330171e-11	-1.141118e-06
4.028438289348185e-02	5.000000e+00	9.070104e-06	-5.063528e-04	-1.008488e-05	1.590010e-04	-2.274764e-11	-1.332975e-06
4.028593144651119e-02	5.000000e+00	9.063662e-06	-5.063519e-04	-9.919268e-06	1.590009e-04	-2.275220e-11	-1.490933e-06
4.028613096731217e-02	5.000000e+00	9.062674e-06	-5.063518e-04	-9.903577e-06	1.590009e-04	-2.275312e-11	-1.505518e-06
4.028653000891413e-02	5.000000e+00	9.060224e-06	-5.063516e-04	-1.001581e-05	1.590009e-04	-2.275509e-11	-1.388301e-06
4.028914337948453e-02	5.000000e+00	9.052671e-06	-5.063495e-04	-1.001795e-05	1.592566e-04	-2.275324e-11	-1.375431e-06
4.029175675005493e-02	5.000000e+00	9.044596e-06	-5.063470e-04	-1.001985e-05	1.594447e-04	-2.275187e-11	-1.362585e-06
4.029437012062532e-02	5.000000e+00	9.036000e-06	-5.063442e-04	-1.002152e-05	1.595652e-04	-2.275098e-11	-1.349763e-06
4.029698349119572e-02	5.000000e+00	9.026882e-06	-5.063410e-04	-1.002296e-05	1.596182e-04	-2.275057e-11	-1.336966e-06
4.029959686176611e-02	5.000000e+00	9.017243e-06	-5.063375e-04	-1.002417e-05	1.596035e-04	-2.275064e-11	-1.324193e-06
4.030221023233651e-02	5.000000e+00	9.007082e-06	-5.063336e-04	-1.002515e-05	1.595213e-04	-2.275119e-11	-1.311444e-06
4.030482360290690e-02	5.000000e+00	8.996401e-06	-5.063293e-04	-1.002590e-05	1.593715e-04	-2.275222e-11	-1.298720e-06
4.031559609168688e-02	5.000000e+00	8.950626e-06	-5.063097e-04	-1.002900e-05	1.592180e-04	-2.275264e-11	-1.246524e-06
4.033123898261374e-02	5.000000e+00	8.878530e-06	-5.062770e-04	-1.003125e-05	1.590715e-04	-2.275298e-11	-1.171468e-06
4.034963696631222e-02	5.000000e+00	8.790037e-06	-5.062353e-04	-1.003220e-05	1.590153e-04	-2.275308e-11	-1.084311e-06
4.036705670044188e-02	5.000000e+00	8.705864e-06	-5.061954e-04	-1.003249e-05	1.590129e-04	-2.275301e-11	-1.002893e-06
4.037226668413679e-02	5.000000e+00	8.680695e-06	-5.061834e-04	-1.003253e-05	1.590191e-04	-2.275299e-11	-9.787498e-07
4.037463444809491e-02	5.000000e+00	8.668289e-06	-5.061780e-04	-1.003254e-05	1.407650e-04	-2.275340e-11	-9.678138e-07
4.037936997601117e-02	5.000000e+00	8.646789e-06	-5.061674e-04	-1.003257e-05	1.590164e-04	-2.275224e-11	-9.459955e-07
4.038884103184366e-02	5.000000e+00	8.602404e-06	-5.061467e-04	-1.003259e-05	1.590123e-04	-2.275295e-11	-9.025847e-07
4.040778314350865e-02	5.000000e+00	8.516448e-06	-5.061077e-04	-1.003262e-05	1.590097e-04	-2.275260e-11	-8.166806e-07
4.043478339974055e-02	5.000000e+00	8.400492e-06	-5.060576e-04	-1.003265e-05	1.590144e-04	-2.275232e-11	-6.963202e-07
4.045570709683368e-02	5.000000e+00	8.315441e-06	-5.060228e-04	-1.003267e-05	1.590146e-04	-2.275213e-11	-6.047073e-07
4.046546870909613e-02	5.000000e+00	8.276993e-06	-5.060077e-04	-1.003268e-05	1.590146e-04	-2.275140e-11	-5.624747e-07
4.047848419211272e-02	5.000000e+00	8.227349e-06	-5.059888e-04	-1.003269e-05	1.590146e-04	-2.275205e-11	-5.066233e-07
4.050451515814591e-02	5.000000e+00	8.132693e-06	-5.059596e-04	-1.003272e-05	1.590146e-04	-2.275168e-11	-3.965211e-07
4.053443281271756e-02	5.000000e+00	8.030993e-06	-5.059404e-04	-1.003275e-05	1.590145e-04	-2.275144e-11	-2.725728e-07
4.056444243466233e-02	5.000000e+00	7.935188e-06	-5.059125e-04	-1.003278e-05	1.590145e-04	-2.275125e-11	-1.509658e-07
4.059649493155924e-02	5.000000e+00	7.838617e-06	-5.058850e-04	-1.003281e-05	1.590144e-04	-2.275109e-11	-2.401431e-08
4.060881417235687e-02	5.000000e+00	7.819603e-06	-5.058756e-04	-1.003281e-05	1.590144e-04	-2.274930e-11	1.165339e-09
4.062073530152286e-02	5.000000e+00	7.819839e-06	-5.058672e-04	-1.003280e-05	1.590144e-04	-2.274812e-11	1.161050e-09
4.063654226528002e-02	5.000000e+00	7.820920e-06	-5.058569e-04	-1.003279e-05	1.590144e-04	-2.274807e-11	1.155324e-09
4.065450616783354e-02	5.000000e+00	7.823023e-06	-5.058461e-04	-1.003278e-05	1.590143e-04	-2.274802e-11	1.148814e-09
4.069043397294056e-02	5.000000e+00	7.829658e-06	-5.058268e-04	-1.003277e-05	1.590143e-04	-2.274794e-11	1.135781e-09
4.072660312419213e-02	5.000000e+00	7.839116e-06	-5.058103e-04	-1.003275e-05	1.590142e-04	-2.274787e-11	1.122636e-09
4.076721771003106e-02	5.000000e+00	7.852466e-06	-5.057942e-04	-1.003273e-05	1.590141e-04	-2.274780e-11	1.107838e-09
4.077767408637123e-02	5.000000e+00	7.856347e-06	-5.057904e-04	-1.003272e-05	1.590141e-04	-2.274774e-11	1.104010e-09
4.078813046271140e-02	5.000000e+00	7.860364e-06	-5.057868e-04	-1.003272e-05	1.590141e-04	-2.274769e-11	1.100178e-09
4.079858683905158e-02	5.000000e+00	7.864516e-06	-5.057833e-04	-1.003271e-05	1.590141e-04	-2.274766e-11	1.096343e-09
4.080904321539176e-02	5.000000e+00	7.868804e-06	-5.057800e-04	-1.003271e-05	1.590141e-04	-2.274765e-11	1.092504e-09
4.081949959173193e-02	5.000000e+00	7.873228e-06	-5.057767e-04	-1.003270e-05	1.590140e-04	-2.274766e-11	1.088662e-09
4.082995596807210e-02	5.000000e+00	7.877787e-06	-5.057736e-04	-1.003270e-05	1.590140e-04	-2.274768e-11	1.084817e-09
4.084041234441228e-02	5.000000e+00	7.882482e-06	-5.057707e-04	-1.003270e-05	1.590140e-04	-2.274771e-11	1.080968e-09
4.090185234441228e-02	5.000000e+00	7.912929e-06	-5.057550e-04	-1.003267e-05	1.590139e-04	-2.274763e-11	1.057822e-09
4.095959687066714e-02	5.000000e+00	7.951140e-06	-5.057426e-04	-1.003266e-05	1.590138e-04	-2.274742e-11	1.032626e-09
4.103529569381207e-02	5.000000e+00	8.096911e-06	-5.057292e-04	-1.003276e-05	1.590137e-04	-2.274549e-11	9.538127e-10
4.111141224523779e-02	5.000000e+00	8.798981e-06	-5.057181e-04	-1.003361e-05	1.590136e-04	-2.273528e-11	6.074943e-10
4.118879707730462e-02	5.000000e+00	9.827962e-06	-5.057087e-04	-1.003491e-05	1.590135e-04	-2.273280e-11	1.027791e-10
4.127378553639812e-02	5.000000e+00	1.017897e-05	-5.057001e-04	-1.003532e-05	1.590135e-04	-2.274883e-11	-7.165495e-11
4.136110509873625e-02	5.000000e+00	1.011834e-05	-5.056926e-04	-1.003519e-05	1.590134e-04	-2.275130e-11	-4.615067e-11
4.144729598225444e-02	5.000000e+00	1.004652e-05	-5.056863e-04	-1.003505e-05	1.590134e-04	-2.274906e-11	-1.461969e-11
4.154495223225444e-02	5.000000e+00	1.001539e-05	-5.056802e-04	-1.003496e-05	1.590133e-04	-2.274820e-11	-2.885146e-12
4.164260848225444e-02	5.000000e+00	1.000789e-05	-5.056749e-04	-1.003490e-05	1.590132e-04	-2.274812e-11	-2.056144e-12
4.174026473225444e-02	5.000000e+00	1.000472e-05	-5.056703e-04	-1.003484e-05	1.590132e-04	-2.274817e-11	-3.048924e-12
4.183792098225445e-02	5.000000e+00	1.000150e-05	-5.056664e-04	-1.003478e-05	1.590131e-04	-2.274819e-11	-3.756051e-12
4.193557723225445e-02	5.000000e+00	9.998115e-06	-5.056628e-04	-1.003472e-05	1.590131e-04	-2.274820e-11	-4.160183e-12
4.203323348225445e-02	5.000000e+00	9.994927e-06	-5.056597e-04	-1.003466e-05	1.590130e-04	-2.274819e-11	-4.471173e-12
4.213088973225445e-02	5.000000e+00	9.992101e-06	-5.056569e-04	-1.003459e-05	1.590129e-04	-2.274819e-11	-4.799333e-12
4.222854598225445e-02	5.000000e+00	9.989771e-06	-5.056544e-04	-1.003453e-05	1.590129e-04	-2.274818e-11	-5.230382e-12
4.232620223225445e-02	5.000000e+00	9.988402e-06	-5.056521e-04	-1.003447e-05	1.590128e-04	-2.274817e-11	-5.999892e-12
4.242385848225445e-02	5.000000e+00	9.989727e-06	-5.056500e-04	-1.003442e-05	1.590127e-04	-2.274813e-11	-7.927699e-12
4.252151473225445e-02	5.000000e+00	9.999758e-06	-5.056481e-04	-1.003437e-05	1.590127e-04	-2.274801e-11	-1.383988e-11
4.261917098225446e-02	5.000000e+00	1.003853e-05	-5.056464e-04	-1.003436e-05	1.590126e-04	-2.274761e-11	-3.327718e-11
4.271682723225446e-02	5.000000e+00	1.017313e-05	-5.056448e-04	-1.003447e-05	1.590126e-04	-2.274629e-11	-9.629458e-11
4.281448348225446e-02	5.000000e+00	1.054977e-05	-5.056433e-04	-1.003489e-05	1.590125e-04	-2.274305e-11	-2.690503e-10
4.291213973225446e-02	5.000000e+00	1.121710e-05	-5.056419e-04	-1.003561e-05	1.590125e-04	-2.273983e-11	-5.496498e-10
4.300979598225446e-02	5.000000e+00	1.192317e-05	-5.056406e-04	-1.003604e-05	1.590125e-04	-2.274071e-11	-7.156515e-10
4.310745223225446e-02	5.000000e+00	1.337134e-05	-5.056394e-04	-1.003600e-05	1.590125e-04	-2.272952e-11	-7.011514e-10
4.319560117623788e-02	5.000000e+00	1.791492e-05	-5.056383e-04	-1.003562e-05	1.590125e-04	-2.267917e-11	-5.651727e-10
4.326297251166464e-02	5.000000e+00	2.775447e-05	-5.056373e-04	-1.003506e-05	1.590124e-04	-2.256111e-11	-3.623153e-10
4.333579718129853e-02	5.000000e+00	5.480402e-05	-5.056359e-04	-1.003441e-05	1.590124e-04	-2.225947e-11	-1.310447e-10
4.338831887491925e-02	5.000000e+00	9.779580e-05	-5.056342e-04	-1.003417e-05	1.590124e-04	-2.174199e-11	-5.007067e-11
4.343625549065688e-02	5.000000e+00	1.718229e-04	-5.056318e-04	-1.003409e-05	1.590124e-04	-2.085650e-11	-3.113268e-11
4.349286119918618e-02	5.000000e+00	3.421632e-04	-5.056270e-04	-1.003402e-05	1.590123e-04	-1.894441e-11	-1.875197e-11
4.355942448935521e-02	5.000000e+00	7.811523e-04	-5.056158e-04	-1.003394e-05	1.590123e-04	-1.421261e-11	-4.090185e-12
4.365708073935521e-02	5.000000e+00	2.648003e-03	-5.055745e-04	-1.003381e-05	1.590122e-04	3.823036e-12	1.942758e-11
4.373777572931885e-02	5.000000e+00	7.248855e-03	-5.054672e-04	-1.003360e-05	1.590122e-04	5.143664e-11	6.869773e-11
4.379770451846593e-02	5.000000e+00	1.523326e-02	-5.052622e-04	-1.003328e-05	1.590121e-04	1.430102e-10	1.625265e-10
4.384996230850404e-02	5.000000e+00	2.892380e-02	-5.049133e-04	-1.003276e-05	1.590121e-04	2.992940e-10	3.217034e-10
4.389800070648674e-02	5.000000e+00	5.173754e-02	-5.043456e-04	-1.003194e-05	1.590120e-04	5.543029e-10	5.801634e-10
4.393945181258273e-02	5.000000e+00	8.472183e-02	-5.035300e-04	-1.003078e-05	1.590120e-04	9.218695e-10	9.514477e-10
4.398168047303133e-02	5.000000e+00	1.384675e-01	-5.022715e-04	-1.002900e-05	1.590119e-04	1.491160e-09	1.525180e-09
4.402455073988747e-02	5.000000e+00	2.245289e-01	-5.003681e-04	-1.002631e-05	1.590118e-04	2.355747e-09	2.394909e-09
4.406964102082910e-02	5.000000e+00	3.652473e-01	-4.974871e-04	-1.002222e-05	1.590116e-04	3.670549e-09	3.715543e-09
4.410732708874831e-02	5.000000e+00	5.369217e-01	-4.941791e-04	-1.001751e-05	1.590114e-04	5.188576e-09	5.238431e-09
4.415002638917952e-02	5.000000e+00	8.077679e-01	-4.896601e-04	-1.001102e-05	1.590111e-04	7.275399e-09	7.329958e-09
4.416562813302567e-02	5.000000e+00	9.302173e-01	-4.876078e-04	-1.000804e-05	1.590110e-04	8.232038e-09	8.288043e-09
4.417972490307518e-02	5.000000e+00	1.052463e+00	-4.858523e-04	-1.000547e-05	1.590108e-04	9.052982e-09	1.068843e-08
4.419756647961163e-02	5.000000e+00	1.223576e+00	-4.836527e-04	-1.000221e-05	1.590107e-04	1.008395e-08	1.812538e-08
4.421075772024419e-02	5.000000e+00	1.361773e+00	-4.820622e-04	-9.999787e-06	1.590105e-04	1.083299e-08	2.564451e-08
4.422457017720331e-02	5.000000e+00	1.517256e+00	-4.803611e-04	-9.997206e-06	1.590103e-04	1.163760e-08	3.497989e-08
4.424529806397686e-02	5.000000e+00	1.771470e+00	-4.778086e-04	-9.993307e-06	1.590101e-04	1.285161e-08	5.158239e-08
4.427454177033559e-02	5.000000e+00	2.172541e+00	-4.742756e-04	-9.987833e-06	1.590097e-04	1.454735e-08	7.993450e-08
4.432545980395265e-02	5.000000e+00	2.984263e+00	-4.685445e-04	-9.978687e-06	1.590088e-04	1.734250e-08	1.417681e-07
4.437365335699970e-02	5.000000e+00	3.871818e+00	-4.640160e-04	-9.971066e-06	1.590079e-04	1.960868e-08	2.126592e-07
4.442188681071056e-02	5.000000e+00	4.856629e+00	-4.602195e-04	-9.964743e-06	1.590069e-04	2.141042e-08	2.935336e-07
4.442995228161845e-02	5.000000e+00	5.029239e+00	-4.724274e-04	-9.964209e-06	1.590067e-04	2.153432e-08	3.076419e-07
4.443326372495852e-02	5.000000e+00	5.100692e+00	-4.831901e-04	-9.963880e-06	1.590067e-04	2.162158e-08	3.135501e-07
4.443454601810188e-02	5.000000e+00	5.128452e+00	-4.834677e-04	-9.963735e-06	1.590066e-04	2.166157e-08	3.158588e-07
4.443774053913083e-02	5.000000e+00	5.197824e+00	-4.837471e-04	-9.963385e-06	1.590066e-04	2.175629e-08	3.216395e-07
4.444102969856711e-02	5.000000e+00	5.269566e+00	-4.839437e-04	-9.963029e-06	1.590065e-04	2.185260e-08	3.276278e-07
4.444760801743970e-02	5.000000e+00	5.413975e+00	-4.841923e-04	-9.962330e-06	1.590063e-04	2.203994e-08	3.397044e-07
4.446076465518486e-02	5.000000e+00	5.706321e+00	-4.844343e-04	-9.960994e-06	1.590060e-04	2.239351e-08	3.642345e-07
4.448707793067518e-02	5.000000e+00	6.303659e+00	-4.849776e-04	-9.958559e-06	1.590054e-04	2.301757e-08	4.146488e-07
4.452682472466335e-02	5.000000e+00	7.231778e+00	-4.875782e-04	-9.955509e-06	1.590045e-04	2.374069e-08	4.935943e-07
4.456338093770333e-02	5.000000e+00	8.104812e+00	-4.906329e-04	-9.953485e-06	1.590036e-04	2.413802e-08	5.682933e-07
4.459964229924941e-02	5.000000e+00	8.981432e+00	-4.942181e-04	-9.952087e-06	1.590027e-04	2.432524e-08	6.433494e-07
4.465852140279006e-02	5.000000e+00	1.040985e+01	-5.010450e-04	-9.950731e-06	1.590012e-04	2.432127e-08	7.647328e-07
4.471599721107954e-02	5.000000e+00	1.178826e+01	-5.090490e-04	-9.950798e-06	1.589998e-04	2.385811e-08	8.808753e-07
4.480641639423690e-02	5.000000e+00	1.387215e+01	-5.239971e-04	-9.952894e-06	1.589977e-04	2.249379e-08	1.054791e-06
4.490367188996142e-02	5.000000e+00	1.592343e+01	-5.379393e-04	-9.958111e-06	1.589956e-04	2.010356e-08	1.223467e-06
4.496961356631757e-02	5.000000e+00	1.716226e+01	-5.384988e-04	-9.963607e-06	1.589944e-04	1.788402e-08	1.323617e-06
4.502607173400879e-02	5.000000e+00	1.810704e+01	-5.336949e-04	-9.968930e-06	1.589934e-04	1.581907e-08	1.399137e-06
4.508537886222711e-02	5.000000e+00	1.897461e+01	-5.265803e-04	-9.974849e-06	1.589925e-04	1.358384e-08	1.467729e-06
4.514971458168252e-02	5.000000e+00	1.976964e+01	-5.187716e-04	-9.981255e-06	1.589917e-04	1.121262e-08	1.529877e-06
4.520406914703658e-02	5.000000e+00	2.033413e+01	-5.142407e-04	-9.985931e-06	1.589912e-04	9.471279e-09	1.573652e-06
4.525801728590648e-02	5.000000e+00	2.081225e+01	-5.110959e-04	-9.989594e-06	1.589907e-04	8.114530e-09	1.611013e-06
4.531872521193071e-02	5.000000e+00	2.127703e+01	-5.085352e-04	-9.992406e-06	1.589902e-04	7.039525e-09	1.647658e-06
4.537654946693823e-02	5.000000e+00	2.166958e+01	-5.067377e-04	-9.993963e-06	1.589898e-04	6.400624e-09	1.679040e-06
4.544656290596964e-02	5.000000e+00	2.210242e+01	-5.052455e-04	-9.995080e-06	1.589894e-04	5.890688e-09	1.713863e-06
4.551382021420785e-02	5.000000e+00	2.249008e+01	-5.042941e-04	-9.995565e-06	1.589890e-04	5.602464e-09	1.745325e-06
4.559463757884268e-02	5.000000e+00	2.293321e+01	-5.036001e-04	-9.995805e-06	1.589885e-04	5.375624e-09	1.781345e-06
4.567123189213673e-02	5.000000e+00	2.333874e+01	-5.032135e-04	-9.995774e-06	1.589881e-04	3.091099e-08	1.814434e-06
4.570867972755677e-02	5.000000e+00	2.353350e+01	-5.030875e-04	-9.995672e-06	1.588125e-04	1.811980e-07	1.830463e-06
4.572535775134545e-02	5.000000e+00	2.359964e+01	-5.047492e-04	-1.000004e-05	1.587325e-04	2.592616e-07	1.833231e-06
4.573985892640160e-02	5.000000e+00	2.362533e+01	-5.076018e-04	-1.000793e-05	1.586977e-04	2.909757e-07	1.830462e-06
4.575113543130325e-02	5.000000e+00	2.363994e+01	-5.066103e-04	-1.000698e-05	1.586775e-04	3.118790e-07	1.831770e-06
4.576377977521585e-02	5.000000e+00	2.365329e+01	-5.062171e-04	-1.000738e-05	1.586581e-04	3.310319e-07	1.832544e-06
4.578906846304107e-02	5.000000e+00	2.367474e+01	-5.055308e-04	-1.000794e-05	1.586264e-04	3.630021e-07	1.833689e-06
4.581781123973705e-02	5.000000e+00	2.369376e+01	-5.048920e-04	-1.000829e-05	1.585960e-04	3.923649e-07	1.834710e-06
4.585040463451662e-02	5.000000e+00	2.371132e+01	-5.043338e-04	-1.000848e-05	1.585682e-04	4.205622e-07	1.835688e-06
4.588427610765571e-02	5.000000e+00	2.372644e+01	-5.039266e-04	-1.000864e-05	1.585430e-04	4.454911e-07	1.836504e-06
4.592082743395192e-02	5.000000e+00	2.374029e+01	-5.036074e-04	-1.000874e-05	1.585195e-04	4.688820e-07	1.837240e-06
4.595929924702462e-02	5.000000e+00	2.375280e+01	-5.033660e-04	-1.000881e-05	1.584978e-04	4.904738e-07	1.837891e-06
4.600153781881253e-02	5.000000e+00	2.376468e+01	-5.031751e-04	-1.000887e-05	1.584768e-04	5.113717e-07	1.838495e-06
4.605175321035502e-02	5.000000e+00	2.377684e+01	-5.030158e-04	-1.000892e-05	1.584549e-04	5.331771e-07	1.839100e-06
4.610259674219963e-02	5.000000e+00	2.378747e+01	-5.029055e-04	-1.000894e-05	1.584354e-04	5.525415e-07	1.839620e-06
4.615674266430465e-02	5.000000e+00	2.379731e+01	-5.028267e-04	-1.000895e-05	1.584171e-04	5.707489e-07	1.840092e-06
4.620809325225215e-02	5.000000e+00	2.380551e+01	-5.027769e-04	-1.000896e-05	1.584016e-04	5.861125e-07	1.840479e-06
4.626239864141653e-02	5.000000e+00	2.381320e+01	-5.027418e-04	-1.000895e-05	1.583870e-04	6.006852e-07	1.840837e-06
4.631685831769337e-02	5.000000e+00	2.382007e+01	-5.027183e-04	-1.000894e-05	1.583738e-04	6.138314e-07	1.841152e-06
4.637624113317788e-02	5.000000e+00	2.382675e+01	-5.027013e-04	-1.000893e-05	1.583608e-04	6.267475e-07	1.841456e-06
4.643888448957199e-02	5.000000e+00	2.383304e+01	-5.026893e-04	-1.000891e-05	1.583485e-04	6.390048e-07	1.841738e-06
4.650876860830412e-02	5.000000e+00	2.383929e+01	-5.026806e-04	-1.000889e-05	1.583362e-04	6.512748e-07	1.842016e-06
4.658502239994668e-02	5.000000e+00	2.384533e+01	-5.026744e-04	-1.000886e-05	1.583241e-04	6.632341e-07	1.842281e-06
4.667165713168159e-02	5.000000e+00	2.385138e+01	-5.026697e-04	-1.000882e-05	1.583120e-04	6.753050e-07	1.842545e-06
4.676889550431874e-02	5.000000e+00	2.385732e+01	-5.026663e-04	-1.000877e-05	1.583000e-04	6.872548e-07	1.842802e-06
4.686655175431874e-02	5.000000e+00	2.386255e+01	-5.026639e-04	-1.000873e-05	1.582893e-04	6.978440e-07	1.843027e-06
4.696420800431874e-02	5.000000e+00	2.386717e+01	-5.026623e-04	-1.000868e-05	1.582798e-04	7.072571e-07	1.843224e-06
4.706186425431874e-02	5.000000e+00	2.387128e+01	-5.026610e-04	-1.000863e-05	1.582713e-04	7.156802e-07	1.843398e-06
4.725717675431874e-02	5.000000e+00	2.387829e+01	-5.026594e-04	-1.000852e-05	1.582568e-04	7.301235e-07	1.843694e-06
4.745248925431875e-02	5.000000e+00	2.388403e+01	-5.026583e-04	-1.000842e-05	1.582447e-04	7.420597e-07	1.843934e-06
4.764780175431875e-02	5.000000e+00	2.388883e+01	-5.026576e-04	-1.000831e-05	1.582345e-04	7.520903e-07	1.844134e-06
4.784311425431875e-02	5.000000e+00	2.389290e+01	-5.026570e-04	-1.000820e-05	1.582259e-04	7.606384e-07	1.844303e-06
4.803842675431876e-02	5.000000e+00	2.389639e+01	-5.026567e-04	-9.996902e-06	1.582184e-04	7.680072e-07	1.844447e-06
4.833139550431876e-02	5.000000e+00	2.390077e+01	-5.026563e-04	-9.924862e-06	1.582089e-04	7.773036e-07	1.844627e-06
4.862436425431876e-02	5.000000e+00	2.390436e+01	-5.026560e-04	-9.816270e-06	1.582011e-04	7.849508e-07	1.844774e-06
4.891733300431877e-02	5.000000e+00	2.390735e+01	-5.026558e-04	-9.691907e-06	1.581945e-04	7.913361e-07	1.844897e-06
4.914054729003306e-02	5.000000e+00	2.390924e+01	-5.026557e-04	-9.591525e-06	1.581904e-04	7.953919e-07	1.844974e-06
4.936376157574734e-02	5.000000e+00	2.391098e+01	-5.026556e-04	-9.493889e-06	1.581865e-04	7.991258e-07	1.845044e-06
4.958697586146164e-02	5.000000e+00	2.391256e+01	-5.026555e-04	-9.398999e-06	1.581830e-04	8.025377e-07	1.845109e-06
4.981019014717592e-02	5.000000e+00	2.391400e+01	-5.026555e-04	-9.306854e-06	1.581798e-04	8.056279e-07	1.845167e-06
5.003340443289021e-02	5.000000e+00	2.391528e+01	-5.026554e-04	-9.217454e-06	1.581769e-04	8.083961e-07	1.845219e-06
5.025661871860450e-02	5.000000e+00	2.391641e+01	-5.026554e-04	-9.130800e-06	1.581743e-04	8.108424e-07	1.845265e-06
5.047983300431879e-02	5.000000e+00	2.391739e+01	-5.026553e-04	-9.046891e-06	1.581721e-04	8.129668e-07	1.845304e-06
5.094021246860451e-02	5.000000e+00	2.391916e+01	-5.026553e-04	-8.891510e-06	1.581680e-04	8.164672e-07	1.845376e-06
5.140059193289023e-02	5.000000e+00	2.392075e+01	-5.026553e-04	-8.747394e-06	1.581643e-04	8.198197e-07	1.845440e-06
5.186097139717595e-02	5.000000e+00	2.392218e+01	-5.026552e-04	-8.614543e-06	1.581610e-04	8.230243e-07	1.845497e-06
5.232135086146168e-02	5.000000e+00	2.392343e+01	-5.026552e-04	-8.492958e-06	1.581580e-04	8.260811e-07	1.845547e-06
5.278173032574739e-02	5.000000e+00	2.392452e+01	-5.026552e-04	-8.382638e-06	1.581554e-04	8.289900e-07	1.845591e-06
5.324210979003312e-02	5.000000e+00	2.392543e+01	-5.026552e-04	-8.283583e-06	1.581532e-04	8.317511e-07	1.845627e-06
5.370248925431884e-02	5.000000e+00	2.392617e+01	-5.026552e-04	-8.195794e-06	1.581513e-04	8.343644e-07	1.845656e-06
5.460213378941615e-02	5.000000e+00	2.392746e+01	-5.026552e-04	-8.045383e-06	1.581481e-04	8.455050e-07	1.845707e-06
5.550177832451345e-02	5.000000e+00	2.392861e+01	-5.026552e-04	-7.908676e-06	1.581452e-04	8.567352e-07	1.845752e-06
5.640142285961076e-02	5.000000e+00	2.392963e+01	-5.026552e-04	-7.785674e-06	1.581425e-04	8.680551e-07	1.845791e-06
5.730106739470807e-02	5.000000e+00	2.393052e+01	-5.026552e-04	-7.676376e-06	1.581402e-04	8.794644e-07	1.845826e-06
5.820071192980538e-02	5.000000e+00	2.393128e+01	-5.026552e-04	-7.580782e-06	1.581381e-04	8.909634e-07	1.845855e-06
5.910035646490269e-02	5.000000e+00	2.393190e+01	-5.026552e-04	-7.498892e-06	1.581364e-04	9.025519e-07	1.845878e-06
6.000000100000000e-02	5.000000e+00	2.393239e+01	-5.026552e-04	-7.430707e-06	1.581349e-04	9.142300e-07	1.845896e-06
6.000000200000000e-02	1.997902e-08	2.393239e+01	-5.042719e-04	-7.430707e-06	1.581349e-04	9.142300e-07	1.845896e-06
6.000000204156718e-02	0.000000e+00	2.393239e+01	-5.043055e-04	-7.430707e-06	1.581349e-04	9.142300e-07	1.845896e-06
6.000000209699009e-02	0.000000e+00	2.393239e+01	-5.043151e-04	-7.430707e-06	1.581349e-04	9.142300e-07	1.845896e-06
6.000000240089857e-02	0.000000e+00	2.393239e+01	-5.042496e-04	-7.430707e-06	1.581349e-04	9.142300e-07	1.845896e-06
6.000000258276843e-02	0.000000e+00	2.393239e+01	-5.042255e-04	-7.430707e-06	1.581349e-04	9.142300e-07	1.845896e-06
6.000000294650815e-02	0.000000e+00	2.393239e+01	-5.042223e-04	-7.430707e-06	1.581349e-04	9.142300e-07	1.845896e-06
6.000000318213052e-02	0.000000e+00	2.393239e+01	-5.042748e-04	-7.430707e-06	1.581349e-04	9.142300e-07	1.845896e-06
6.000000340670297e-02	0.000000e+00	2.393239e+01	-5.044085e-04	-7.430707e-06	1.581349e-04	9.142300e-07	1.845896e-06
6.000000360493449e-02	0.000000e+00	2.393239e+01	-5.046577e-04	-7.430707e-06	1.581349e-04	9.142300e-07	1.845896e-06
6.000000379890636e-02	0.000000e+00	2.393239e+01	-5.051185e-04	-7.430707e-06	1.581349e-04	9.142300e-07	1.845896e-06
6.000000402809771e-02	0.000000e+00	2.393239e+01	-5.061123e-04	-7.430707e-06	1.581349e-04	9.142301e-07	1.845896e-06
6.000000423531976e-02	0.000000e+00	2.393239e+01	-5.075065e-04	-7.430707e-06	1.581349e-04	9.142301e-07	1.845896e-06
6.000000450213234e-02	0.000000e+00	2.393239e+01	-5.097835e-04	-7.430707e-06	1.581349e-04	9.142301e-07	1.845896e-06
6.000000477450090e-02	0.000000e+00	2.393239e+01	-5.122668e-04	-7.430707e-06	1.581349e-04	9.142301e-07	1.845896e-06
6.000000507156407e-02	0.000000e+00	2.393239e+01	-5.148586e-04	-7.430707e-06	1.581349e-04	9.142301e-07	1.845896e-06
6.000000547776273e-02	0.000000e+00	2.393239e+01	-5.179456e-04	-7.430707e-06	1.581349e-04	9.142301e-07	1.845896e-06
6.000000598045110e-02	0.000000e+00	2.393239e+01	-5.210092e-04	-7.430707e-06	1.581349e-04	9.142301e-07	1.845896e-06
6.000000653391803e-02	0.000000e+00	2.393239e+01	-5.235240e-04	-7.430707e-06	1.581349e-04	9.142301e-07	1.845896e-06
6.000000707215699e-02	0.000000e+00	2.393239e+01	-5.252311e-04	-7.430707e-06	1.581349e-04	9.142301e-07	1.845896e-06
6.000000778950453e-02	0.000000e+00	2.393239e+01	-5.265851e-04	-7.430707e-06	1.581349e-04	9.142301e-07	1.845896e-06
6.000000868770747e-02	0.000000e+00	2.393239e+01	-5.271236e-04	-7.430706e-06	1.581349e-04	9.142302e-07	1.845896e-06
6.000000987680971e-02	0.000000e+00	2.393239e+01	-5.263857e-04	-7.430706e-06	1.581349e-04	9.142302e-07	1.845896e-06
6.000001065136591e-02	0.000000e+00	2.393239e+01	-5.252190e-04	-7.430706e-06	1.581349e-04	9.142302e-07	1.845896e-06
6.000001145672774e-02	0.000000e+00	2.393239e+01	-5.235892e-04	-7.430706e-06	1.581349e-04	9.142302e-07	1.845896e-06
6.000001258568591e-02	0.000000e+00	2.393239e+01	-5.207919e-04	-7.430706e-06	1.581349e-04	9.142302e-07	1.845896e-06
6.000001369702165e-02	0.000000e+00	2.393239e+01	-5.175995e-04	-7.430706e-06	1.581349e-04	9.142302e-07	1.845896e-06
6.000001492326273e-02	0.000000e+00	2.393239e+01	-5.137132e-04	-7.430706e-06	1.581349e-04	9.142302e-07	1.845896e-06
6.000001607528125e-02	0.000000e+00	2.393239e+01	-5.098099e-04	-7.430706e-06	1.581349e-04	9.142302e-07	1.845896e-06
6.000001726821691e-02	0.000000e+00	2.393239e+01	-5.055880e-04	-7.430706e-06	1.581349e-04	9.142302e-07	1.845896e-06
6.000001841748955e-02	0.000000e+00	2.393239e+01	-5.013993e-04	-7.430706e-06	1.581349e-04	9.142303e-07	1.845896e-06
6.000001959584573e-02	0.000000e+00	2.393239e+01	-4.970171e-04	-7.430706e-06	1.581349e-04	9.142303e-07	1.845896e-06
6.000002073323599e-02	0.000000e+00	2.393239e+01	-4.927281e-04	-7.430705e-06	1.581349e-04	9.142303e-07	1.845896e-06
6.000002170871128e-02	0.000000e+00	2.393239e+01	-4.890172e-04	-7.430705e-06	1.581349e-04	9.142303e-07	1.845896e-06
6.000002276016574e-02	0.000000e+00	2.393239e+01	-4.849945e-04	-7.430705e-06	1.581349e-04	9.142303e-07	1.845896e-06
6.000002371640004e-02	0.000000e+00	2.393239e+01	-4.813218e-04	-7.430705e-06	1.581349e-04	9.142303e-07	1.845896e-06
6.000002515673900e-02	0.000000e+00	2.393239e+01	-4.757743e-04	-7.430705e-06	1.581349e-04	9.142303e-07	1.845896e-06
6.000002702678663e-02	0.000000e+00	2.393239e+01	-4.685581e-04	-7.430705e-06	1.581349e-04	9.142303e-07	1.845896e-06
6.000002984730565e-02	0.000000e+00	2.393239e+01	-4.576731e-04	-7.430705e-06	1.581349e-04	9.142304e-07	1.845896e-06
6.000003373083925e-02	0.000000e+00	2.393239e+01	-4.427307e-04	-7.430704e-06	1.581349e-04	9.142304e-07	1.845896e-06
6.000003985014788e-02	0.000000e+00	2.393239e+01	-4.194024e-04	-7.430704e-06	1.581349e-04	9.142305e-07	1.845896e-06
6.000004770573357e-02	0.000000e+00	2.393239e+01	-3.900676e-04	-7.430704e-06	1.581349e-04	9.142306e-07	1.845896e-06
6.000005790472956e-02	0.000000e+00	2.393239e+01	-3.534160e-04	-7.430703e-06	1.581349e-04	9.142307e-07	1.845896e-06
6.000007178226711e-02	0.000000e+00	2.393239e+01	-3.068288e-04	-7.430702e-06	1.581349e-04	9.142309e-07	1.845896e-06
6.000008895672417e-02	0.000000e+00	2.393239e+01	-2.552113e-04	-7.430700e-06	1.581349e-04	9.142311e-07	1.845896e-06
6.000010841208676e-02	0.000000e+00	2.393239e+01	-2.051713e-04	-7.430699e-06	1.581349e-04	9.142313e-07	1.845896e-06
6.000013785545789e-02	0.000000e+00	2.393239e+01	-1.450736e-04	-7.430696e-06	1.581349e-04	9.142316e-07	1.845896e-06
6.000017321252559e-02	0.000000e+00	2.393239e+01	-9.364406e-05	-7.430694e-06	1.581349e-04	9.142321e-07	1.845896e-06
6.000021148624132e-02	0.000000e+00	2.393239e+01	-5.724696e-05	-7.430691e-06	1.581349e-04	9.142325e-07	1.845896e-06
6.000025412652583e-02	0.000000e+00	2.393239e+01	-3.262624e-05	-7.430687e-06	1.581349e-04	9.142330e-07	1.845896e-06
6.000031165361957e-02	0.000000e+00	2.393239e+01	-1.483771e-05	-7.430683e-06	1.581349e-04	9.142337e-07	1.845896e-06
6.000038167187329e-02	0.000000e+00	2.393239e+01	-5.548343e-06	-7.430677e-06	1.581349e-04	9.142345e-07	1.845896e-06
6.000046762104971e-02	0.000000e+00	2.393239e+01	-2.036501e-06	-7.430671e-06	1.581349e-04	9.142356e-07	1.845896e-06
6.000057856959035e-02	0.000000e+00	2.393239e+01	-1.548375e-06	-7.430662e-06	1.581349e-04	9.142369e-07	1.845896e-06
6.000073176195705e-02	0.000000e+00	2.393239e+01	-2.138235e-06	-7.430650e-06	1.581349e-04	9.142387e-07	1.845896e-06
6.000097325574988e-02	0.000000e+00	2.393239e+01	-2.703724e-06	-7.430631e-06	1.581349e-04	9.142415e-07	1.845896e-06
6.000145624333553e-02	0.000000e+00	2.393239e+01	-2.887547e-06	-7.430593e-06	1.581349e-04	9.142472e-07	1.845896e-06
6.000206070603201e-02	0.000000e+00	2.393239e+01	-2.841323e-06	-7.430546e-06	1.581349e-04	9.142543e-07	1.845896e-06
6.000247687012102e-02	0.000000e+00	2.393239e+01	-2.819230e-06	-7.430514e-06	1.581349e-04	9.142593e-07	1.845896e-06
6.000305382692174e-02	0.000000e+00	2.393239e+01	-2.815106e-06	-7.430468e-06	1.581349e-04	9.142661e-07	1.845896e-06
6.000339941402837e-02	0.000000e+00	2.393239e+01	-2.816478e-06	-7.430441e-06	1.581349e-04	9.142701e-07	1.845896e-06
6.000377376310148e-02	0.000000e+00	2.393239e+01	-2.817433e-06	-7.430412e-06	1.581349e-04	9.142746e-07	1.845896e-06
6.000399598841075e-02	0.000000e+00	2.393239e+01	-2.817344e-06	-7.430395e-06	1.581349e-04	9.142772e-07	1.845896e-06
6.000419983844266e-02	0.000000e+00	2.393239e+01	-2.816487e-06	-7.430379e-06	1.581349e-04	9.142796e-07	1.845896e-06
6.000434215543401e-02	0.000000e+00	2.393239e+01	-2.814917e-06	-7.430368e-06	1.581349e-04	9.142813e-07	1.845896e-06
6.000446493807975e-02	0.000000e+00	2.393239e+01	-2.812400e-06	-7.430358e-06	1.581349e-04	9.142827e-07	1.845896e-06
6.000457310271606e-02	0.000000e+00	2.393239e+01	-2.808636e-06	-7.430350e-06	1.581349e-04	9.142839e-07	1.845896e-06
6.000467236743654e-02	0.000000e+00	2.393239e+01	-2.803130e-06	-7.430342e-06	1.581349e-04	9.142850e-07	1.845896e-06
6.000476583950504e-02	0.000000e+00	2.393239e+01	-2.795136e-06	-7.430335e-06	1.581349e-04	9.142861e-07	1.845896e-06
6.000486590502455e-02	0.000000e+00	2.393239e+01	-2.781973e-06	-7.430328e-06	1.581349e-04	9.142872e-07	1.845896e-06
6.000496917410646e-02	0.000000e+00	2.393239e+01	-2.760620e-06	-7.430320e-06	1.581349e-04	9.142883e-07	1.845896e-06
6.000508469722046e-02	0.000000e+00	2.393239e+01	-2.961917e-06	-7.430312e-06	1.581349e-04	9.142896e-07	1.845896e-06
6.000519896616360e-02	0.000000e+00	2.393239e+01	-3.245132e-06	-7.430304e-06	1.581349e-04	9.142908e-07	1.845896e-06
6.000531719083571e-02	0.000000e+00	2.393239e+01	-3.390676e-06	-7.430296e-06	1.581349e-04	9.142920e-07	1.845896e-06
6.000543443513452e-02	0.000000e+00	2.393239e+01	-3.719855e-06	-7.430289e-06	1.581349e-04	9.142932e-07	1.845896e-06
6.000544341349136e-02	0.000000e+00	2.393239e+01	-4.487262e-05	-7.430288e-06	1.581349e-04	9.142933e-07	1.845896e-06
6.000547173937566e-02	0.000000e+00	2.393239e+01	-4.502360e-05	-7.430286e-06	1.581349e-04	9.142936e-07	1.845896e-06
6.000550006525997e-02	0.000000e+00	2.393239e+01	-4.517291e-05	-7.430285e-06	1.581349e-04	9.142939e-07	1.845896e-06
6.000552839114428e-02	0.000000e+00	2.393239e+01	-4.532057e-05	-7.430283e-06	1.581349e-04	9.142941e-07	1.845896e-06
6.000555671702858e-02	0.000000e+00	2.393239e+01	-4.546655e-05	-7.430281e-06	1.581349e-04	9.142944e-07	1.845896e-06
6.000558504291289e-02	0.000000e+00	2.393239e+01	-4.561088e-05	-7.430279e-06	1.581349e-04	9.142947e-07	1.845896e-06
6.000561336879720e-02	0.000000e+00	2.393239e+01	-4.575354e-05	-7.430278e-06	1.581349e-04	9.142950e-07	1.845896e-06
6.000564169468151e-02	0.000000e+00	2.393239e+01	-4.589454e-05	-7.430276e-06	1.581349e-04	9.142952e-07	1.845896e-06
6.000578305565081e-02	0.000000e+00	2.393239e+01	-4.678624e-05	-7.430267e-06	1.581349e-04	9.142966e-07	1.845896e-06
6.000599111149810e-02	0.000000e+00	2.393239e+01	-4.770191e-05	-7.430255e-06	1.581349e-04	9.142984e-07	1.845896e-06
6.000620244138050e-02	0.000000e+00	2.393239e+01	-4.792769e-05	-7.430244e-06	1.581349e-04	9.143002e-07	1.845896e-06
6.000640756404107e-02	0.000000e+00	2.393239e+01	-4.796416e-05	-7.430234e-06	1.581349e-04	9.143018e-07	1.845896e-06
6.000674758619994e-02	0.000000e+00	2.393239e+01	-4.800373e-05	-7.430217e-06	1.581349e-04	9.143050e-07	1.845896e-06
6.000727663316566e-02	0.000000e+00	2.393239e+01	-4.806499e-05	-7.430184e-06	1.581349e-04	9.143100e-07	1.845896e-06
6.000833472709709e-02	0.000000e+00	2.393239e+01	-4.818579e-05	-7.430108e-06	1.581349e-04	9.143210e-07	1.845896e-06
6.000938167187329e-02	0.000000e+00	2.393239e+01	-4.830265e-05	-7.430028e-06	1.581349e-04	9.143328e-07	1.845896e-06
6.000942595605991e-02	0.000000e+00	2.393239e+01	-4.830805e-05	-7.430024e-06	1.581349e-04	9.143333e-07	1.845896e-06
6.000951452443314e-02	0.000000e+00	2.393239e+01	-4.831897e-05	-7.430017e-06	1.581349e-04	9.143343e-07	1.845896e-06
6.000957846251433e-02	0.000000e+00	2.393239e+01	-4.833039e-05	-7.430012e-06	1.581349e-04	9.143350e-07	1.845896e-06
6.000967620059183e-02	0.000000e+00	2.393239e+01	-4.834397e-05	-7.430005e-06	1.581349e-04	9.143362e-07	1.845896e-06
6.001022848351179e-02	0.000000e+00	2.393239e+01	-4.839848e-05	-7.429962e-06	1.581349e-04	9.143426e-07	1.845896e-06
6.001078076643176e-02	0.000000e+00	2.393239e+01	-4.845396e-05	-7.429919e-06	1.581349e-04	9.143490e-07	1.845896e-06
6.001133304935172e-02	0.000000e+00	2.393239e+01	-4.851041e-05	-7.429876e-06	1.581349e-04	9.143555e-07	1.845896e-06
6.001188533227169e-02	0.000000e+00	2.393239e+01	-4.856783e-05	-7.429833e-06	1.581349e-04	9.143620e-07	1.845896e-06
6.001243761519166e-02	0.000000e+00	2.393239e+01	-4.862622e-05	-7.429789e-06	1.581349e-04	9.143685e-07	1.845896e-06
6.001298989811162e-02	0.000000e+00	2.393239e+01	-4.868557e-05	-7.429746e-06	1.581349e-04	9.143750e-07	1.845896e-06
6.001354218103159e-02	0.000000e+00	2.393239e+01	-4.874590e-05	-7.429703e-06	1.581349e-04	9.143815e-07	1.845896e-06
6.001734235777909e-02	0.000000e+00	2.393240e+01	-4.912039e-05	-7.429407e-06	1.581349e-04	9.144262e-07	1.845897e-06
6.002494271127410e-02	0.000000e+00	2.393240e+01	-4.979055e-05	-7.428814e-06	1.581349e-04	9.145158e-07	1.845897e-06
6.004014341826412e-02	0.000000e+00	2.393241e+01	-5.087158e-05	-7.427629e-06	1.581348e-04	9.146948e-07	1.845897e-06
6.005146043221102e-02	0.000000e+00	2.393242e+01	-5.149408e-05	-7.426748e-06	1.581348e-04	9.148280e-07	1.845897e-06
6.005944723466243e-02	0.000000e+00	2.393242e+01	-5.195565e-05	-7.426127e-06	1.581348e-04	9.149219e-07	1.845897e-06
6.006715033902645e-02	0.000000e+00	2.393242e+01	-5.222968e-05	-7.425529e-06	1.581348e-04	9.150124e-07	1.845898e-06
6.007459762147694e-02	0.000000e+00	2.393243e+01	-5.247057e-05	-7.424951e-06	1.581348e-04	9.150999e-07	1.845898e-06
6.008949218637791e-02	0.000000e+00	2.393244e+01	-5.286729e-05	-7.423796e-06	1.581348e-04	9.152748e-07	1.845898e-06
6.009543443513452e-02	0.000000e+00	2.393244e+01	-5.299456e-05	-7.423336e-06	1.581348e-04	9.153446e-07	1.845898e-06
6.010437117407510e-02	0.000000e+00	2.393245e+01	-5.312319e-05	-7.422645e-06	1.581347e-04	9.154494e-07	1.845898e-06
6.011628682599587e-02	0.000000e+00	2.393245e+01	-5.327655e-05	-7.421724e-06	1.581347e-04	9.155891e-07	1.845899e-06
6.013135729263219e-02	0.000000e+00	2.393246e+01	-5.344618e-05	-7.420560e-06	1.581347e-04	9.157656e-07	1.845899e-06
6.014671043705242e-02	0.000000e+00	2.393247e+01	-5.358183e-05	-7.419378e-06	1.581347e-04	9.159453e-07	1.845899e-06
6.017062810172001e-02	0.000000e+00	2.393248e+01	-5.372940e-05	-7.417539e-06	1.581346e-04	9.162249e-07	1.845900e-06
6.020590326947966e-02	0.000000e+00	2.393250e+01	-5.385571e-05	-7.414837e-06	1.581346e-04	9.166366e-07	1.845901e-06
6.027111550290080e-02	0.000000e+00	2.393254e+01	-5.395409e-05	-7.409867e-06	1.581345e-04	9.173953e-07	1.845902e-06
6.033686024624201e-02	0.000000e+00	2.393258e+01	-5.397642e-05	-7.404893e-06	1.581344e-04	9.181573e-07	1.845903e-06
6.043451649624201e-02	0.000000e+00	2.393263e+01	-5.397558e-05	-7.397570e-06	1.581342e-04	9.192836e-07	1.845905e-06
6.053217274624201e-02	0.000000e+00	2.393269e+01	-5.396950e-05	-7.390324e-06	1.581340e-04	9.204033e-07	1.845907e-06
6.062982899624201e-02	0.000000e+00	2.393274e+01	-5.396633e-05	-7.383154e-06	1.581339e-04	9.215165e-07	1.845909e-06
6.072748524624201e-02	0.000000e+00	2.393279e+01	-5.396565e-05	-7.376059e-06	1.581337e-04	9.226230e-07	1.845911e-06
6.082514149624201e-02	0.000000e+00	2.393284e+01	-5.396603e-05	-7.369037e-06	1.581336e-04	9.237230e-07	1.845913e-06
6.092279774624201e-02	0.000000e+00	2.393289e+01	-5.396663e-05	-7.362087e-06	1.581334e-04	9.248163e-07	1.845915e-06
6.102045399624201e-02	0.000000e+00	2.393295e+01	-5.396722e-05	-7.355209e-06	1.581333e-04	9.259032e-07	1.845917e-06
6.111811024624202e-02	0.000000e+00	2.393299e+01	-5.396776e-05	-7.348400e-06	1.581331e-04	9.269835e-07	1.845919e-06
6.121576649624202e-02	0.000000e+00	2.393304e+01	-5.396825e-05	-7.341660e-06	1.581330e-04	9.280574e-07	1.845921e-06
6.131342274624202e-02	0.000000e+00	2.393309e+01	-5.396873e-05	-7.334988e-06	1.581328e-04	9.291248e-07	1.845922e-06
6.141988107201399e-02	0.000000e+00	2.393315e+01	-5.396923e-05	-7.327791e-06	1.581327e-04	9.302809e-07	1.845924e-06
6.142113107201399e-02	0.000000e+00	2.393315e+01	-5.396924e-05	-8.884954e-06	1.581326e-04	8.473914e-07	1.740823e-06
6.142115911535975e-02	0.000000e+00	2.393315e+01	-5.396947e-05	-4.301823e-06	1.581326e-04	8.473913e-07	-2.345336e-06
6.142121520205127e-02	0.000000e+00	2.393315e+01	-5.397148e-05	2.012135e-05	1.581326e-04	8.473896e-07	-2.869379e-05
6.142132737543431e-02	0.000000e+00	2.393315e+01	-5.398181e-05	1.420297e-04	1.581326e-04	8.473799e-07	-1.551463e-04
6.142155172220039e-02	0.000000e+00	2.393314e+01	-5.402626e-05	6.672102e-04	1.581327e-04	8.473295e-07	-6.887636e-04
6.142173823567700e-02	0.000000e+00	2.393313e+01	-5.408487e-05	1.357049e-03	1.581327e-04	8.472525e-07	-1.384573e-03
6.142186185022202e-02	0.000000e+00	2.393311e+01	-5.413321e-05	1.921454e-03	1.581327e-04	8.471824e-07	-1.951919e-03
6.142194581960413e-02	0.000000e+00	2.393310e+01	-5.413988e-05	1.986484e-03	1.581327e-04	8.471528e-07	-1.987965e-03
6.142204534734357e-02	0.000000e+00	2.393309e+01	-5.413992e-05	1.999099e-03	1.581328e-04	8.471232e-07	-2.003707e-03
6.142214122338840e-02	0.000000e+00	2.393307e+01	-5.414114e-05	2.005605e-03	1.581328e-04	8.470934e-07	-2.011628e-03
6.142271647965745e-02	0.000000e+00	2.393299e+01	-5.414342e-05	2.014547e-03	1.581330e-04	8.469157e-07	-2.020299e-03
6.142476314916071e-02	0.000000e+00	2.393270e+01	-5.414646e-05	1.983916e-03	1.574699e-04	8.462659e-07	-1.988657e-03
6.142529773273953e-02	0.000000e+00	2.393262e+01	-5.414769e-05	1.979092e-03	1.540864e-04	8.460907e-07	-1.977596e-03
6.142529873273953e-02	0.000000e+00	2.393262e+01	-5.415146e-05	1.979079e-03	1.540299e-04	8.460873e-07	-1.975438e-03
6.142530493926664e-02	0.000000e+00	2.393262e+01	-5.413221e-05	1.979002e-03	1.536746e-04	8.461006e-07	-1.975305e-03
6.142530561361405e-02	0.000000e+00	2.393262e+01	-5.414759e-05	1.978993e-03	1.536355e-04	8.460881e-07	-1.975292e-03
6.142531488330256e-02	0.000000e+00	2.393262e+01	-5.414770e-05	1.978875e-03	1.531741e-04	8.460850e-07	-1.975096e-03
6.142532415299106e-02	0.000000e+00	2.393262e+01	-5.414779e-05	1.978755e-03	1.525641e-04	8.460820e-07	-1.974900e-03
6.142533342267956e-02	0.000000e+00	2.393262e+01	-5.414785e-05	1.978633e-03	1.518054e-04	8.460789e-07	-1.974704e-03
6.142534269236807e-02	0.000000e+00	2.393262e+01	-5.414788e-05	1.978510e-03	1.508982e-04	8.460758e-07	-1.974508e-03
6.142535196205658e-02	0.000000e+00	2.393262e+01	-5.414790e-05	1.978384e-03	1.498423e-04	8.460727e-07	-1.974312e-03
6.142536123174508e-02	0.000000e+00	2.393262e+01	-5.414788e-05	1.978256e-03	1.486378e-04	8.460697e-07	-1.974116e-03
6.142537050143358e-02	0.000000e+00	2.393261e+01	-5.414784e-05	1.978126e-03	1.472846e-04	8.460667e-07	-1.973921e-03
6.142540501940623e-02	0.000000e+00	2.393261e+01	-5.414790e-05	1.977627e-03	1.325353e-04	8.460553e-07	-1.973191e-03
6.142543935109408e-02	0.000000e+00	2.393260e+01	-5.414796e-05	1.977107e-03	9.383082e-05	8.460439e-07	-1.972464e-03
6.142548113152531e-02	0.000000e+00	2.393260e+01	-5.414802e-05	1.976443e-03	4.387393e-05	8.460301e-07	-1.971580e-03
6.142552249756532e-02	0.000000e+00	2.393259e+01	-5.414809e-05	1.975756e-03	2.107396e-05	8.460164e-07	-1.970703e-03
6.142556795362851e-02	0.000000e+00	2.393258e+01	-5.414816e-05	1.974971e-03	1.554759e-05	8.460014e-07	-1.969738e-03
6.142561711200891e-02	0.000000e+00	2.393258e+01	-5.414823e-05	1.974097e-03	-3.273651e-02	8.459851e-07	-1.968693e-03
6.142569010310327e-02	0.000000e+00	2.393257e+01	-5.414832e-05	1.972760e-03	9.045422e-06	8.459609e-07	-1.967140e-03
6.142579159170123e-02	0.000000e+00	2.393255e+01	-5.414846e-05	1.970807e-03	1.166398e-05	8.459272e-07	-1.964974e-03
6.142596084559773e-02	0.000000e+00	2.393253e+01	-5.414867e-05	1.967397e-03	1.156682e-05	8.458708e-07	-1.961351e-03
6.142629935339071e-02	0.000000e+00	2.393247e+01	-5.414907e-05	1.960301e-03	1.162158e-05	8.457575e-07	-1.954059e-03
6.142697636897668e-02	0.000000e+00	2.393237e+01	-5.414987e-05	1.945764e-03	1.152450e-05	8.455287e-07	-1.939313e-03
6.142783911780429e-02	0.000000e+00	2.393224e+01	-5.415087e-05	1.927036e-03	1.148711e-05	8.452330e-07	-1.920599e-03
6.142870186663190e-02	0.000000e+00	2.393210e+01	-5.415195e-05	1.908436e-03	1.145828e-05	8.449321e-07	-1.902015e-03
6.142956461545952e-02	0.000000e+00	2.393197e+01	-5.415311e-05	1.889964e-03	1.143802e-05	8.446259e-07	-1.883562e-03
6.143042736428713e-02	0.000000e+00	2.393183e+01	-5.415433e-05	1.871619e-03	1.142632e-05	8.443146e-07	-1.865240e-03
6.143129011311475e-02	0.000000e+00	2.393168e+01	-5.415563e-05	1.853403e-03	1.142319e-05	8.439980e-07	-1.847049e-03
6.143215286194235e-02	0.000000e+00	2.393154e+01	-5.415701e-05	1.835314e-03	1.142863e-05	8.436761e-07	-1.828989e-03
6.143301561076997e-02	0.000000e+00	2.393139e+01	-5.415845e-05	1.817353e-03	1.144264e-05	8.433491e-07	-1.811059e-03
6.143728352174388e-02	0.000000e+00	2.393062e+01	-5.416644e-05	1.731298e-03	1.144606e-05	8.416432e-07	-1.725109e-03
6.144581934369171e-02	0.000000e+00	2.392886e+01	-5.418799e-05	1.571010e-03	1.145264e-05	8.377363e-07	-1.565041e-03
6.146289098758735e-02	0.000000e+00	2.392411e+01	-5.426041e-05	1.292199e-03	1.146751e-05	8.272345e-07	-1.286738e-03
6.148275293961637e-02	0.000000e+00	2.391497e+01	-5.445139e-05	1.027502e-03	1.149156e-05	8.071644e-07	-1.022840e-03
6.149820861204185e-02	0.000000e+00	2.390225e+01	-5.484432e-05	8.593875e-04	1.152152e-05	7.794349e-07	-8.553884e-04
6.150929306918839e-02	0.000000e+00	2.388630e+01	-5.555563e-05	7.566265e-04	1.155679e-05	7.450235e-07	-7.527728e-04
6.151726184931412e-02	0.000000e+00	2.386704e+01	-5.673314e-05	6.907460e-04	1.159756e-05	7.040634e-07	-6.868884e-04
6.152317918716482e-02	0.000000e+00	2.384383e+01	-5.861717e-05	6.456703e-04	1.164490e-05	6.555148e-07	-6.418124e-04
6.152762502547510e-02	0.000000e+00	2.381614e+01	-6.156819e-05	6.138193e-04	1.169917e-05	5.988339e-07	-6.099649e-04
6.153085955459332e-02	0.000000e+00	2.378490e+01	-6.597317e-05	5.917177e-04	1.175916e-05	5.365671e-07	-5.878717e-04
6.153287933593162e-02	0.000000e+00	2.375654e+01	-7.141609e-05	5.784072e-04	1.180973e-05	4.809103e-07	-5.745742e-04
6.153423416889146e-02	0.000000e+00	2.373046e+01	-7.813482e-05	5.697311e-04	1.185415e-05	4.302803e-07	-5.659158e-04
6.153520129669965e-02	0.000000e+00	2.370584e+01	-8.624901e-05	5.637019e-04	1.189432e-05	3.827982e-07	-5.599096e-04
6.153533117398338e-02	0.000000e+00	2.370192e+01	-8.879343e-05	5.629059e-04	1.189989e-05	3.743280e-07	-5.591214e-04
6.153559092855085e-02	0.000000e+00	2.369363e+01	-9.232642e-05	5.613263e-04	1.191263e-05	3.581467e-07	-5.575520e-04
6.153611043768578e-02	0.000000e+00	2.367428e+01	-1.017449e-04	5.582251e-04	1.194217e-05	3.202873e-07	-5.544794e-04
6.153655726166889e-02	0.000000e+00	2.365316e+01	-1.154105e-04	5.556461e-04	1.197310e-05	2.775103e-07	-5.519424e-04
6.153660719467306e-02	0.000000e+00	2.365042e+01	-1.192386e-04	5.553627e-04	1.197697e-05	2.704178e-07	-5.516708e-04
6.153670706068139e-02	0.000000e+00	2.364461e+01	-1.258109e-04	5.548039e-04	1.198509e-05	2.566949e-07	-5.511324e-04
6.153690679269806e-02	0.000000e+00	2.363143e+01	-1.396716e-04	5.537177e-04	1.200328e-05	2.267446e-07	-5.500893e-04
6.153695037982837e-02	0.000000e+00	2.362817e+01	-1.437024e-04	5.534868e-04	1.200755e-05	2.189401e-07	-5.498712e-04
6.153703755408899e-02	0.000000e+00	2.362117e+01	-1.555890e-04	5.530295e-04	1.201666e-05	1.997092e-07	-5.494510e-04
6.153704005408898e-02	0.000000e+00	2.362096e+01	-1.572003e-04	5.530148e-04	1.201693e-05	1.981348e-07	-5.494412e-04
6.153704255408898e-02	0.000000e+00	2.362074e+01	-1.569670e-04	5.530028e-04	1.201720e-05	1.980250e-07	-5.494285e-04
6.153705805408898e-02	0.000000e+00	2.361941e+01	-1.594543e-04	5.529228e-04	1.201890e-05	1.941950e-07	-5.493563e-04
6.153708430408898e-02	0.000000e+00	2.361707e+01	-1.636473e-04	5.527888e-04	1.202185e-05	1.876441e-07	-5.492354e-04
6.153711430408898e-02	0.000000e+00	2.361429e+01	-1.688660e-04	5.526373e-04	1.202536e-05	1.796842e-07	-5.491002e-04
6.153717430408898e-02	0.000000e+00	2.360830e+01	-1.811125e-04	5.523402e-04	1.203280e-05	1.618243e-07	-5.488414e-04
6.153729430408898e-02	0.000000e+00	2.359391e+01	-2.173009e-04	5.517775e-04	1.205004e-05	1.139795e-07	-5.483918e-04
6.153739216535528e-02	0.000000e+00	2.357771e+01	-2.836717e-04	5.513540e-04	1.206794e-05	4.052418e-08	-5.481755e-04
6.153745027418209e-02	0.000000e+00	2.356346e+01	-3.955998e-04	5.510880e-04	1.208178e-05	-6.589079e-08	-5.482582e-04
6.153750409773655e-02	0.000000e+00	2.354823e+01	-4.281815e-04	5.509873e-04	1.209710e-05	-1.098862e-07	-5.482607e-04
6.153754248557324e-02	0.000000e+00	2.353724e+01	-4.112342e-04	5.509780e-04	1.210884e-05	-1.089292e-07	-5.481993e-04
6.153758145899035e-02	0.000000e+00	2.352611e+01	-4.086377e-04	5.509467e-04	1.212102e-05	-1.190389e-07	-5.481598e-04
6.153765940582458e-02	0.000000e+00	2.350385e+01	-4.084943e-04	5.508760e-04	1.214521e-05	-1.419563e-07	-5.480889e-04
6.153781529949305e-02	0.000000e+00	2.345927e+01	-4.093395e-04	5.507326e-04	1.219096e-05	-1.837689e-07	-5.479488e-04
6.153812708682998e-02	0.000000e+00	2.336986e+01	-4.107276e-04	5.504469e-04	1.226854e-05	-2.470808e-07	-5.476685e-04
6.153875066150383e-02	0.000000e+00	2.318984e+01	-4.137968e-04	5.498763e-04	1.236245e-05	-2.899279e-07	-5.471099e-04
6.153999781085155e-02	0.000000e+00	2.282368e+01	-4.215389e-04	5.487330e-04	1.232031e-05	-2.968173e-07	-5.459976e-04
6.154249210954698e-02	0.000000e+00	2.204997e+01	-4.495646e-04	5.463800e-04	1.231164e-05	-3.213034e-07	-5.437505e-04
6.154551501748503e-02	0.000000e+00	2.093548e+01	-5.451611e-04	5.430726e-04	1.231606e-05	-4.006882e-07	-5.407761e-04
6.154603031081013e-02	0.000000e+00	2.070659e+01	-6.122992e-04	5.423377e-04	1.231697e-05	-4.551531e-07	-5.402638e-04
6.154623192434464e-02	0.000000e+00	2.061243e+01	-6.347496e-04	5.420457e-04	1.231729e-05	-4.734376e-07	-5.400469e-04
6.154627837536460e-02	0.000000e+00	2.059034e+01	-6.403765e-04	5.419786e-04	1.231736e-05	-4.771493e-07	-5.399950e-04
6.154631699715476e-02	0.000000e+00	2.057185e+01	-6.447115e-04	5.419231e-04	1.231743e-05	-4.799226e-07	-5.399510e-04
6.154634561306192e-02	0.000000e+00	2.055809e+01	-6.477800e-04	5.418818e-04	1.231747e-05	-4.819825e-07	-5.399182e-04
6.154637871260727e-02	0.000000e+00	2.054210e+01	-6.511636e-04	5.418339e-04	1.231752e-05	-4.843809e-07	-5.398801e-04
6.154642481025892e-02	0.000000e+00	2.051969e+01	-6.556736e-04	5.417668e-04	1.231759e-05	-4.877529e-07	-5.398269e-04
6.154648077357282e-02	0.000000e+00	2.049227e+01	-6.609969e-04	5.416847e-04	1.231768e-05	-4.919034e-07	-5.397619e-04
6.154653646774916e-02	0.000000e+00	2.046475e+01	-6.662524e-04	5.416023e-04	1.231777e-05	-4.961013e-07	-5.396969e-04
6.154661046180114e-02	0.000000e+00	2.042783e+01	-6.732655e-04	5.414918e-04	1.231789e-05	-5.017646e-07	-5.396098e-04
6.154669715345518e-02	0.000000e+00	2.038404e+01	-6.816144e-04	5.413609e-04	1.231803e-05	-5.085354e-07	-5.395068e-04
6.154682978183065e-02	0.000000e+00	2.031587e+01	-6.946901e-04	5.411575e-04	1.231825e-05	-5.191480e-07	-5.393472e-04
6.154702972708474e-02	0.000000e+00	2.021039e+01	-7.151282e-04	5.408434e-04	1.231859e-05	-5.357294e-07	-5.391015e-04
6.154742961759289e-02	0.000000e+00	1.998907e+01	-7.582722e-04	5.401882e-04	1.231931e-05	-5.707374e-07	-5.385909e-04
6.154820797494297e-02	0.000000e+00	1.951536e+01	-8.496500e-04	5.388051e-04	1.232084e-05	-6.450035e-07	-5.375153e-04
6.154840256428049e-02	0.000000e+00	1.938758e+01	-8.639096e-04	5.384529e-04	1.232125e-05	-6.566985e-07	-5.372125e-04
6.154879174295552e-02	0.000000e+00	1.912024e+01	-9.257947e-04	5.376685e-04	1.232212e-05	-7.071254e-07	-5.366365e-04
6.154888903762428e-02	0.000000e+00	1.905094e+01	-9.320471e-04	5.374824e-04	1.232234e-05	-7.122735e-07	-5.364725e-04
6.154908362696180e-02	0.000000e+00	1.890933e+01	-9.635217e-04	5.370725e-04	1.232280e-05	-7.379799e-07	-5.361692e-04
6.154947280563684e-02	0.000000e+00	1.861417e+01	-1.013493e-03	5.362496e-04	1.232375e-05	-7.789025e-07	-5.355175e-04
6.155015988753039e-02	0.000000e+00	1.805457e+01	-1.100604e-03	5.347210e-04	1.232556e-05	-8.504682e-07	-5.342906e-04
6.155089820948031e-02	0.000000e+00	1.740005e+01	-1.189776e-03	5.329820e-04	1.232768e-05	-9.241265e-07	-5.328666e-04
6.155159761155009e-02	0.000000e+00	1.673210e+01	-1.267293e-03	5.312562e-04	1.232983e-05	-9.885719e-07	-5.314226e-04
6.155234562732931e-02	0.000000e+00	1.597034e+01	-1.342018e-03	5.293373e-04	1.233229e-05	-1.051087e-06	-5.297859e-04
6.155288832745356e-02	0.000000e+00	1.538998e+01	-1.389225e-03	5.279062e-04	1.233417e-05	-1.090889e-06	-5.285423e-04
6.155322957973414e-02	0.000000e+00	1.501420e+01	-1.415822e-03	5.269914e-04	1.233538e-05	-1.113442e-06	-5.277384e-04
6.155354721647914e-02	0.000000e+00	1.465750e+01	-1.439432e-03	5.261288e-04	1.233654e-05	-1.133503e-06	-5.269774e-04
6.155388516707596e-02	0.000000e+00	1.427117e+01	-1.462899e-03	5.252005e-04	1.233778e-05	-1.153512e-06	-5.261544e-04
6.155428955477216e-02	0.000000e+00	1.380045e+01	-1.488445e-03	5.240765e-04	1.233930e-05	-1.175400e-06	-5.251523e-04
6.155466312072418e-02	0.000000e+00	1.335823e+01	-1.509130e-03	5.230269e-04	1.234073e-05	-1.193247e-06	-5.242101e-04
6.155508507105464e-02	0.000000e+00	1.285123e+01	-1.529526e-03	5.218280e-04	1.234237e-05	-1.210978e-06	-5.231285e-04
6.155550381853873e-02	0.000000e+00	1.234131e+01	-1.546341e-03	5.206249e-04	1.234402e-05	-1.225759e-06	-5.220376e-04
6.155599559323283e-02	0.000000e+00	1.173543e+01	-1.561994e-03	5.191952e-04	1.234598e-05	-1.239740e-06	-5.207360e-04
6.155654078515443e-02	0.000000e+00	1.105709e+01	-1.573789e-03	5.175890e-04	1.234817e-05	-1.250638e-06	-5.192679e-04
6.155722996119233e-02	0.000000e+00	1.019368e+01	-1.580463e-03	5.155253e-04	1.235096e-05	-1.257572e-06	-5.173766e-04
6.155760493264566e-02	0.000000e+00	9.723002e+00	-1.577378e-03	5.143900e-04	1.235249e-05	-1.256090e-06	-5.163273e-04
6.155814469544986e-02	0.000000e+00	9.046711e+00	-1.569657e-03	5.127303e-04	1.235468e-05	-1.251583e-06	-5.148000e-04
6.155856412430077e-02	0.000000e+00	8.523878e+00	-1.558441e-03	5.114232e-04	1.235637e-05	-1.243728e-06	-5.135938e-04
6.155908175346418e-02	0.000000e+00	7.884191e+00	-1.539609e-03	5.097850e-04	1.235844e-05	-1.229856e-06	-5.120826e-04
6.155970641258860e-02	0.000000e+00	7.124180e+00	-1.508653e-03	5.077681e-04	1.236091e-05	-1.206227e-06	-5.102199e-04
6.156067001133704e-02	0.000000e+00	5.988730e+00	-1.443444e-03	5.045575e-04	1.236459e-05	-1.155088e-06	-5.072438e-04
6.156121213960988e-02	0.000000e+00	5.375958e+00	-1.392206e-03	5.027006e-04	1.236659e-05	-1.113019e-06	-5.054893e-04
6.156161247542770e-02	0.000000e+00	4.938207e+00	-1.349258e-03	5.012980e-04	1.236801e-05	-1.077818e-06	-5.041531e-04
6.156220060648949e-02	0.000000e+00	4.321246e+00	-1.281065e-03	4.991783e-04	1.237002e-05	-1.022587e-06	-5.021226e-04
6.156244320547883e-02	0.000000e+00	4.076726e+00	-1.248043e-03	4.982874e-04	1.237082e-05	-9.959257e-07	-5.012532e-04
6.156277310646192e-02	0.000000e+00	3.754378e+00	-1.202726e-03	4.970525e-04	1.237188e-05	-9.593439e-07	-5.000449e-04
6.156304301237691e-02	0.000000e+00	3.499851e+00	-1.163567e-03	4.960241e-04	1.237271e-05	-9.276824e-07	-4.990295e-04
6.156339192775238e-02	0.000000e+00	3.183774e+00	-1.110787e-03	4.946688e-04	1.237375e-05	-8.849612e-07	-4.976796e-04
6.156408975850332e-02	0.000000e+00	2.598313e+00	-9.988769e-04	4.918639e-04	1.237567e-05	-7.942571e-07	-4.948286e-04
6.156548542000520e-02	0.000000e+00	1.630190e+00	-7.556942e-04	4.858435e-04	1.237888e-05	-5.968129e-07	-4.883451e-04
6.156713802230643e-02	0.000000e+00	8.410622e-01	-4.646619e-04	4.779545e-04	1.238154e-05	-3.603360e-07	-4.795644e-04
6.156880424925375e-02	0.000000e+00	3.889651e-01	-2.276158e-04	4.693168e-04	1.238313e-05	-1.678399e-07	-4.701478e-04
6.156954155066102e-02	0.000000e+00	2.697626e-01	-1.783568e-04	4.653063e-04	1.238358e-05	-1.280252e-07	-4.659893e-04
6.157025974203191e-02	0.000000e+00	1.869354e-01	-1.345332e-04	4.613676e-04	1.238391e-05	-9.247761e-08	-4.619158e-04
6.157097966171932e-02	0.000000e+00	1.284329e-01	-9.973952e-05	4.573992e-04	1.238416e-05	-6.423159e-08	-4.578337e-04
6.157168017118832e-02	0.000000e+00	8.868341e-02	-7.565662e-05	4.535281e-04	1.238435e-05	-4.467417e-08	-4.538854e-04
6.157242125194912e-02	0.000000e+00	5.972762e-02	-5.761302e-05	4.494362e-04	1.238451e-05	-3.001064e-08	-4.497350e-04
6.157310335864643e-02	0.000000e+00	4.144056e-02	-4.648203e-05	4.456805e-04	1.238463e-05	-2.095497e-08	-4.459432e-04
6.157378126453081e-02	0.000000e+00	2.880111e-02	-3.868131e-05	4.419648e-04	1.238473e-05	-1.459759e-08	-4.422018e-04
6.157444640738569e-02	0.000000e+00	2.015973e-02	-3.331712e-05	4.383389e-04	1.238482e-05	-1.021468e-08	-4.385579e-04
6.157510960212403e-02	0.000000e+00	1.413879e-02	-2.957749e-05	4.347458e-04	1.238490e-05	-7.147643e-09	-4.349520e-04
6.157576875081888e-02	0.000000e+00	9.951972e-03	-2.699175e-05	4.311982e-04	1.238497e-05	-5.015254e-09	-4.313952e-04
6.157642766794158e-02	0.000000e+00	7.019308e-03	-2.519666e-05	4.276762e-04	1.238504e-05	-3.523013e-09	-4.278666e-04
6.157708845429991e-02	0.000000e+00	4.957753e-03	-2.395196e-05	4.241696e-04	1.238510e-05	-2.476163e-09	-4.243550e-04
6.157787660453429e-02	0.000000e+00	3.286951e-03	-2.292607e-05	4.200203e-04	1.238517e-05	-1.598676e-09	-4.202013e-04
6.157874614554077e-02	0.000000e+00	2.100766e-03	-2.223882e-05	4.154846e-04	1.238525e-05	-9.904231e-10	-4.156620e-04
6.157975834381466e-02	0.000000e+00	1.259535e-03	-2.179062e-05	4.102595e-04	1.238533e-05	-5.670669e-10	-4.104337e-04
6.158093102309857e-02	0.000000e+00	7.081793e-04	-2.154640e-05	4.042778e-04	1.238543e-05	-2.991599e-10	-4.044489e-04
6.158233998030386e-02	0.000000e+00	3.667318e-04	-2.145492e-05	3.971893e-04	1.238554e-05	-1.407162e-10	-3.973569e-04
6.158406726386802e-02	0.000000e+00	1.766430e-04	-2.148275e-05	3.886411e-04	1.238567e-05	-5.991133e-11	-3.888046e-04
6.158627488444453e-02	0.000000e+00	8.382740e-05	-2.160425e-05	3.779400e-04	1.238582e-05	-2.661554e-11	-3.780990e-04
6.158923293269343e-02	0.000000e+00	4.684035e-05	-2.181081e-05	3.640030e-04	1.238601e-05	-1.833659e-11	-3.641576e-04
6.159349140318801e-02	0.000000e+00	3.596842e-05	-2.212168e-05	3.447658e-04	1.238627e-05	-1.942909e-11	-3.449172e-04
6.159814349815251e-02	0.000000e+00	3.423443e-05	-2.245934e-05	3.248605e-04	1.238653e-05	-2.198177e-11	-3.250100e-04
6.160505475043623e-02	0.000000e+00	3.393936e-05	-2.295019e-05	2.973340e-04	1.238689e-05	-2.259333e-11	-2.974810e-04
6.161505811600781e-02	0.000000e+00	3.384565e-05	-2.364548e-05	2.614663e-04	1.238736e-05	-2.273751e-11	-2.616085e-04
6.163506484715096e-02	0.000000e+00	3.351377e-05	-2.498723e-05	2.016766e-04	1.238815e-05	-2.276949e-11	-2.018186e-04
6.166261496666937e-02	0.000000e+00	3.280116e-05	-2.673395e-05	1.400221e-04	1.238897e-05	-2.277933e-11	-1.401604e-04
6.169293681630930e-02	0.000000e+00	3.192640e-05	-2.852947e-05	9.289781e-05	1.238701e-05	-2.277842e-11	-9.303332e-05
6.172147695758080e-02	0.000000e+00	3.097189e-05	-3.010639e-05	6.291321e-05	1.235501e-05	-2.278371e-11	-6.304519e-05
6.174933151973167e-02	0.000000e+00	2.978705e-05	-3.154801e-05	4.301218e-05	1.234853e-05	-2.279512e-11	-4.314011e-05
6.177541796335402e-02	0.000000e+00	2.851096e-05	-3.281695e-05	3.019905e-05	1.233333e-05	-2.280011e-11	-3.032236e-05
6.180137206584438e-02	0.000000e+00	2.720031e-05	-3.400698e-05	2.129892e-05	1.231434e-05	-2.279922e-11	-2.141546e-05
6.182688153154744e-02	0.000000e+00	2.594901e-05	-3.511073e-05	1.515329e-05	1.229273e-05	-2.279641e-11	-1.526422e-05
6.185287674409135e-02	0.000000e+00	2.473022e-05	-3.617264e-05	1.073782e-05	1.226907e-05	-2.279389e-11	-1.084126e-05
6.187596084559772e-02	0.000000e+00	2.370237e-05	-3.706525e-05	7.939704e-06	1.224862e-05	-2.279153e-11	-8.035397e-06
6.188378047440442e-02	0.000000e+00	2.336492e-05	-3.735580e-05	7.214475e-06	1.224324e-05	-2.278933e-11	-7.307347e-06
6.189420664614667e-02	0.000000e+00	2.292578e-05	-3.773745e-05	6.344448e-06	1.223523e-05	-2.278998e-11	-6.433443e-06
6.191505898963118e-02	0.000000e+00	2.207788e-05	-3.847560e-05	4.901001e-06	1.222177e-05	-2.278781e-11	-4.981972e-06
6.193160039560778e-02	0.000000e+00	2.143476e-05	-3.903739e-05	3.993522e-06	1.229813e-05	-2.278622e-11	-4.070946e-06
6.195210431034394e-02	0.000000e+00	2.067212e-05	-3.970637e-05	3.099500e-06	1.234897e-05	-2.278439e-11	-3.175557e-06
6.197378350330825e-02	0.000000e+00	1.990345e-05	-4.038196e-05	2.374126e-06	7.600765e-03	-2.278269e-11	-2.450041e-06
6.200073370581269e-02	0.000000e+00	1.899778e-05	-4.117862e-05	1.707991e-06	1.234149e-05	-2.278071e-11	-1.783940e-06
6.203095118366696e-02	0.000000e+00	1.804366e-05	-4.201727e-05	1.185773e-06	1.233877e-05	-2.277863e-11	-1.261715e-06
6.205992237910083e-02	0.000000e+00	1.718818e-05	-4.276825e-05	8.438288e-07	1.233835e-05	-2.277667e-11	-9.197121e-07
6.208993408654465e-02	0.000000e+00	1.636852e-05	-4.348725e-05	6.018342e-07	1.233845e-05	-2.277432e-11	-6.776652e-07
6.211109245301204e-02	0.000000e+00	1.599195e-05	-4.382354e-05	4.814596e-07	1.233853e-05	-2.276201e-11	-5.572608e-07
6.213602982994211e-02	0.000000e+00	1.576573e-05	-4.403926e-05	3.758236e-07	1.233856e-05	-2.275249e-11	-4.515977e-07
6.215460674989392e-02	0.000000e+00	1.560213e-05	-4.419632e-05	3.164242e-07	1.233857e-05	-2.275684e-11	-3.921813e-07
6.217687649532252e-02	0.000000e+00	1.540981e-05	-4.438190e-05	2.608349e-07	1.233858e-05	-2.275669e-11	-3.365749e-07
6.221005364583694e-02	0.000000e+00	1.513104e-05	-4.465254e-05	2.001139e-07	1.233858e-05	-2.275641e-11	-2.758333e-07
6.224624174190846e-02	0.000000e+00	1.483670e-05	-4.493983e-05	1.549504e-07	1.233859e-05	-2.275614e-11	-2.306519e-07
6.228791213055644e-02	0.000000e+00	1.450958e-05	-4.526087e-05	1.206541e-07	1.233860e-05	-2.275584e-11	-1.963394e-07
6.233131292739948e-02	0.000000e+00	1.418143e-05	-4.558448e-05	9.762237e-08	1.233861e-05	-2.275556e-11	-1.732943e-07
6.238071254060956e-02	0.000000e+00	1.382255e-05	-4.594011e-05	8.067823e-08	1.233862e-05	-2.275525e-11	-1.563385e-07
6.243548125068811e-02	0.000000e+00	1.344174e-05	-4.631922e-05	6.845495e-08	1.233862e-05	-2.275494e-11	-1.441052e-07
6.250139047346810e-02	0.000000e+00	1.300565e-05	-4.675546e-05	5.863998e-08	1.233863e-05	-2.275458e-11	-1.342812e-07
6.258046202263901e-02	0.000000e+00	1.251205e-05	-4.725168e-05	5.054014e-08	1.233864e-05	-2.275419e-11	-1.261734e-07
6.267811827263900e-02	0.000000e+00	1.194329e-05	-4.782657e-05	4.338791e-08	1.233865e-05	-2.275374e-11	-1.190143e-07
6.277577452263899e-02	0.000000e+00	1.141554e-05	-4.836218e-05	3.803102e-08	1.233866e-05	-2.275334e-11	-1.136527e-07
6.287343077263899e-02	0.000000e+00	1.092538e-05	-4.886175e-05	3.378173e-08	1.233867e-05	-2.275298e-11	-1.094002e-07
6.297108702263898e-02	0.000000e+00	1.046971e-05	-4.932825e-05	3.029240e-08	1.233867e-05	-2.275264e-11	-1.059087e-07
6.306874327263898e-02	0.000000e+00	1.004566e-05	-4.976424e-05	2.736967e-08	1.233868e-05	-2.275233e-11	-1.029846e-07
6.317860655388897e-02	0.000000e+00	9.597583e-06	-5.021484e-05	2.461208e-08	1.233869e-05	-2.275253e-11	-1.002261e-07
6.325184874138898e-02	0.000000e+00	9.326756e-06	-5.050547e-05	2.303315e-08	1.233869e-05	-2.275195e-11	-9.864689e-08
6.332882791767537e-02	0.000000e+00	9.052391e-06	-5.079190e-05	2.153745e-08	1.233869e-05	-2.275163e-11	-9.715104e-08
6.338667581229605e-02	0.000000e+00	8.855577e-06	-5.099750e-05	2.051431e-08	1.233870e-05	-2.275150e-11	-9.612789e-08
6.343005725714314e-02	0.000000e+00	8.713539e-06	-5.114693e-05	1.979856e-08	1.233870e-05	-2.275138e-11	-9.541218e-08
6.346249075440299e-02	0.000000e+00	8.611139e-06	-5.125672e-05	1.929006e-08	1.233870e-05	-2.275127e-11	-9.490375e-08
6.348718963802215e-02	0.000000e+00	8.536168e-06	-5.134010e-05	1.891702e-08	1.233870e-05	-2.275115e-11	-9.453076e-08
6.350677838176047e-02	0.000000e+00	8.479771e-06	-5.140725e-05	1.862942e-08	1.233870e-05	-2.275097e-11	-9.424321e-08
6.352268976844699e-02	0.000000e+00	8.437722e-06	-5.146414e-05	1.840099e-08	1.233870e-05	-2.275070e-11	-9.401482e-08
6.353581986620646e-02	0.000000e+00	8.408165e-06	-5.151518e-05	1.821588e-08	1.233870e-05	-2.275024e-11	-9.382975e-08
6.354820934115055e-02	0.000000e+00	8.389404e-06	-5.157146e-05	1.804396e-08	1.233870e-05	-2.274931e-11	-9.365787e-08
6.356233604574923e-02	0.000000e+00	8.363803e-06	-5.162971e-05	1.785106e-08	1.233870e-05	-2.275014e-11	-9.346502e-08
6.361984148747095e-02	0.000000e+00	8.210486e-06	-5.180667e-05	1.709869e-08	1.233871e-05	-2.275077e-11	-9.271288e-08
6.367145945491914e-02	0.000000e+00	8.079604e-06	-5.195935e-05	1.646507e-08	1.233871e-05	-2.275064e-11	-9.207949e-08
6.376911570491914e-02	0.000000e+00	7.852303e-06	-5.223109e-05	1.536191e-08	1.233871e-05	-2.275036e-11	-9.097684e-08
6.386677195491913e-02	0.000000e+00	7.641182e-06	-5.248513e-05	1.436980e-08	1.233871e-05	-2.275024e-11	-8.998531e-08
6.396442820491913e-02	0.000000e+00	7.443337e-06	-5.272291e-05	1.347410e-08	1.233872e-05	-2.275012e-11	-8.909023e-08
6.406208445491912e-02	0.000000e+00	7.257175e-06	-5.294514e-05	1.266177e-08	1.233872e-05	-2.275001e-11	-8.827856e-08
6.415974070491912e-02	0.000000e+00	7.081246e-06	-5.315239e-05	1.192194e-08	1.233872e-05	-2.274991e-11	-8.753941e-08
6.425739695491911e-02	0.000000e+00	6.914371e-06	-5.334536e-05	1.124549e-08	1.233873e-05	-2.274983e-11	-8.686366e-08
6.435505320491910e-02	0.000000e+00	6.755663e-06	-5.352492e-05	1.062475e-08	1.233873e-05	-2.274975e-11	-8.624362e-08
6.439706934816422e-02	0.000000e+00	6.728534e-06	-5.357551e-05	1.037364e-08	1.233873e-05	-2.274852e-11	-8.599282e-08
6.444272940992456e-02	0.000000e+00	6.754498e-06	-5.360180e-05	1.011197e-08	1.233873e-05	-2.274806e-11	-8.573148e-08
6.448838947168488e-02	0.000000e+00	6.780710e-06	-5.362833e-05	9.858700e-09	1.233873e-05	-2.274770e-11	-8.547854e-08
6.453404953344521e-02	0.000000e+00	6.807168e-06	-5.365509e-05	9.613818e-09	1.233873e-05	-2.274745e-11	-8.523398e-08
6.457970959520555e-02	0.000000e+00	6.833873e-06	-5.368209e-05	9.377330e-09	1.233873e-05	-2.274731e-11	-8.499782e-08
6.462536965696589e-02	0.000000e+00	6.860826e-06	-5.370932e-05	9.149234e-09	1.233873e-05	-2.274729e-11	-8.477006e-08
6.467102971872621e-02	0.000000e+00	6.888024e-06	-5.373679e-05	8.929532e-09	1.233874e-05	-2.274737e-11	-8.455068e-08
6.471668978048654e-02	0.000000e+00	6.915470e-06	-5.376450e-05	8.718222e-09	1.233874e-05	-2.274755e-11	-8.433970e-08
6.481434603048654e-02	0.000000e+00	6.992823e-06	-5.384244e-05	8.287676e-09	1.233874e-05	-2.274726e-11	-8.390984e-08
6.491200228048653e-02	0.000000e+00	7.330686e-06	-5.418040e-05	7.886734e-09	1.233874e-05	-2.274337e-11	-8.350957e-08
6.499672397994230e-02	0.000000e+00	8.499458e-06	-5.534836e-05	7.561472e-09	1.233874e-05	-2.272957e-11	-8.318484e-08
6.508822137248670e-02	0.000000e+00	9.764729e-06	-5.661337e-05	7.230283e-09	1.233874e-05	-2.273430e-11	-8.285428e-08
6.518587762248669e-02	0.000000e+00	1.004439e-05	-5.689250e-05	6.897121e-09	1.233874e-05	-2.275096e-11	-8.252181e-08
6.527916363372112e-02	0.000000e+00	9.947274e-06	-5.679593e-05	6.598316e-09	1.233875e-05	-2.275111e-11	-8.222361e-08
6.537681988372111e-02	0.000000e+00	9.869646e-06	-5.671883e-05	6.304688e-09	1.233875e-05	-2.274883e-11	-8.193059e-08
6.547447613372111e-02	0.000000e+00	9.843709e-06	-5.669345e-05	6.028638e-09	1.233875e-05	-2.274816e-11	-8.165514e-08
6.557213238372110e-02	0.000000e+00	9.839300e-06	-5.668929e-05	5.768567e-09	1.233875e-05	-2.274810e-11	-8.139565e-08
6.566978863372110e-02	0.000000e+00	9.839281e-06	-5.668960e-05	5.523242e-09	1.233875e-05	-2.274814e-11	-8.115090e-08
6.576744488372109e-02	0.000000e+00	9.841709e-06	-5.669237e-05	5.291463e-09	1.233875e-05	-2.274812e-11	-8.091968e-08
6.586510113372109e-02	0.000000e+00	9.853842e-06	-5.670486e-05	5.072361e-09	1.233875e-05	-2.274799e-11	-8.070111e-08
6.596275738372108e-02	0.000000e+00	9.900173e-06	-5.675203e-05	4.864986e-09	1.233876e-05	-2.274750e-11	-8.049427e-08
6.606041363372107e-02	0.000000e+00	1.006003e-05	-5.691136e-05	4.668503e-09	1.233876e-05	-2.274594e-11	-8.029829e-08
6.615806988372107e-02	0.000000e+00	1.052241e-05	-5.737384e-05	4.482338e-09	1.233876e-05	-2.274187e-11	-8.011261e-08
6.625572613372106e-02	0.000000e+00	1.142509e-05	-5.827553e-05	4.305756e-09	1.233876e-05	-2.273666e-11	-7.993649e-08
6.635338238372106e-02	0.000000e+00	1.226617e-05	-5.911789e-05	4.137556e-09	1.233876e-05	-2.273983e-11	-7.976877e-08
6.645103863372105e-02	0.000000e+00	1.294700e-05	-5.979708e-05	3.977251e-09	1.233876e-05	-2.274200e-11	-7.960892e-08
6.653879828978893e-02	0.000000e+00	1.451657e-05	-6.136704e-05	3.840861e-09	1.233876e-05	-2.272510e-11	-7.947288e-08
6.661299837414404e-02	0.000000e+00	1.861221e-05	-6.546334e-05	3.732867e-09	1.233876e-05	-2.267584e-11	-7.936505e-08
6.666835212773646e-02	0.000000e+00	2.592269e-05	-7.277472e-05	3.658845e-09	1.233876e-05	-2.258320e-11	-7.929096e-08
6.672688198813564e-02	0.000000e+00	4.248029e-05	-8.933372e-05	3.590549e-09	1.233876e-05	-2.238765e-11	-7.922227e-08
6.677964764736559e-02	0.000000e+00	7.293042e-05	-1.197848e-04	3.544320e-09	1.233876e-05	-2.203141e-11	-7.917509e-08
6.681080005912601e-02	0.000000e+00	1.030894e-04	-1.499443e-04	3.529317e-09	1.233876e-05	-2.163461e-11	-7.915891e-08
6.684639808844674e-02	0.000000e+00	1.553734e-04	-2.022327e-04	3.528437e-09	1.233876e-05	-2.101187e-11	-7.915612e-08
6.688506034485463e-02	0.000000e+00	2.454536e-04	-2.923141e-04	3.556710e-09	1.233876e-05	-1.996906e-11	-7.918109e-08
6.693878322592663e-02	0.000000e+00	4.689063e-04	-5.157736e-04	3.677659e-09	1.233876e-05	-1.752343e-11	-7.929413e-08
6.700164769249910e-02	0.000000e+00	1.008533e-03	-1.055411e-03	4.045805e-09	1.233876e-05	-1.177525e-11	-7.964338e-08
6.707435018980583e-02	0.000000e+00	2.451835e-03	-2.498739e-03	5.126775e-09	1.233876e-05	3.154480e-12	-8.067484e-08
6.716969978326928e-02	0.000000e+00	7.811582e-03	-7.858598e-03	9.155158e-09	1.233875e-05	5.411702e-11	-8.453311e-08
6.725496310203695e-02	0.000000e+00	2.164882e-02	-2.169633e-02	1.983128e-08	1.233871e-05	1.896870e-10	-9.476063e-08
6.731710072151578e-02	0.000000e+00	4.464399e-02	-4.469263e-02	3.852796e-08	1.233866e-05	4.350691e-10	-1.126498e-07
6.736699980568407e-02	0.000000e+00	7.834221e-02	-7.839269e-02	6.643621e-08	1.233857e-05	7.888386e-10	-1.393902e-07
6.741049967151175e-02	0.000000e+00	1.251265e-01	-1.251753e-01	1.047403e-07	1.233846e-05	1.239508e-09	-1.761799e-07
6.745605548739032e-02	0.000000e+00	1.986715e-01	-1.987214e-01	1.628720e-07	1.233828e-05	1.867907e-09	-2.322124e-07
6.751161902145551e-02	0.000000e+00	3.333953e-01	-3.335164e-01	2.627407e-07	1.233795e-05	2.850115e-09	-3.288584e-07
6.756917777885260e-02	0.000000e+00	5.355940e-01	-5.356473e-01	3.992473e-07	1.233746e-05	4.045481e-09	-4.612066e-07
6.763759703861540e-02	0.000000e+00	8.591619e-01	-8.592175e-01	5.831683e-07	1.233669e-05	5.369599e-09	-6.404586e-07
6.766345205430334e-02	0.000000e+00	1.001363e+00	-1.001419e+00	6.503559e-07	1.233635e-05	5.691590e-09	-7.064179e-07
6.769264799434263e-02	0.000000e+00	1.171694e+00	-1.171751e+00	7.185802e-07	1.233594e-05	5.963128e-09	-7.718807e-07
6.770774487323669e-02	0.000000e+00	1.262891e+00	-1.262947e+00	7.498002e-07	1.233572e-05	6.085866e-09	-7.998636e-07
6.772341584573707e-02	0.000000e+00	1.359216e+00	-1.359273e+00	7.788913e-07	1.233549e-05	6.182106e-09	-8.242450e-07
6.774310997985553e-02	0.000000e+00	1.481979e+00	-1.482036e+00	8.103564e-07	1.233520e-05	6.263430e-09	-8.477757e-07
6.776974590162824e-02	0.000000e+00	1.649634e+00	-1.649691e+00	8.436559e-07	1.233481e-05	6.311515e-09	-8.667396e-07
6.780753771202229e-02	0.000000e+00	1.887479e+00	-1.887535e+00	8.731262e-07	1.233425e-05	6.276021e-09	-8.689733e-07
6.785881963013511e-02	0.000000e+00	2.204109e+00	-2.204165e+00	8.838243e-07	1.233352e-05	6.089513e-09	-8.309544e-07
6.792684206786545e-02	0.000000e+00	2.605901e+00	-2.605957e+00	8.612810e-07	1.233259e-05	5.739301e-09	-7.263492e-07
6.802153338300114e-02	0.000000e+00	3.129328e+00	-3.129383e+00	8.001540e-07	1.233141e-05	5.293776e-09	-5.251991e-07
6.810691484226192e-02	0.000000e+00	3.573672e+00	-3.573727e+00	7.441917e-07	1.233042e-05	5.038812e-09	-3.221878e-07
6.820457109226191e-02	0.000000e+00	4.061562e+00	-4.061616e+00	6.955274e-07	1.232935e-05	4.874345e-09	-8.902023e-08
6.830222734226191e-02	0.000000e+00	4.536907e+00	-4.536962e+00	6.625938e-07	1.232833e-05	4.794184e-09	1.212728e-07
6.834308430377288e-02	0.000000e+00	4.733577e+00	-4.733632e+00	6.528950e-07	1.232792e-05	4.789163e-09	2.024904e-07
6.836193224691632e-02	0.000000e+00	4.821158e+00	-4.821212e+00	6.452417e-07	1.232773e-05	4.585716e-09	2.410207e-07
6.836985729301305e-02	0.000000e+00	4.835741e+00	-4.835789e+00	6.080201e-07	1.232770e-05	1.000873e-09	2.732572e-07
6.837746052657653e-02	0.000000e+00	4.844640e+00	-4.844689e+00	5.725653e-07	1.232768e-05	8.344020e-10	3.110591e-07
6.838584756548756e-02	0.000000e+00	4.852284e+00	-4.852294e+00	5.343666e-07	1.232767e-05	7.602102e-10	3.513371e-07
6.839541198247381e-02	0.000000e+00	4.859360e+00	-4.859390e+00	4.933327e-07	1.232766e-05	6.373355e-10	3.940137e-07
6.841339748415279e-02	0.000000e+00	4.870068e+00	-4.870082e+00	4.254262e-07	1.232764e-05	4.897860e-10	4.642694e-07
6.843208391072905e-02	0.000000e+00	4.878927e+00	-4.878954e+00	3.671411e-07	1.232763e-05	4.024679e-10	5.243222e-07
6.846165898068832e-02	0.000000e+00	4.890158e+00	-4.890183e+00	2.960886e-07	1.232762e-05	3.126112e-10	5.972536e-07
6.849396196494847e-02	0.000000e+00	4.899847e+00	-4.899895e+00	2.413928e-07	1.232762e-05	2.502652e-10	6.531241e-07
6.853491203789813e-02	0.000000e+00	4.909503e+00	-4.909552e+00	1.956235e-07	1.232761e-05	1.919323e-10	6.994491e-07
6.857877943948598e-02	0.000000e+00	4.917493e+00	-4.917542e+00	1.655681e-07	1.232761e-05	1.463969e-10	7.292603e-07
6.862641116815683e-02	0.000000e+00	4.924221e+00	-4.924270e+00	1.463487e-07	1.232762e-05	1.119744e-10	7.475254e-07
6.867979297204746e-02	0.000000e+00	4.930066e+00	-4.930116e+00	1.341208e-07	1.232763e-05	8.478633e-11	7.580839e-07
6.874157445098289e-02	0.000000e+00	4.935283e+00	-4.935334e+00	1.263539e-07	1.232764e-05	6.306940e-11	7.633728e-07
6.881698950741039e-02	0.000000e+00	4.940129e+00	-4.940181e+00	1.212468e-07	1.232766e-05	4.524963e-11	7.649225e-07
6.891270943673278e-02	0.000000e+00	4.944707e+00	-4.944759e+00	1.176722e-07	1.232769e-05	3.072337e-11	7.634388e-07
6.901036568673277e-02	0.000000e+00	4.948210e+00	-4.948252e+00	1.154430e-07	1.232773e-05	2.176958e-11	7.601164e-07
6.910802193673277e-02	0.000000e+00	4.950910e+00	-4.950958e+00	1.137483e-07	1.232776e-05	1.555220e-11	7.559976e-07
6.920567818673276e-02	0.000000e+00	4.953069e+00	-4.953120e+00	1.122778e-07	1.232779e-05	1.140397e-11	7.514901e-07
6.930333443673276e-02	0.000000e+00	4.954838e+00	-4.954891e+00	1.109163e-07	1.232783e-05	8.218990e-12	7.467637e-07
6.940099068673275e-02	0.000000e+00	4.956316e+00	-4.956371e+00	1.096278e-07	1.232787e-05	5.771436e-12	7.418919e-07
6.949864693673274e-02	0.000000e+00	4.957573e+00	-4.957628e+00	1.083990e-07	1.232790e-05	3.854870e-12	7.369130e-07
6.959630318673274e-02	0.000000e+00	4.958656e+00	-4.958712e+00	1.072190e-07	1.232794e-05	2.325302e-12	7.318564e-07
6.969395943673273e-02	0.000000e+00	4.959599e+00	-4.959655e+00	1.060793e-07	1.232798e-05	1.084404e-12	7.267436e-07
6.979161568673273e-02	0.000000e+00	4.960430e+00	-4.960486e+00	1.049722e-07	1.232801e-05	6.312238e-14	7.215922e-07
6.988927193673272e-02	0.000000e+00	4.961167e+00	-4.961224e+00	1.038928e-07	1.232805e-05	-7.881238e-13	7.164147e-07
7.008458443673271e-02	0.000000e+00	4.962419e+00	-4.962476e+00	1.017987e-07	1.232812e-05	-2.116516e-12	7.060221e-07
7.027989693673270e-02	0.000000e+00	4.963444e+00	-4.963501e+00	9.977602e-08	1.232819e-05	-3.095609e-12	6.956207e-07
7.047520943673269e-02	0.000000e+00	4.964300e+00	-4.964358e+00	9.781053e-08	1.232826e-05	-3.839803e-12	6.852474e-07
7.067052193673268e-02	0.000000e+00	4.965026e+00	-4.965084e+00	9.589528e-08	1.232834e-05	-4.419903e-12	6.749245e-07
7.096349068673266e-02	0.000000e+00	4.965930e+00	-4.965988e+00	9.310716e-08	1.232844e-05	-5.078231e-12	6.595671e-07
7.125645943673264e-02	0.000000e+00	4.966666e+00	-4.966724e+00	9.040979e-08	1.232854e-05	-5.563706e-12	6.443948e-07
7.154942818673263e-02	0.000000e+00	4.967277e+00	-4.967335e+00	8.779773e-08	1.232864e-05	-5.932912e-12	6.294293e-07
7.184239693673261e-02	0.000000e+00	4.967791e+00	-4.967850e+00	8.526631e-08	1.232874e-05	-6.220809e-12	6.146860e-07
7.213536568673259e-02	0.000000e+00	4.968229e+00	-4.968288e+00	8.281113e-08	1.232884e-05	-6.449998e-12	6.001762e-07
7.238648175816115e-02	0.000000e+00	4.968546e+00	-4.968605e+00	8.076850e-08	1.232892e-05	-6.602636e-12	5.879273e-07
7.263759782958971e-02	0.000000e+00	4.968836e+00	-4.968895e+00	7.877452e-08	1.232900e-05	-6.739687e-12	5.758635e-07
7.288871390101827e-02	0.000000e+00	4.969100e+00	-4.969159e+00	7.682920e-08	1.232908e-05	-6.861153e-12	5.639846e-07
7.313982997244682e-02	0.000000e+00	4.969338e+00	-4.969397e+00	7.493253e-08	1.232916e-05	-6.967033e-12	5.522908e-07
7.339094604387537e-02	0.000000e+00	4.969549e+00	-4.969609e+00	7.308452e-08	1.232924e-05	-7.057326e-12	5.407819e-07
7.364206211530394e-02	0.000000e+00	4.969735e+00	-4.969795e+00	7.128516e-08	1.232931e-05	-7.132033e-12	5.294582e-07
7.389317818673249e-02	0.000000e+00	4.969894e+00	-4.969954e+00	6.953446e-08	1.232938e-05	-7.191154e-12	5.183194e-07
7.424195050816104e-02	0.000000e+00	4.970095e+00	-4.970155e+00	6.717602e-08	1.232948e-05	-7.266172e-12	5.031469e-07
7.459072282958960e-02	0.000000e+00	4.970278e+00	-4.970338e+00	6.489384e-08	1.232958e-05	-7.333550e-12	4.883435e-07
7.493949515101815e-02	0.000000e+00	4.970444e+00	-4.970503e+00	6.268791e-08	1.232968e-05	-7.393286e-12	4.739093e-07
7.528826747244670e-02	0.000000e+00	4.970591e+00	-4.970651e+00	6.055825e-08	1.232977e-05	-7.445382e-12	4.598443e-07
7.563703979387525e-02	0.000000e+00	4.970720e+00	-4.970780e+00	5.850483e-08	1.232986e-05	-7.489837e-12	4.461485e-07
7.598581211530381e-02	0.000000e+00	4.970832e+00	-4.970892e+00	5.652767e-08	1.232994e-05	-7.526651e-12	4.328218e-07
7.633458443673236e-02	0.000000e+00	4.970925e+00	-4.970985e+00	5.462677e-08	1.233003e-05	-7.555825e-12	4.198643e-07
7.682286568673233e-02	0.000000e+00	4.971042e+00	-4.971102e+00	5.214081e-08	1.233014e-05	-7.592615e-12	4.028100e-07
7.731114693673230e-02	0.000000e+00	4.971146e+00	-4.971207e+00	4.978501e-08	1.233025e-05	-7.625415e-12	3.865464e-07
7.779942818673227e-02	0.000000e+00	4.971239e+00	-4.971299e+00	4.755936e-08	1.233036e-05	-7.654226e-12	3.710736e-07
7.828770943673224e-02	0.000000e+00	4.971320e+00	-4.971380e+00	4.546386e-08	1.233046e-05	-7.679047e-12	3.563914e-07
7.877599068673222e-02	0.000000e+00	4.971389e+00	-4.971449e+00	4.349852e-08	1.233056e-05	-7.699879e-12	3.424999e-07
7.926427193673219e-02	0.000000e+00	4.971446e+00	-4.971506e+00	4.166333e-08	1.233065e-05	-7.716721e-12	3.293991e-07
7.975255318673216e-02	0.000000e+00	4.971491e+00	-4.971551e+00	3.995830e-08	1.233074e-05	-7.729573e-12	3.170891e-07
8.000000000000000e-02	0.000000e+00	4.971514e+00	-4.971573e+00	3.912010e-08	1.233079e-05	-7.736139e-12	3.110258e-07
8.000000012500000e-02	6.250000e-01	4.971514e+00	-4.971572e+00	3.912011e-08	1.233079e-05	-7.739996e-12	3.110258e-07
8.000000037499999e-02	1.875000e+00	4.971514e+00	-4.971566e+00	3.912011e-08	1.233079e-05	-7.735097e-12	3.110258e-07
8.000000058532775e-02	2.926639e+00	4.971514e+00	-4.971558e+00	3.912011e-08	1.233079e-05	-7.735687e-12	3.110258e-07
8.000000069469163e-02	3.473458e+00	4.971514e+00	-4.971552e+00	3.912011e-08	1.233079e-05	-7.736020e-12	3.110258e-07
8.000000077148768e-02	3.857438e+00	4.971514e+00	-4.971548e+00	3.912010e-08	1.233079e-05	-7.736416e-12	3.110258e-07
8.000000084895977e-02	4.244799e+00	4.971514e+00	-4.971543e+00	3.912010e-08	1.233080e-05	-7.735888e-12	3.110258e-07
8.000000093559909e-02	4.677995e+00	4.971514e+00	-4.971538e+00	3.912011e-08	1.233079e-05	-7.735500e-12	3.110258e-07
8.000000100000000e-02	5.000000e+00	4.971514e+00	-4.971533e+00	3.912010e-08	1.233079e-05	-7.736929e-12	3.110258e-07
8.000000111537710e-02	5.000000e+00	4.971514e+00	-4.971524e+00	3.912011e-08	1.233079e-05	-7.735888e-12	3.110258e-07
8.000000123328262e-02	5.000000e+00	4.971514e+00	-4.971516e+00	3.912010e-08	1.233079e-05	-7.736360e-12	3.110257e-07
8.000000146309547e-02	5.000000e+00	4.971514e+00	-4.971500e+00	3.912011e-08	1.233079e-05	-7.735326e-12	3.110257e-07
8.000000169950640e-02	5.000000e+00	4.971514e+00	-4.971488e+00	3.912010e-08	1.233079e-05	-7.736325e-12	3.110257e-07
8.000000194247395e-02	5.000000e+00	4.971514e+00	-4.971486e+00	3.912010e-08	1.233079e-05	-7.736478e-12	3.110257e-07
8.000000213496507e-02	5.000000e+00	4.971514e+00	-4.971509e+00	3.912010e-08	1.233079e-05	-7.736069e-12	3.110257e-07
8.000000238545721e-02	5.000000e+00	4.971514e+00	-4.971586e+00	3.912010e-08	1.233079e-05	-7.736149e-12	3.110257e-07
8.000000264469202e-02	5.000000e+00	4.971514e+00	-4.971709e+00	3.912010e-08	1.233079e-05	-7.736201e-12	3.110257e-07
8.000000280098861e-02	5.000000e+00	4.971514e+00	-4.971795e+00	3.912010e-08	1.233079e-05	-7.736159e-12	3.110257e-07
8.000000295204750e-02	5.000000e+00	4.971514e+00	-4.971879e+00	3.912010e-08	1.233079e-05	-7.735770e-12	3.110257e-07
8.000000310379496e-02	5.000000e+00	4.971514e+00	-4.971960e+00	3.912010e-08	1.233079e-05	-7.735944e-12	3.110257e-07
8.000000321890681e-02	5.000000e+00	4.971514e+00	-4.972014e+00	3.912010e-08	1.233079e-05	-7.736027e-12	3.110257e-07
8.000000327461290e-02	5.000000e+00	4.971514e+00	-4.972035e+00	3.912010e-08	1.233079e-05	-7.736332e-12	3.110257e-07
8.000000331448623e-02	5.000000e+00	4.971514e+00	-4.972047e+00	3.912009e-08	1.233079e-05	-7.739025e-12	3.110257e-07
8.000000336202366e-02	5.000000e+00	4.971514e+00	-4.972057e+00	3.912010e-08	1.233079e-05	-7.734528e-12	3.110257e-07
8.000000341440407e-02	5.000000e+00	4.971514e+00	-4.972064e+00	3.912009e-08	1.233079e-05	-7.737248e-12	3.110257e-07
8.000000345161946e-02	5.000000e+00	4.971514e+00	-4.972067e+00	3.912010e-08	1.233079e-05	-7.733335e-12	3.110257e-07
8.000000348242860e-02	5.000000e+00	4.971514e+00	-4.972069e+00	3.912009e-08	1.233079e-05	-7.737165e-12	3.110257e-07
8.000000351229183e-02	5.000000e+00	4.971514e+00	-4.972070e+00	3.912010e-08	1.233079e-05	-7.735527e-12	3.110257e-07
8.000000354746312e-02	5.000000e+00	4.971514e+00	-4.972071e+00	3.912009e-08	1.233080e-05	-7.737498e-12	3.110257e-07
8.000000357958210e-02	5.000000e+00	4.971514e+00	-4.972071e+00	3.912010e-08	1.233078e-05	-7.736527e-12	3.110257e-07
8.000000361763580e-02	5.000000e+00	4.971514e+00	-4.972071e+00	3.912009e-08	1.233079e-05	-7.736638e-12	3.110257e-07
8.000000365537042e-02	5.000000e+00	4.971514e+00	-4.972072e+00	3.912010e-08	1.233079e-05	-7.736360e-12	3.110257e-07
8.000000370114230e-02	5.000000e+00	4.971514e+00	-4.972072e+00	3.912009e-08	1.233080e-05	-7.737026e-12	3.110257e-07
8.000000375088993e-02	5.000000e+00	4.971514e+00	-4.972072e+00	3.912010e-08	1.233078e-05	-7.735194e-12	3.110257e-07
8.000000381401161e-02	5.000000e+00	4.971514e+00	-4.972072e+00	3.912010e-08	1.233079e-05	-7.736346e-12	3.110257e-07
8.000000388965751e-02	5.000000e+00	4.971514e+00	-4.972072e+00	3.912010e-08	1.233079e-05	-7.734889e-12	3.110257e-07
8.000000399366247e-02	5.000000e+00	4.971514e+00	-4.972072e+00	3.912009e-08	1.233079e-05	-7.736596e-12	3.110257e-07
8.000000413651924e-02	5.000000e+00	4.971514e+00	-4.972072e+00	3.912010e-08	1.233079e-05	-7.735541e-12	3.110257e-07
8.000000436153715e-02	5.000000e+00	4.971514e+00	-4.972072e+00	3.912009e-08	1.233079e-05	-7.736221e-12	3.110257e-07
8.000000469499360e-02	5.000000e+00	4.971514e+00	-4.972073e+00	3.912009e-08	1.233079e-05	-7.736287e-12	3.110256e-07
8.000000511358085e-02	5.000000e+00	4.971514e+00	-4.972073e+00	3.912009e-08	1.233079e-05	-7.735989e-12	3.110256e-07
8.000000560387112e-02	5.000000e+00	4.971514e+00	-4.972073e+00	3.912009e-08	1.233079e-05	-7.736284e-12	3.110256e-07
8.000000621252251e-02	5.000000e+00	4.971514e+00	-4.972073e+00	3.912009e-08	1.233079e-05	-7.736041e-12	3.110256e-07
8.000000685170323e-02	5.000000e+00	4.971514e+00	-4.972073e+00	3.912008e-08	1.233079e-05	-7.736357e-12	3.110256e-07
8.000000771107767e-02	5.000000e+00	4.971514e+00	-4.972073e+00	3.912008e-08	1.233079e-05	-7.736064e-12	3.110256e-07
8.000000884169255e-02	5.000000e+00	4.971514e+00	-4.972073e+00	3.912008e-08	1.233079e-05	-7.736136e-12	3.110256e-07
8.000001011718130e-02	5.000000e+00	4.971514e+00	-4.972073e+00	3.912007e-08	1.233079e-05	-7.736129e-12	3.110255e-07
8.000001152551965e-02	5.000000e+00	4.971514e+00	-4.972073e+00	3.912007e-08	1.233079e-05	-7.736264e-12	3.110255e-07
8.000001305813689e-02	5.000000e+00	4.971514e+00	-4.972074e+00	3.912006e-08	1.233079e-05	-7.735993e-12	3.110254e-07
8.000001475593176e-02	5.000000e+00	4.971514e+00	-4.972074e+00	3.912006e-08	1.233079e-05	-7.736182e-12	3.110254e-07
8.000001666334258e-02	5.000000e+00	4.971514e+00	-4.972074e+00	3.912005e-08	1.233079e-05	-7.736077e-12	3.110254e-07
8.000001881990108e-02	5.000000e+00	4.971514e+00	-4.972074e+00	3.912005e-08	1.233079e-05	-7.736129e-12	3.110253e-07
8.000002144917373e-02	5.000000e+00	4.971514e+00	-4.972074e+00	3.912004e-08	1.233079e-05	-7.736155e-12	3.110252e-07
8.000002461734861e-02	5.000000e+00	4.971514e+00	-4.972074e+00	3.912003e-08	1.233079e-05	-7.736152e-12	3.110252e-07
8.000002822023936e-02	5.000000e+00	4.971514e+00	-4.972074e+00	3.912001e-08	1.233079e-05	-7.736129e-12	3.110251e-07
8.000003178551118e-02	5.000000e+00	4.971514e+00	-4.972074e+00	3.912000e-08	1.233079e-05	-7.736158e-12	3.110250e-07
8.000003565386246e-02	5.000000e+00	4.971514e+00	-4.972074e+00	3.911999e-08	1.233079e-05	-7.736153e-12	3.110249e-07
8.000003963817241e-02	5.000000e+00	4.971514e+00	-4.972074e+00	3.911998e-08	1.233079e-05	-7.736148e-12	3.110248e-07
8.000004412718421e-02	5.000000e+00	4.971514e+00	-4.972074e+00	3.911996e-08	1.233079e-05	-7.736129e-12	3.110247e-07
8.000004907484527e-02	5.000000e+00	4.971514e+00	-4.972074e+00	3.911995e-08	1.233079e-05	-7.735913e-12	3.110246e-07
8.000005491403950e-02	5.000000e+00	4.971514e+00	-4.972074e+00	3.911992e-08	1.233079e-05	-7.735538e-12	3.110245e-07
8.000006174668564e-02	5.000000e+00	4.971514e+00	-4.972074e+00	3.911990e-08	1.233079e-05	-7.735005e-12	3.110243e-07
8.000007020202884e-02	5.000000e+00	4.971514e+00	-4.972074e+00	3.911988e-08	1.233079e-05	-7.734350e-12	3.110241e-07
8.000008072515960e-02	5.000000e+00	4.971514e+00	-4.972074e+00	3.911984e-08	1.233079e-05	-7.733521e-12	3.110238e-07
8.000009444622770e-02	5.000000e+00	4.971514e+00	-4.972074e+00	3.911980e-08	1.233079e-05	-7.732497e-12	3.110235e-07
8.000011213406806e-02	5.000000e+00	4.971514e+00	-4.972074e+00	3.911974e-08	1.233079e-05	-7.731215e-12	3.110231e-07
8.000013430655627e-02	5.000000e+00	4.971514e+00	-4.972074e+00	3.911967e-08	1.233079e-05	-7.729663e-12	3.110225e-07
8.000015919666509e-02	5.000000e+00	4.971514e+00	-4.972074e+00	3.911959e-08	1.233079e-05	-7.728014e-12	3.110219e-07
8.000018542472018e-02	5.000000e+00	4.971514e+00	-4.972073e+00	3.911950e-08	1.233079e-05	-7.726420e-12	3.110213e-07
8.000021267748057e-02	5.000000e+00	4.971514e+00	-4.972073e+00	3.911942e-08	1.233079e-05	-7.724910e-12	3.110206e-07
8.000024156235498e-02	5.000000e+00	4.971514e+00	-4.972073e+00	3.911932e-08	1.233079e-05	-7.723472e-12	3.110199e-07
8.000027309214869e-02	5.000000e+00	4.971514e+00	-4.972073e+00	3.911922e-08	1.233079e-05	-7.722133e-12	3.110192e-07
8.000030867903921e-02	5.000000e+00	4.971514e+00	-4.972073e+00	3.911910e-08	1.233079e-05	-7.720893e-12	3.110183e-07
8.000035008315726e-02	5.000000e+00	4.971514e+00	-4.972073e+00	3.911897e-08	1.233079e-05	-7.719854e-12	3.110173e-07
8.000039983722464e-02	5.000000e+00	4.971514e+00	-4.972073e+00	3.911880e-08	1.233079e-05	-7.719185e-12	3.110161e-07
8.000046180013592e-02	5.000000e+00	4.971514e+00	-4.972073e+00	3.911860e-08	1.233079e-05	-7.719274e-12	3.110146e-07
8.000054269932326e-02	5.000000e+00	4.971514e+00	-4.972072e+00	3.911833e-08	1.233079e-05	-7.720965e-12	3.110127e-07
8.000065550983798e-02	5.000000e+00	4.971514e+00	-4.972072e+00	3.911795e-08	1.233079e-05	-7.726337e-12	3.110099e-07
8.000083018916505e-02	5.000000e+00	4.971514e+00	-4.972071e+00	3.911734e-08	1.233079e-05	-7.741474e-12	3.110057e-07
8.000097820776647e-02	5.000000e+00	4.971512e+00	-4.972069e+00	3.909557e-08	1.233079e-05	-2.280196e-11	3.109834e-07
8.000108392422019e-02	5.000000e+00	4.971504e+00	-4.972055e+00	3.897029e-08	1.233079e-05	-1.118279e-10	3.108697e-07
8.000123846959145e-02	5.000000e+00	4.971463e+00	-4.972008e+00	3.856833e-08	1.233079e-05	-3.876341e-10	3.105310e-07
8.000130912405388e-02	5.000000e+00	4.971428e+00	-4.971971e+00	3.829579e-08	1.233079e-05	-5.701404e-10	3.103115e-07
8.000135767017069e-02	5.000000e+00	4.971399e+00	-4.971947e+00	3.814331e-08	1.233079e-05	-6.653619e-10	3.102031e-07
8.000141332589669e-02	5.000000e+00	4.971363e+00	-4.971922e+00	3.808945e-08	1.233079e-05	-6.815090e-10	3.102014e-07
8.000145709620819e-02	5.000000e+00	4.971333e+00	-4.971889e+00	3.805521e-08	1.233079e-05	-6.875239e-10	3.102094e-07
8.000159809149238e-02	5.000000e+00	4.971236e+00	-4.971792e+00	3.794577e-08	1.233079e-05	-7.047278e-10	3.102390e-07
8.000178608520463e-02	5.000000e+00	4.971104e+00	-4.971660e+00	3.780642e-08	1.233079e-05	-7.207870e-10	3.102889e-07
8.000216207262911e-02	5.000000e+00	4.970831e+00	-4.971387e+00	3.752917e-08	1.233079e-05	-7.471146e-10	3.104000e-07
8.000270595638087e-02	5.000000e+00	4.970420e+00	-4.970976e+00	3.711919e-08	1.233079e-05	-7.821938e-10	3.105722e-07
8.000365085988329e-02	5.000000e+00	4.969659e+00	-4.970215e+00	3.636973e-08	1.233079e-05	-8.445535e-10	3.108901e-07
8.000426279521709e-02	5.000000e+00	4.969131e+00	-4.969688e+00	3.584952e-08	1.233079e-05	-8.914479e-10	3.111028e-07
8.000496278939977e-02	5.000000e+00	4.968491e+00	-4.969049e+00	3.521507e-08	1.233080e-05	-9.526274e-10	3.113538e-07
8.000504705352086e-02	5.000000e+00	4.968410e+00	-4.968968e+00	3.513406e-08	1.233080e-05	-9.617934e-10	3.113830e-07
8.000504805352086e-02	5.000000e+00	4.968410e+00	-4.968967e+00	3.512747e-08	1.233080e-05	-9.661720e-10	3.113786e-07
8.000505017298215e-02	5.000000e+00	4.968407e+00	-4.968963e+00	3.512957e-08	1.233080e-05	-9.632527e-10	3.113828e-07
8.000505229244344e-02	5.000000e+00	4.968405e+00	-4.968959e+00	3.513057e-08	1.233080e-05	-9.611715e-10	3.113862e-07
8.000505441190472e-02	5.000000e+00	4.968403e+00	-4.968955e+00	3.513046e-08	1.233080e-05	-9.599283e-10	3.113885e-07
8.000505653136601e-02	5.000000e+00	4.968401e+00	-4.968951e+00	3.512925e-08	1.233080e-05	-9.595233e-10	3.113900e-07
8.000505865082730e-02	5.000000e+00	4.968399e+00	-4.968947e+00	3.512694e-08	1.233080e-05	-9.599563e-10	3.113905e-07
8.000506077028859e-02	5.000000e+00	4.968397e+00	-4.968943e+00	3.512352e-08	1.233080e-05	-9.612274e-10	3.113901e-07
8.000506288974987e-02	5.000000e+00	4.968395e+00	-4.968940e+00	3.511900e-08	1.233080e-05	-9.633365e-10	3.113888e-07
8.000507586506153e-02	5.000000e+00	4.968383e+00	-4.968919e+00	3.510682e-08	1.233080e-05	-9.644865e-10	3.113936e-07
8.000508909518991e-02	5.000000e+00	4.968370e+00	-4.968901e+00	3.509438e-08	1.233080e-05	-9.656587e-10	3.113986e-07
8.000510701190076e-02	5.000000e+00	4.968353e+00	-4.968879e+00	3.507751e-08	1.233080e-05	-9.672451e-10	3.114054e-07
8.000512377042138e-02	5.000000e+00	4.968337e+00	-4.968860e+00	3.506172e-08	1.233080e-05	-9.687284e-10	3.114117e-07
8.000514739483638e-02	5.000000e+00	4.968314e+00	-4.968835e+00	3.503943e-08	1.233080e-05	-9.708178e-10	3.114206e-07
8.000517362995488e-02	5.000000e+00	4.968289e+00	-4.968809e+00	3.501463e-08	1.233080e-05	-9.731366e-10	3.114306e-07
8.000521297323303e-02	5.000000e+00	4.968251e+00	-4.968770e+00	3.497736e-08	1.233080e-05	-9.766105e-10	3.114456e-07
8.000525665119365e-02	5.000000e+00	4.968208e+00	-4.968727e+00	3.493586e-08	1.233080e-05	-9.804666e-10	3.114623e-07
8.000533192237178e-02	5.000000e+00	4.968135e+00	-4.968653e+00	3.486403e-08	1.233080e-05	-9.871078e-10	3.114913e-07
8.000541065152067e-02	5.000000e+00	4.968058e+00	-4.968575e+00	3.478847e-08	1.233080e-05	-9.940735e-10	3.115218e-07
8.000555757746720e-02	5.000000e+00	4.967912e+00	-4.968428e+00	3.464626e-08	1.233080e-05	-1.007122e-09	3.115794e-07
8.000571211996922e-02	5.000000e+00	4.967756e+00	-4.968272e+00	3.449482e-08	1.233080e-05	-1.021030e-09	3.116407e-07
8.000598751109675e-02	5.000000e+00	4.967474e+00	-4.967989e+00	3.422018e-08	1.233080e-05	-1.046281e-09	3.117518e-07
8.000634940633379e-02	5.000000e+00	4.967092e+00	-4.967607e+00	3.384924e-08	1.233080e-05	-1.080716e-09	3.119011e-07
8.000693466464179e-02	5.000000e+00	4.966446e+00	-4.966961e+00	3.322386e-08	1.233080e-05	-1.139603e-09	3.121510e-07
8.000782816729507e-02	5.000000e+00	4.965390e+00	-4.965904e+00	3.220228e-08	1.233080e-05	-1.238254e-09	3.125539e-07
8.000899955343248e-02	5.000000e+00	4.963857e+00	-4.964371e+00	3.072133e-08	1.233081e-05	-1.387427e-09	3.131250e-07
8.000904412718421e-02	5.000000e+00	4.963795e+00	-4.964309e+00	3.065534e-08	1.233081e-05	-1.398286e-09	3.131418e-07
8.000913327468767e-02	5.000000e+00	4.963671e+00	-4.964184e+00	3.053986e-08	1.233081e-05	-1.406942e-09	3.131926e-07
8.000931156969460e-02	5.000000e+00	4.963418e+00	-4.963931e+00	3.028489e-08	1.233081e-05	-1.440205e-09	3.132751e-07
8.001038133973615e-02	5.000000e+00	4.961795e+00	-4.962308e+00	2.870993e-08	1.233081e-05	-1.610936e-09	3.138584e-07
8.001180769979155e-02	5.000000e+00	4.959309e+00	-4.959821e+00	2.629566e-08	1.233082e-05	-1.882009e-09	3.147346e-07
8.001466041990235e-02	5.000000e+00	4.952818e+00	-4.953336e+00	1.997001e-08	1.233083e-05	-2.633025e-09	3.169561e-07
8.001772808399897e-02	5.000000e+00	4.942210e+00	-4.942716e+00	9.360211e-09	1.233085e-05	-4.078862e-09	3.203471e-07
8.002030776375585e-02	5.000000e+00	4.927777e+00	-4.928277e+00	-5.858648e-09	1.233088e-05	-6.578811e-09	3.244038e-07
8.002227512494881e-02	5.000000e+00	4.910068e+00	-4.910576e+00	-2.579002e-08	1.233091e-05	-1.047269e-08	3.285228e-07
8.002339466910512e-02	5.000000e+00	4.895054e+00	-4.895541e+00	-4.448617e-08	1.233094e-05	-1.501678e-08	3.305993e-07
8.002410777226807e-02	5.000000e+00	4.882018e+00	-4.882496e+00	-6.245605e-08	1.233097e-05	-2.018625e-08	3.309383e-07
8.002459334786979e-02	5.000000e+00	4.870435e+00	-4.870906e+00	-8.028147e-08	1.233099e-05	-2.611653e-08	3.296001e-07
8.002493378018381e-02	5.000000e+00	4.860036e+00	-4.860497e+00	-9.884396e-08	1.233100e-05	-3.331504e-08	3.260407e-07
8.002517393438156e-02	5.000000e+00	4.850694e+00	-4.851141e+00	-1.190067e-07	1.233102e-05	-4.236504e-08	3.195457e-07
8.002534147879731e-02	5.000000e+00	4.842384e+00	-4.842815e+00	-1.417463e-07	1.233103e-05	-5.399993e-08	3.091510e-07
8.002545955867210e-02	5.000000e+00	4.834856e+00	-4.835265e+00	-1.691236e-07	1.233104e-05	-6.961751e-08	2.931608e-07
8.002555409170743e-02	5.000000e+00	4.826764e+00	-4.827137e+00	-2.104184e-07	1.233105e-05	-9.531809e-08	2.643999e-07
8.002561105925599e-02	5.000000e+00	4.819815e+00	-4.820131e+00	-2.701882e-07	1.233106e-05	-1.356885e-07	2.158831e-07
8.002565921217526e-02	5.000000e+00	4.810212e+00	-4.810389e+00	-4.104160e-07	1.233107e-05	-2.348912e-07	9.227453e-08
8.002570595336594e-02	5.000000e+00	4.798797e+00	-4.798931e+00	-4.624417e-07	1.233108e-05	-2.662560e-07	5.806505e-08
8.002575405652794e-02	5.000000e+00	4.786835e+00	-4.786989e+00	-4.530626e-07	1.233109e-05	-2.509453e-07	8.523939e-08
8.002581184255771e-02	5.000000e+00	4.772499e+00	-4.772657e+00	-4.619594e-07	1.233110e-05	-2.477935e-07	9.807157e-08
8.002589088967579e-02	5.000000e+00	4.752913e+00	-4.753071e+00	-4.795978e-07	1.233112e-05	-2.475959e-07	1.102517e-07
8.002604898391197e-02	5.000000e+00	4.713733e+00	-4.713891e+00	-5.158496e-07	1.233118e-05	-2.478644e-07	1.339696e-07
8.002636517238432e-02	5.000000e+00	4.635311e+00	-4.635468e+00	-5.884445e-07	1.233131e-05	-2.481668e-07	1.826291e-07
8.002677026723697e-02	5.000000e+00	4.534695e+00	-4.534852e+00	-6.823022e-07	1.233151e-05	-2.485822e-07	2.467453e-07
8.002725424100922e-02	5.000000e+00	4.414228e+00	-4.414383e+00	-7.958814e-07	1.233175e-05	-2.492130e-07	3.259065e-07
8.002835160383963e-02	5.000000e+00	4.139638e+00	-4.139789e+00	-1.059925e-06	1.233234e-05	-2.512878e-07	5.161410e-07
8.002955040906987e-02	5.000000e+00	3.836267e+00	-3.836414e+00	-1.360299e-06	1.233298e-05	-2.546406e-07	7.425009e-07
8.003194801953033e-02	5.000000e+00	3.210687e+00	-3.210877e+00	-2.011755e-06	1.233431e-05	-2.661253e-07	1.263866e-06
8.003487563779174e-02	5.000000e+00	2.385103e+00	-2.385187e+00	-2.948827e-06	1.233608e-05	-2.936030e-07	2.069982e-06
8.003709957795341e-02	5.000000e+00	1.700907e+00	-1.700953e+00	-3.787756e-06	1.233757e-05	-3.187407e-07	2.826923e-06
8.003898409055084e-02	5.000000e+00	1.125077e+00	-1.125139e+00	-4.481175e-06	1.233886e-05	-3.046192e-07	3.547908e-06
8.003956792909883e-02	5.000000e+00	9.605264e-01	-9.606286e-01	-4.648015e-06	1.233925e-05	-2.762523e-07	3.791516e-06
8.003962054819223e-02	5.000000e+00	9.462081e-01	-9.463177e-01	-4.658644e-06	1.233928e-05	-2.711449e-07	3.816533e-06
8.003978303817735e-02	5.000000e+00	9.025480e-01	-9.026666e-01	-4.705476e-06	1.233938e-05	-2.654320e-07	3.878962e-06
8.003994552816249e-02	5.000000e+00	8.599482e-01	-8.600759e-01	-4.750438e-06	1.233949e-05	-2.594338e-07	3.940230e-06
8.004010801814761e-02	5.000000e+00	8.184085e-01	-8.185456e-01	-4.793528e-06	1.233959e-05	-2.531505e-07	4.000336e-06
8.004027050813273e-02	5.000000e+00	7.779290e-01	-7.780756e-01	-4.834747e-06	1.233968e-05	-2.465819e-07	4.059282e-06
8.004043299811785e-02	5.000000e+00	7.385097e-01	-7.386661e-01	-4.874096e-06	1.233978e-05	-2.397282e-07	4.117065e-06
8.004059548810298e-02	5.000000e+00	7.001506e-01	-7.003168e-01	-4.911573e-06	1.233987e-05	-2.325893e-07	4.173688e-06
8.004075797808810e-02	5.000000e+00	6.628518e-01	-6.630280e-01	-4.947180e-06	1.233996e-05	-2.251651e-07	4.229149e-06
8.004089091198853e-02	5.000000e+00	6.333371e-01	-6.335217e-01	-4.974675e-06	1.234003e-05	-2.190146e-07	4.145001e-06
8.004113849715112e-02	5.000000e+00	5.805415e-01	-5.807422e-01	-5.022524e-06	1.234016e-05	-2.073045e-07	4.098402e-06
8.004138608231372e-02	5.000000e+00	5.306692e-01	-5.308872e-01	-5.065989e-06	1.234029e-05	-1.955689e-07	4.056008e-06
8.004163366747631e-02	5.000000e+00	4.837204e-01	-4.839568e-01	-5.105069e-06	1.234040e-05	-1.838078e-07	4.017818e-06
8.004188125263891e-02	5.000000e+00	4.396949e-01	-4.399509e-01	-5.139763e-06	1.234051e-05	-1.720212e-07	3.983832e-06
8.004212883780150e-02	5.000000e+00	3.985928e-01	-3.988695e-01	-5.170073e-06	1.234062e-05	-1.602090e-07	3.954051e-06
8.004237642296409e-02	5.000000e+00	3.604141e-01	-3.607126e-01	-5.195998e-06	1.234072e-05	-1.483714e-07	3.928475e-06
8.004262400812669e-02	5.000000e+00	3.251588e-01	-3.254803e-01	-5.217538e-06	1.234081e-05	-1.365082e-07	3.907103e-06
8.004422646483141e-02	5.000000e+00	1.582462e-01	-1.586476e-01	-5.276498e-06	1.234125e-05	-6.988888e-08	3.780876e-06
8.004505318403314e-02	5.000000e+00	1.060182e-01	-1.064500e-01	-5.273734e-06	1.234139e-05	-4.924898e-08	3.720560e-06
8.004580145190826e-02	5.000000e+00	7.278554e-02	-7.323908e-02	-5.256570e-06	1.234148e-05	-3.551850e-08	3.668456e-06
8.004655390777900e-02	5.000000e+00	4.942999e-02	-4.989858e-02	-5.227536e-06	1.234155e-05	-2.435603e-08	3.619875e-06
8.004726190085659e-02	5.000000e+00	3.418401e-02	-3.466332e-02	-5.194354e-06	1.234159e-05	-1.694907e-08	3.574505e-06
8.004802184317736e-02	5.000000e+00	2.293812e-02	-2.342574e-02	-5.154382e-06	1.234162e-05	-1.133406e-08	3.526153e-06
8.004870613037550e-02	5.000000e+00	1.599427e-02	-1.648688e-02	-5.116143e-06	1.234164e-05	-7.966697e-09	3.482561e-06
8.004939498899924e-02	5.000000e+00	1.112219e-02	-1.161837e-02	-5.076056e-06	1.234165e-05	-5.552813e-09	3.438996e-06
8.005006908147531e-02	5.000000e+00	7.797985e-03	-8.296605e-03	-5.035912e-06	1.234166e-05	-3.895026e-09	3.396638e-06
8.005074357885396e-02	5.000000e+00	5.471451e-03	-5.971786e-03	-4.995232e-06	1.234167e-05	-2.730715e-09	3.354543e-06
8.005150244957283e-02	5.000000e+00	3.678686e-03	-4.180381e-03	-4.949150e-06	1.234167e-05	-1.809691e-09	3.307591e-06
8.005235891542258e-02	5.000000e+00	2.356531e-03	-2.859228e-03	-4.897105e-06	1.234167e-05	-1.132370e-09	3.255080e-06
8.005333714854217e-02	5.000000e+00	1.422736e-03	-1.926130e-03	-4.837903e-06	1.234167e-05	-6.631501e-10	3.195747e-06
8.005447072144589e-02	5.000000e+00	7.975884e-04	-1.301439e-03	-4.769870e-06	1.234167e-05	-3.578244e-10	3.127891e-06
8.005581585182403e-02	5.000000e+00	4.047919e-04	-9.089218e-04	-4.690156e-06	1.234167e-05	-1.739160e-10	3.048650e-06
8.005745397405584e-02	5.000000e+00	1.791378e-04	-6.834221e-04	-4.594752e-06	1.234167e-05	-7.575852e-11	2.954025e-06
8.005952036105637e-02	5.000000e+00	6.436605e-05	-5.687204e-04	-4.477155e-06	1.234167e-05	-3.240592e-11	2.837565e-06
8.006224999807289e-02	5.000000e+00	1.544400e-05	-5.198157e-04	-4.326540e-06	1.234167e-05	-1.924354e-11	2.688566e-06
8.006581711801872e-02	5.000000e+00	4.106620e-08	-5.044042e-04	-4.137639e-06	1.234166e-05	-1.935349e-11	2.501853e-06
8.006949448827240e-02	5.000000e+00	-3.016095e-06	-5.013383e-04	-3.951958e-06	1.234165e-05	-2.180845e-11	2.318468e-06
8.007484008417483e-02	5.000000e+00	-3.491196e-06	-5.008664e-04	-3.697523e-06	1.234165e-05	-2.239694e-11	2.067419e-06
8.008203354324092e-02	5.000000e+00	-3.141707e-06	-5.012228e-04	-3.382030e-06	1.234164e-05	-2.262065e-11	1.756538e-06
8.009564414577969e-02	5.000000e+00	-2.361794e-06	-5.020181e-04	-2.859510e-06	1.234162e-05	-2.268489e-11	1.242882e-06
8.012286535085721e-02	5.000000e+00	-1.096973e-06	-5.033044e-04	-2.047810e-06	1.234159e-05	-2.270895e-11	4.492887e-07
8.015176131374434e-02	5.000000e+00	-1.032108e-07	-5.043205e-04	-1.446306e-06	1.234156e-05	-2.272001e-11	-1.326328e-07
8.018115227192764e-02	5.000000e+00	7.162093e-07	-5.051600e-04	-1.031565e-06	1.234154e-05	-2.272358e-11	-5.272636e-07
8.020924455698314e-02	5.000000e+00	1.330859e-06	-5.057916e-04	-7.648708e-07	1.234151e-05	-2.272923e-11	-7.746932e-07
8.023659136540075e-02	5.000000e+00	1.698282e-06	-5.061743e-04	-5.886553e-07	1.234149e-05	-2.273891e-11	-9.322068e-07
8.026278693421963e-02	5.000000e+00	1.845156e-06	-5.063352e-04	-4.727335e-07	1.234147e-05	-2.274641e-11	-1.030320e-06
8.027692984467376e-02	5.000000e+00	1.857049e-06	-5.063544e-04	-4.269122e-07	1.234146e-05	-2.274823e-11	-1.066580e-06
8.027817984467375e-02	5.000000e+00	1.861452e-06	-5.063545e-04	-4.320399e-07	1.234606e-05	-2.274124e-11	-1.069343e-06
8.027896109467376e-02	5.000000e+00	1.872172e-06	-5.063544e-04	-4.437946e-07	1.235777e-05	-2.273393e-11	-1.071194e-06
8.028052359467377e-02	5.000000e+00	1.945584e-06	-5.063541e-04	-5.400253e-07	1.243676e-05	-2.267902e-11	-1.075916e-06
8.028115408364427e-02	5.000000e+00	2.095978e-06	-5.063534e-04	-7.450964e-07	1.261879e-05	-2.245458e-11	-1.079080e-06
8.028169505645533e-02	5.000000e+00	2.711547e-06	-5.063505e-04	-1.592386e-06	1.355241e-05	-2.119498e-11	-1.085303e-06
8.028215063243575e-02	5.000000e+00	5.528407e-06	-5.063346e-04	-5.484596e-06	1.744464e-05	-1.425861e-11	-1.103890e-06
8.028224599356644e-02	5.000000e+00	6.687992e-06	-5.063240e-04	-7.097617e-06	1.906539e-05	-9.553662e-12	-1.110260e-06
8.028234651124773e-02	5.000000e+00	7.882482e-06	-5.063272e-04	-8.725088e-06	2.070252e-05	-1.100671e-11	-1.118401e-06
8.028234751124773e-02	5.000000e+00	7.893917e-06	-5.063279e-04	-8.739118e-06	1.573576e-04	-1.131928e-11	-1.118490e-06
8.028236662386684e-02	5.000000e+00	8.087940e-06	-5.063315e-04	-8.995882e-06	1.576763e-04	-1.294324e-11	-1.120234e-06
8.028238573648594e-02	5.000000e+00	8.262456e-06	-5.063348e-04	-9.226637e-06	1.579525e-04	-1.439950e-11	-1.122021e-06
8.028240484910505e-02	5.000000e+00	8.417465e-06	-5.063377e-04	-9.431383e-06	1.581862e-04	-1.568806e-11	-1.123851e-06
8.028242396172415e-02	5.000000e+00	8.552966e-06	-5.063402e-04	-9.610119e-06	1.583773e-04	-1.680892e-11	-1.125724e-06
8.028244307434326e-02	5.000000e+00	8.668960e-06	-5.063424e-04	-9.762846e-06	1.585260e-04	-1.776209e-11	-1.127640e-06
8.028246218696236e-02	5.000000e+00	8.765446e-06	-5.063441e-04	-9.889563e-06	1.586321e-04	-1.854756e-11	-1.129599e-06
8.028248129958147e-02	5.000000e+00	8.842425e-06	-5.063455e-04	-9.990271e-06	1.586957e-04	-1.916533e-11	-1.131601e-06
8.028261302401930e-02	5.000000e+00	9.064811e-06	-5.063552e-04	-1.026000e-05	1.589803e-04	-2.346868e-11	-1.145628e-06
8.028445373570810e-02	5.000000e+00	9.069649e-06	-5.063528e-04	-1.007322e-05	1.590010e-04	-2.274803e-11	-1.344039e-06
8.028592984467375e-02	5.000000e+00	9.063505e-06	-5.063519e-04	-9.915894e-06	1.590009e-04	-2.275224e-11	-1.494067e-06
8.028613412306941e-02	5.000000e+00	9.062494e-06	-5.063518e-04	-9.900088e-06	1.590009e-04	-2.275311e-11	-1.508739e-06
8.028654267986073e-02	5.000000e+00	9.060040e-06	-5.063515e-04	-1.001580e-05	1.590009e-04	-2.275487e-11	-1.387992e-06
8.028917080208170e-02	5.000000e+00	9.052431e-06	-5.063495e-04	-1.001794e-05	1.592555e-04	-2.275314e-11	-1.375050e-06
8.029179892430267e-02	5.000000e+00	9.044300e-06	-5.063470e-04	-1.001984e-05	1.594429e-04	-2.275185e-11	-1.362132e-06
8.029442704652365e-02	5.000000e+00	9.035644e-06	-5.063442e-04	-1.002152e-05	1.595629e-04	-2.275102e-11	-1.349239e-06
8.029705516874462e-02	5.000000e+00	9.026464e-06	-5.063410e-04	-1.002296e-05	1.596158e-04	-2.275064e-11	-1.336371e-06
8.029968329096560e-02	5.000000e+00	9.016761e-06	-5.063374e-04	-1.002418e-05	1.596013e-04	-2.275072e-11	-1.323527e-06
8.030231141318657e-02	5.000000e+00	9.006534e-06	-5.063334e-04	-1.002516e-05	1.595197e-04	-2.275124e-11	-1.310707e-06
8.030493953540754e-02	5.000000e+00	8.995784e-06	-5.063291e-04	-1.002592e-05	1.593707e-04	-2.275222e-11	-1.297913e-06
8.031574681896786e-02	5.000000e+00	8.949816e-06	-5.063094e-04	-1.002901e-05	1.592170e-04	-2.275264e-11	-1.245555e-06
8.033134735657470e-02	5.000000e+00	8.877877e-06	-5.062767e-04	-1.003125e-05	1.590714e-04	-2.275298e-11	-1.170713e-06
8.034974510475369e-02	5.000000e+00	8.789378e-06	-5.062351e-04	-1.003221e-05	1.590153e-04	-2.275308e-11	-1.083568e-06
8.036717436719462e-02	5.000000e+00	8.705168e-06	-5.061951e-04	-1.003249e-05	1.590129e-04	-2.275300e-11	-1.002115e-06
8.037234651124774e-02	5.000000e+00	8.680185e-06	-5.061832e-04	-1.003253e-05	1.590191e-04	-2.275299e-11	-9.781496e-07
8.037471683812859e-02	5.000000e+00	8.667768e-06	-5.061778e-04	-1.003255e-05	1.403213e-04	-2.275340e-11	-9.672028e-07
8.037945749189029e-02	5.000000e+00	8.646249e-06	-5.061672e-04	-1.003257e-05	1.590164e-04	-2.275224e-11	-9.453631e-07
8.038893879941371e-02	5.000000e+00	8.601825e-06	-5.061465e-04	-1.003259e-05	1.590123e-04	-2.275295e-11	-9.019100e-07
8.040790141446053e-02	5.000000e+00	8.515798e-06	-5.061075e-04	-1.003262e-05	1.590097e-04	-2.275260e-11	-8.159230e-07
8.043488844384958e-02	5.000000e+00	8.399932e-06	-5.060574e-04	-1.003265e-05	1.590144e-04	-2.275232e-11	-6.956362e-07
8.045571211996923e-02	5.000000e+00	8.315299e-06	-5.060228e-04	-1.003267e-05	1.590146e-04	-2.275213e-11	-6.044684e-07
8.046547753725113e-02	5.000000e+00	8.276839e-06	-5.060077e-04	-1.003268e-05	1.590146e-04	-2.275140e-11	-5.622211e-07
8.047849809362699e-02	5.000000e+00	8.227179e-06	-5.059887e-04	-1.003269e-05	1.590146e-04	-2.275205e-11	-5.063504e-07
8.050453920637872e-02	5.000000e+00	8.132492e-06	-5.059596e-04	-1.003272e-05	1.590146e-04	-2.275168e-11	-3.962109e-07
8.053451636704086e-02	5.000000e+00	8.030606e-06	-5.059403e-04	-1.003275e-05	1.590145e-04	-2.275144e-11	-2.720255e-07
8.056457973485519e-02	5.000000e+00	7.934651e-06	-5.059124e-04	-1.003278e-05	1.590145e-04	-2.275125e-11	-1.502150e-07
8.059660396379420e-02	5.000000e+00	7.838188e-06	-5.058849e-04	-1.003281e-05	1.590144e-04	-2.275109e-11	-2.339158e-08
8.060888200163849e-02	5.000000e+00	7.819637e-06	-5.058756e-04	-1.003281e-05	1.590144e-04	-2.274926e-11	1.165297e-09
8.062107340048544e-02	5.000000e+00	7.819889e-06	-5.058669e-04	-1.003280e-05	1.590144e-04	-2.274812e-11	1.160910e-09
8.063713555992097e-02	5.000000e+00	7.821011e-06	-5.058565e-04	-1.003279e-05	1.590144e-04	-2.274807e-11	1.155092e-09
8.065524101583670e-02	5.000000e+00	7.823163e-06	-5.058456e-04	-1.003278e-05	1.590143e-04	-2.274802e-11	1.148530e-09
8.069145192766815e-02	5.000000e+00	7.829924e-06	-5.058264e-04	-1.003277e-05	1.590143e-04	-2.274793e-11	1.135394e-09
8.072754151139432e-02	5.000000e+00	7.839430e-06	-5.058098e-04	-1.003275e-05	1.590142e-04	-2.274786e-11	1.122277e-09
8.076832257303516e-02	5.000000e+00	7.852902e-06	-5.057938e-04	-1.003273e-05	1.590141e-04	-2.274780e-11	1.107417e-09
8.077861390429622e-02	5.000000e+00	7.856738e-06	-5.057901e-04	-1.003272e-05	1.590141e-04	-2.274774e-11	1.103648e-09
8.078890523555726e-02	5.000000e+00	7.860704e-06	-5.057865e-04	-1.003272e-05	1.590141e-04	-2.274770e-11	1.099876e-09
8.079919656681832e-02	5.000000e+00	7.864802e-06	-5.057831e-04	-1.003271e-05	1.590141e-04	-2.274767e-11	1.096101e-09
8.080948789807936e-02	5.000000e+00	7.869029e-06	-5.057798e-04	-1.003271e-05	1.590141e-04	-2.274766e-11	1.092322e-09
8.081977922934042e-02	5.000000e+00	7.873388e-06	-5.057766e-04	-1.003270e-05	1.590140e-04	-2.274766e-11	1.088541e-09
8.083007056060146e-02	5.000000e+00	7.877876e-06	-5.057736e-04	-1.003270e-05	1.590140e-04	-2.274768e-11	1.084756e-09
8.084036189186251e-02	5.000000e+00	7.882496e-06	-5.057707e-04	-1.003270e-05	1.590140e-04	-2.274771e-11	1.080968e-09
8.090180189186251e-02	5.000000e+00	7.912939e-06	-5.057550e-04	-1.003267e-05	1.590139e-04	-2.274763e-11	1.057823e-09
8.095954206133098e-02	5.000000e+00	7.951145e-06	-5.057426e-04	-1.003266e-05	1.590138e-04	-2.274742e-11	1.032629e-09
8.103523921791778e-02	5.000000e+00	8.096894e-06	-5.057292e-04	-1.003276e-05	1.590137e-04	-2.274549e-11	9.538252e-10
8.111134857204481e-02	5.000000e+00	8.798815e-06	-5.057181e-04	-1.003361e-05	1.590136e-04	-2.273528e-11	6.075798e-10
8.118873981796236e-02	5.000000e+00	9.827924e-06	-5.057087e-04	-1.003491e-05	1.590135e-04	-2.273279e-11	1.028007e-10
8.127371379458515e-02	5.000000e+00	1.017895e-05	-5.057001e-04	-1.003532e-05	1.590135e-04	-2.274883e-11	-7.164069e-11
8.136104488712512e-02	5.000000e+00	1.011835e-05	-5.056926e-04	-1.003519e-05	1.590134e-04	-2.275130e-11	-4.615348e-11
8.144722260259059e-02	5.000000e+00	1.004653e-05	-5.056863e-04	-1.003505e-05	1.590134e-04	-2.274906e-11	-1.462413e-11
8.154487885259058e-02	5.000000e+00	1.001539e-05	-5.056802e-04	-1.003496e-05	1.590133e-04	-2.274820e-11	-2.885971e-12
8.164253510259058e-02	5.000000e+00	1.000789e-05	-5.056749e-04	-1.003490e-05	1.590132e-04	-2.274812e-11	-2.055983e-12
8.174019135259057e-02	5.000000e+00	1.000472e-05	-5.056703e-04	-1.003484e-05	1.590132e-04	-2.274817e-11	-3.048712e-12
8.183784760259057e-02	5.000000e+00	1.000150e-05	-5.056664e-04	-1.003478e-05	1.590131e-04	-2.274819e-11	-3.755907e-12
8.193550385259056e-02	5.000000e+00	9.998118e-06	-5.056628e-04	-1.003472e-05	1.590131e-04	-2.274820e-11	-4.160062e-12
8.203316010259055e-02	5.000000e+00	9.994928e-06	-5.056597e-04	-1.003466e-05	1.590130e-04	-2.274819e-11	-4.471036e-12
8.213081635259055e-02	5.000000e+00	9.992103e-06	-5.056569e-04	-1.003459e-05	1.590129e-04	-2.274819e-11	-4.799198e-12
8.222847260259054e-02	5.000000e+00	9.989772e-06	-5.056544e-04	-1.003453e-05	1.590129e-04	-2.274818e-11	-5.230153e-12
8.232612885259054e-02	5.000000e+00	9.988403e-06	-5.056521e-04	-1.003447e-05	1.590128e-04	-2.274817e-11	-5.999480e-12
8.242378510259053e-02	5.000000e+00	9.989726e-06	-5.056500e-04	-1.003442e-05	1.590127e-04	-2.274813e-11	-7.926495e-12
8.252144135259053e-02	5.000000e+00	9.999751e-06	-5.056481e-04	-1.003437e-05	1.590127e-04	-2.274801e-11	-1.383601e-11
8.261909760259052e-02	5.000000e+00	1.003851e-05	-5.056464e-04	-1.003436e-05	1.590126e-04	-2.274761e-11	-3.326429e-11
8.271675385259052e-02	5.000000e+00	1.017304e-05	-5.056448e-04	-1.003447e-05	1.590126e-04	-2.274629e-11	-9.625399e-11
8.281441010259051e-02	5.000000e+00	1.054956e-05	-5.056433e-04	-1.003489e-05	1.590125e-04	-2.274306e-11	-2.689542e-10
8.291206635259050e-02	5.000000e+00	1.121683e-05	-5.056419e-04	-1.003561e-05	1.590125e-04	-2.273983e-11	-5.495481e-10
8.300972260259050e-02	5.000000e+00	1.192286e-05	-5.056406e-04	-1.003604e-05	1.590125e-04	-2.274071e-11	-7.156268e-10
8.310737885259049e-02	5.000000e+00	1.337035e-05	-5.056394e-04	-1.003600e-05	1.590125e-04	-2.272953e-11	-7.011836e-10
8.319553399111565e-02	5.000000e+00	1.791210e-05	-5.056383e-04	-1.003562e-05	1.590125e-04	-2.267921e-11	-5.652460e-10
8.326290900471045e-02	5.000000e+00	2.774828e-05	-5.056373e-04	-1.003506e-05	1.590124e-04	-2.256118e-11	-3.624102e-10
8.333573630304651e-02	5.000000e+00	5.478953e-05	-5.056359e-04	-1.003441e-05	1.590124e-04	-2.225963e-11	-1.311085e-10
8.338828187449449e-02	5.000000e+00	9.779424e-05	-5.056342e-04	-1.003417e-05	1.590124e-04	-2.174207e-11	-5.005992e-11
8.343621845062614e-02	5.000000e+00	1.718199e-04	-5.056318e-04	-1.003409e-05	1.590124e-04	-2.085656e-11	-3.112789e-11
8.349282580709777e-02	5.000000e+00	3.421642e-04	-5.056270e-04	-1.003402e-05	1.590123e-04	-1.894441e-11	-1.875307e-11
8.355937928051355e-02	5.000000e+00	7.810589e-04	-5.056158e-04	-1.003394e-05	1.590123e-04	-1.421344e-11	-4.092307e-12
8.365703553051354e-02	5.000000e+00	2.647686e-03	-5.055745e-04	-1.003381e-05	1.590122e-04	3.820085e-12	1.942433e-11
8.373773380450233e-02	5.000000e+00	7.248287e-03	-5.054672e-04	-1.003360e-05	1.590122e-04	5.143018e-11	6.869111e-11
8.379766380651722e-02	5.000000e+00	1.523230e-02	-5.052622e-04	-1.003328e-05	1.590121e-04	1.429991e-10	1.625151e-10
8.384992261167065e-02	5.000000e+00	2.892236e-02	-5.049133e-04	-1.003276e-05	1.590121e-04	2.992773e-10	3.216864e-10
8.389796171468161e-02	5.000000e+00	5.173545e-02	-5.043456e-04	-1.003194e-05	1.590120e-04	5.542790e-10	5.801392e-10
8.393941327699186e-02	5.000000e+00	8.471892e-02	-5.035301e-04	-1.003078e-05	1.590120e-04	9.218372e-10	9.514151e-10
8.398164179582150e-02	5.000000e+00	1.384626e-01	-5.022716e-04	-1.002900e-05	1.590119e-04	1.491110e-09	1.525129e-09
8.402451203403995e-02	5.000000e+00	2.245213e-01	-5.003682e-04	-1.002631e-05	1.590118e-04	2.355672e-09	2.394834e-09
8.406960209692571e-02	5.000000e+00	3.652347e-01	-4.974874e-04	-1.002222e-05	1.590116e-04	3.670435e-09	3.715429e-09
8.410728934575193e-02	5.000000e+00	5.369105e-01	-4.941793e-04	-1.001751e-05	1.590114e-04	5.188477e-09	5.238332e-09
8.414998920763683e-02	5.000000e+00	8.077563e-01	-4.896604e-04	-1.001102e-05	1.590111e-04	7.275311e-09	7.329870e-09
8.416559150566594e-02	5.000000e+00	9.302090e-01	-4.876080e-04	-1.000804e-05	1.590110e-04	8.231980e-09	8.287985e-09
8.417968861946661e-02	5.000000e+00	1.052457e+00	-4.858524e-04	-1.000547e-05	1.590108e-04	9.052944e-09	1.068824e-08
8.419752935382299e-02	5.000000e+00	1.223561e+00	-4.836529e-04	-1.000221e-05	1.590107e-04	1.008387e-08	1.812461e-08
8.421072020520591e-02	5.000000e+00	1.361753e+00	-4.820624e-04	-9.999787e-06	1.590105e-04	1.083288e-08	2.564333e-08
8.422453220228684e-02	5.000000e+00	1.517229e+00	-4.803614e-04	-9.997207e-06	1.590103e-04	1.163747e-08	3.497818e-08
8.424525901376875e-02	5.000000e+00	1.771426e+00	-4.778090e-04	-9.993308e-06	1.590101e-04	1.285141e-08	5.157940e-08
8.427450084694342e-02	5.000000e+00	2.172464e+00	-4.742763e-04	-9.987833e-06	1.590097e-04	1.454705e-08	7.992887e-08
8.432541525993595e-02	5.000000e+00	2.984109e+00	-4.685454e-04	-9.978688e-06	1.590088e-04	1.734204e-08	1.417560e-07
8.437361044909454e-02	5.000000e+00	3.871676e+00	-4.640166e-04	-9.971068e-06	1.590079e-04	1.960837e-08	2.126476e-07
8.442184305062707e-02	5.000000e+00	4.856456e+00	-4.602203e-04	-9.964744e-06	1.590069e-04	2.141016e-08	2.935193e-07
8.442990877397269e-02	5.000000e+00	5.029069e+00	-4.723925e-04	-9.964210e-06	1.590067e-04	2.153407e-08	3.076278e-07
8.443322108963043e-02	5.000000e+00	5.100541e+00	-4.831882e-04	-9.963881e-06	1.590067e-04	2.162136e-08	3.135374e-07
8.443450542661880e-02	5.000000e+00	5.128345e+00	-4.834669e-04	-9.963735e-06	1.590066e-04	2.166142e-08	3.158498e-07
8.443770768779171e-02	5.000000e+00	5.197885e+00	-4.837470e-04	-9.963384e-06	1.590066e-04	2.175637e-08	3.216445e-07
8.444100842676036e-02	5.000000e+00	5.269879e+00	-4.839441e-04	-9.963027e-06	1.590065e-04	2.185301e-08	3.276540e-07
8.444760990469766e-02	5.000000e+00	5.414802e+00	-4.841931e-04	-9.962327e-06	1.590063e-04	2.204099e-08	3.397736e-07
8.446081286057225e-02	5.000000e+00	5.708199e+00	-4.844351e-04	-9.960986e-06	1.590060e-04	2.239568e-08	3.643923e-07
8.448721877232142e-02	5.000000e+00	6.307716e+00	-4.849848e-04	-9.958543e-06	1.590054e-04	2.302140e-08	4.149925e-07
8.452690576531090e-02	5.000000e+00	7.234539e+00	-4.875870e-04	-9.955502e-06	1.590045e-04	2.374220e-08	4.938296e-07
8.456352257825167e-02	5.000000e+00	8.109077e+00	-4.906486e-04	-9.953477e-06	1.590036e-04	2.413955e-08	5.686595e-07
8.459981433512198e-02	5.000000e+00	8.986469e+00	-4.942396e-04	-9.952079e-06	1.590027e-04	2.432594e-08	6.437793e-07
8.465874440740911e-02	5.000000e+00	1.041610e+01	-5.010778e-04	-9.950728e-06	1.590012e-04	2.432017e-08	7.652620e-07
8.471627885669004e-02	5.000000e+00	1.179579e+01	-5.090960e-04	-9.950802e-06	1.589998e-04	2.385465e-08	8.815069e-07
8.480678887711222e-02	5.000000e+00	1.388122e+01	-5.240712e-04	-9.952910e-06	1.589977e-04	2.248568e-08	1.055543e-06
8.490414310080101e-02	5.000000e+00	1.593347e+01	-5.379760e-04	-9.958145e-06	1.589956e-04	2.008914e-08	1.224286e-06
8.497008401672301e-02	5.000000e+00	1.717122e+01	-5.384786e-04	-9.963650e-06	1.589944e-04	1.786680e-08	1.324339e-06
8.502651163672897e-02	5.000000e+00	1.811451e+01	-5.336485e-04	-9.968976e-06	1.589934e-04	1.580142e-08	1.399731e-06
8.508586704140819e-02	5.000000e+00	1.898169e+01	-5.265226e-04	-9.974901e-06	1.589925e-04	1.356402e-08	1.468285e-06
8.515023591082894e-02	5.000000e+00	1.977589e+01	-5.187177e-04	-9.981308e-06	1.589917e-04	1.119305e-08	1.530363e-06
8.520462712006668e-02	5.000000e+00	2.033978e+01	-5.142002e-04	-9.985978e-06	1.589912e-04	9.454042e-09	1.574092e-06
8.525854286954890e-02	5.000000e+00	2.081685e+01	-5.110683e-04	-9.989626e-06	1.589907e-04	8.102693e-09	1.611375e-06
8.531918786983755e-02	5.000000e+00	2.128057e+01	-5.085177e-04	-9.992423e-06	1.589902e-04	7.033023e-09	1.647940e-06
8.537707045710798e-02	5.000000e+00	2.167316e+01	-5.067239e-04	-9.993975e-06	1.589898e-04	6.395642e-09	1.679327e-06
8.544708845588923e-02	5.000000e+00	2.210574e+01	-5.052362e-04	-9.995086e-06	1.589894e-04	5.887702e-09	1.714132e-06
8.551444786293912e-02	5.000000e+00	2.249379e+01	-5.042870e-04	-9.995569e-06	1.589890e-04	5.600089e-09	1.745626e-06
8.559528000065780e-02	5.000000e+00	2.293684e+01	-5.035958e-04	-9.995806e-06	1.589885e-04	5.374222e-09	1.781640e-06
8.567189846149312e-02	5.000000e+00	2.334239e+01	-5.032109e-04	-9.995774e-06	1.589881e-04	3.259278e-08	1.814732e-06
8.570878615088180e-02	5.000000e+00	2.353422e+01	-5.030870e-04	-9.995671e-06	1.588117e-04	1.819910e-07	1.830522e-06
8.572528730575843e-02	5.000000e+00	2.359955e+01	-5.047621e-04	-1.000007e-05	1.587326e-04	2.591403e-07	1.833211e-06
8.573981078871351e-02	5.000000e+00	2.362531e+01	-5.076035e-04	-1.000793e-05	1.586978e-04	2.909429e-07	1.830457e-06
8.575107196338860e-02	5.000000e+00	2.363991e+01	-5.066105e-04	-1.000698e-05	1.586775e-04	3.118285e-07	1.831768e-06
8.576369173458268e-02	5.000000e+00	2.365323e+01	-5.062182e-04	-1.000737e-05	1.586582e-04	3.309534e-07	1.832541e-06
8.578893127697082e-02	5.000000e+00	2.367467e+01	-5.055330e-04	-1.000793e-05	1.586265e-04	3.628833e-07	1.833685e-06
8.581765138669349e-02	5.000000e+00	2.369368e+01	-5.048943e-04	-1.000829e-05	1.585961e-04	3.922455e-07	1.834706e-06
8.585025738879480e-02	5.000000e+00	2.371126e+01	-5.043353e-04	-1.000848e-05	1.585683e-04	4.204715e-07	1.835685e-06
8.588413666556749e-02	5.000000e+00	2.372640e+01	-5.039276e-04	-1.000863e-05	1.585431e-04	4.454180e-07	1.836501e-06
8.592069308831815e-02	5.000000e+00	2.374025e+01	-5.036081e-04	-1.000874e-05	1.585196e-04	4.688212e-07	1.837238e-06
8.595915811878881e-02	5.000000e+00	2.375277e+01	-5.033666e-04	-1.000881e-05	1.584978e-04	4.904167e-07	1.837889e-06
8.600138493752693e-02	5.000000e+00	2.376464e+01	-5.031755e-04	-1.000887e-05	1.584768e-04	5.113158e-07	1.838493e-06
8.605156441438831e-02	5.000000e+00	2.377680e+01	-5.030162e-04	-1.000892e-05	1.584550e-04	5.331137e-07	1.839099e-06
8.610238776374386e-02	5.000000e+00	2.378743e+01	-5.029058e-04	-1.000894e-05	1.584355e-04	5.524784e-07	1.839618e-06
8.615654424136787e-02	5.000000e+00	2.379728e+01	-5.028269e-04	-1.000895e-05	1.584172e-04	5.706964e-07	1.840090e-06
8.620788630274295e-02	5.000000e+00	2.380548e+01	-5.027771e-04	-1.000896e-05	1.584017e-04	5.860632e-07	1.840478e-06
8.626219770935949e-02	5.000000e+00	2.381318e+01	-5.027419e-04	-1.000895e-05	1.583870e-04	6.006425e-07	1.840836e-06
8.631664480847562e-02	5.000000e+00	2.382005e+01	-5.027184e-04	-1.000894e-05	1.583738e-04	6.137900e-07	1.841151e-06
8.637602255616381e-02	5.000000e+00	2.382673e+01	-5.027013e-04	-1.000893e-05	1.583608e-04	6.267092e-07	1.841455e-06
8.643864560417178e-02	5.000000e+00	2.383302e+01	-5.026894e-04	-1.000891e-05	1.583485e-04	6.389665e-07	1.841737e-06
8.650851390308821e-02	5.000000e+00	2.383927e+01	-5.026807e-04	-1.000889e-05	1.583362e-04	6.512379e-07	1.842015e-06
8.658473806171255e-02	5.000000e+00	2.384531e+01	-5.026744e-04	-1.000886e-05	1.583242e-04	6.631968e-07	1.842281e-06
8.667134463008838e-02	5.000000e+00	2.385136e+01	-5.026697e-04	-1.000882e-05	1.583120e-04	6.752683e-07	1.842544e-06
8.676853977877544e-02	5.000000e+00	2.385730e+01	-5.026663e-04	-1.000877e-05	1.583000e-04	6.872176e-07	1.842801e-06
8.686619602877543e-02	5.000000e+00	2.386253e+01	-5.026640e-04	-1.000873e-05	1.582893e-04	6.978111e-07	1.843026e-06
8.696385227877543e-02	5.000000e+00	2.386716e+01	-5.026623e-04	-1.000868e-05	1.582799e-04	7.072276e-07	1.843223e-06
8.706150852877542e-02	5.000000e+00	2.387127e+01	-5.026610e-04	-1.000863e-05	1.582714e-04	7.156538e-07	1.843398e-06
8.725682102877541e-02	5.000000e+00	2.387828e+01	-5.026594e-04	-1.000852e-05	1.582568e-04	7.301019e-07	1.843693e-06
8.745213352877540e-02	5.000000e+00	2.388403e+01	-5.026583e-04	-1.000842e-05	1.582447e-04	7.420417e-07	1.843934e-06
8.764744602877539e-02	5.000000e+00	2.388882e+01	-5.026576e-04	-1.000831e-05	1.582346e-04	7.520750e-07	1.844134e-06
8.784275852877538e-02	5.000000e+00	2.389289e+01	-5.026570e-04	-1.000820e-05	1.582259e-04	7.606253e-07	1.844302e-06
8.803807102877537e-02	5.000000e+00	2.389638e+01	-5.026567e-04	-9.996949e-06	1.582184e-04	7.679959e-07	1.844447e-06
8.833103977877535e-02	5.000000e+00	2.390077e+01	-5.026563e-04	-9.924966e-06	1.582089e-04	7.772943e-07	1.844627e-06
8.862400852877533e-02	5.000000e+00	2.390436e+01	-5.026560e-04	-9.816401e-06	1.582011e-04	7.849432e-07	1.844774e-06
8.891697727877532e-02	5.000000e+00	2.390735e+01	-5.026558e-04	-9.692048e-06	1.581946e-04	7.913296e-07	1.844896e-06
8.914019156448959e-02	5.000000e+00	2.390924e+01	-5.026557e-04	-9.591667e-06	1.581904e-04	7.953861e-07	1.844974e-06
8.936340585020386e-02	5.000000e+00	2.391097e+01	-5.026556e-04	-9.494029e-06	1.581865e-04	7.991206e-07	1.845044e-06
8.958662013591813e-02	5.000000e+00	2.391256e+01	-5.026555e-04	-9.399136e-06	1.581830e-04	8.025332e-07	1.845109e-06
8.980983442163241e-02	5.000000e+00	2.391400e+01	-5.026555e-04	-9.306988e-06	1.581798e-04	8.056238e-07	1.845167e-06
9.003304870734669e-02	5.000000e+00	2.391528e+01	-5.026554e-04	-9.217583e-06	1.581769e-04	8.083924e-07	1.845219e-06
9.025626299306096e-02	5.000000e+00	2.391641e+01	-5.026554e-04	-9.130924e-06	1.581743e-04	8.108391e-07	1.845265e-06
9.047947727877523e-02	5.000000e+00	2.391739e+01	-5.026553e-04	-9.047008e-06	1.581721e-04	8.129638e-07	1.845304e-06
9.093985674306092e-02	5.000000e+00	2.391916e+01	-5.026553e-04	-8.891616e-06	1.581680e-04	8.164648e-07	1.845376e-06
9.140023620734661e-02	5.000000e+00	2.392075e+01	-5.026553e-04	-8.747490e-06	1.581643e-04	8.198177e-07	1.845440e-06
9.186061567163230e-02	5.000000e+00	2.392218e+01	-5.026552e-04	-8.614630e-06	1.581610e-04	8.230226e-07	1.845497e-06
9.232099513591797e-02	5.000000e+00	2.392343e+01	-5.026552e-04	-8.493037e-06	1.581580e-04	8.260794e-07	1.845547e-06
9.278137460020366e-02	5.000000e+00	2.392452e+01	-5.026552e-04	-8.382710e-06	1.581554e-04	8.289881e-07	1.845591e-06
9.324175406448935e-02	5.000000e+00	2.392543e+01	-5.026552e-04	-8.283649e-06	1.581532e-04	8.317488e-07	1.845627e-06
9.370213352877504e-02	5.000000e+00	2.392617e+01	-5.026552e-04	-8.195855e-06	1.581514e-04	8.343613e-07	1.845656e-06
9.460182873895004e-02	5.000000e+00	2.392746e+01	-5.026552e-04	-8.045429e-06	1.581481e-04	8.455021e-07	1.845707e-06
9.550152394912503e-02	5.000000e+00	2.392861e+01	-5.026552e-04	-7.908709e-06	1.581452e-04	8.567326e-07	1.845752e-06
9.640121915930003e-02	5.000000e+00	2.392963e+01	-5.026552e-04	-7.785695e-06	1.581425e-04	8.680528e-07	1.845791e-06
9.730091436947502e-02	5.000000e+00	2.393052e+01	-5.026552e-04	-7.676388e-06	1.581402e-04	8.794626e-07	1.845826e-06
9.820060957965002e-02	5.000000e+00	2.393128e+01	-5.026552e-04	-7.580787e-06	1.581381e-04	8.909622e-07	1.845855e-06
9.910030478982501e-02	5.000000e+00	2.393190e+01	-5.026552e-04	-7.498892e-06	1.581364e-04	9.025514e-07	1.845878e-06
1.000000000000000e-01	5.000000e+00	2.393239e+01	-5.026552e-04	-7.430704e-06	1.581349e-04	9.142304e-07	1.845896e-06
