time	V(5v)	V(mos_out)	V(n001)	V(n002)	V(n003)	I(R5)	I(R6)	I(R7)	I(R8)	I(R9)	I(V1)	Id(M2)	Ig(M2)	Is(M2)	Ix(U1:1)	Ix(U1:2)	Ix(U1:3)	Ix(U1:4)	Ix(U1:7)
0.000000000000000e+00	5.000000e+00	4.929305e+00	4.999811e+00	4.999811e+00	4.415715e+00	-4.999811e-06	4.999811e-06	2.366052e-05	5.842851e-04	6.021703e-04	-1.736576e-03	-1.235934e-10	0.000000e+00	1.235934e-10	1.004291e-15	-1.788520e-05	1.866084e-05	-1.129406e-03	1.128630e-03
9.999999717180685e-10	5.000000e+00	4.929305e+00	4.999811e+00	4.999811e+00	4.415715e+00	-4.999811e-06	4.999811e-06	2.366052e-05	5.842851e-04	6.021703e-04	-1.736576e-03	-1.243870e-10	-1.210143e-14	1.243991e-10	1.447139e-15	-1.788520e-05	1.866084e-05	-1.129406e-03	1.128630e-03
1.999999943436137e-09	5.000000e+00	4.929305e+00	4.999811e+00	4.999811e+00	4.415715e+00	-4.999811e-06	4.999811e-06	2.366052e-05	5.842851e-04	6.021703e-04	-1.736576e-03	-1.244814e-10	2.348122e-14	1.244579e-10	1.004033e-15	-1.788520e-05	1.866084e-05	-1.129406e-03	1.128630e-03
3.999999886872274e-09	5.000000e+00	4.929305e+00	4.999811e+00	4.999811e+00	4.415715e+00	-4.999811e-06	4.999811e-06	2.366052e-05	5.842851e-04	6.021703e-04	-1.736576e-03	-1.242802e-10	-1.164219e-14	1.242919e-10	5.463403e-16	-1.788520e-05	1.866084e-05	-1.129406e-03	1.128630e-03
7.999999773744548e-09	5.000000e+00	4.929305e+00	4.999811e+00	4.999811e+00	4.415715e+00	-4.999811e-06	4.999811e-06	2.366052e-05	5.842851e-04	6.021703e-04	-1.736576e-03	-1.257555e-10	4.921352e-15	1.257506e-10	1.026476e-15	-1.788520e-05	1.866084e-05	-1.129406e-03	1.128630e-03
1.599999954748910e-08	5.000000e+00	4.929305e+00	4.999811e+00	4.999811e+00	4.415715e+00	-4.999811e-06	4.999811e-06	2.366052e-05	5.842851e-04	6.021703e-04	-1.736576e-03	-1.245259e-10	7.654379e-15	1.245182e-10	-6.168885e-15	-1.788520e-05	1.866084e-05	-1.129406e-03	1.128630e-03
3.199999909497819e-08	5.000000e+00	4.929305e+00	4.999811e+00	4.999811e+00	4.415715e+00	-4.999811e-06	4.999811e-06	2.366052e-05	5.842851e-04	6.021703e-04	-1.736576e-03	-1.259444e-10	1.464072e-14	1.259297e-10	-7.199791e-15	-1.788520e-05	1.866084e-05	-1.129406e-03	1.128630e-03
6.399999818995639e-08	5.000000e+00	4.929305e+00	4.999811e+00	4.999811e+00	4.415715e+00	-4.999811e-06	4.999811e-06	2.366052e-05	5.842851e-04	6.021703e-04	-1.736576e-03	-1.244660e-10	2.777490e-14	1.244383e-10	-1.634371e-14	-1.788520e-05	1.866084e-05	-1.129406e-03	1.128630e-03
1.279999963799128e-07	5.000000e+00	4.929305e+00	4.999811e+00	4.999811e+00	4.415715e+00	-4.999811e-06	4.999811e-06	2.366052e-05	5.842851e-04	6.021703e-04	-1.736576e-03	-1.241645e-10	3.264644e-14	1.241318e-10	-1.973686e-14	-1.788520e-05	1.866084e-05	-1.129406e-03	1.128630e-03
2.559999927598255e-07	5.000000e+00	4.929305e+00	4.999811e+00	4.999811e+00	4.415715e+00	-4.999811e-06	4.999811e-06	2.366052e-05	5.842851e-04	6.021703e-04	-1.736576e-03	-1.238857e-10	1.033383e-14	1.238754e-10	-1.053870e-14	-1.788520e-05	1.866084e-05	-1.129406e-03	1.128630e-03
5.119999855196511e-07	5.000000e+00	4.929305e+00	4.999811e+00	4.999811e+00	4.415715e+00	-4.999811e-06	4.999811e-06	2.366052e-05	5.842851e-04	6.021703e-04	-1.736576e-03	-1.252305e-10	2.544092e-14	1.252050e-10	-1.627995e-14	-1.788520e-05	1.866084e-05	-1.129406e-03	1.128630e-03
1.023999971039302e-06	5.000000e+00	4.929305e+00	4.999811e+00	4.999811e+00	4.415715e+00	-4.999811e-06	4.999811e-06	2.366052e-05	5.842851e-04	6.021703e-04	-1.736576e-03	-1.231726e-10	2.032502e-14	1.231523e-10	-9.442594e-15	-1.788520e-05	1.866084e-05	-1.129406e-03	1.128630e-03
2.047999942078604e-06	5.000000e+00	4.929305e+00	4.999811e+00	4.999811e+00	4.415715e+00	-4.999811e-06	4.999811e-06	2.366052e-05	5.842851e-04	6.021703e-04	-1.736576e-03	-1.250720e-10	-3.498658e-14	1.251070e-10	2.600535e-14	-1.788520e-05	1.866084e-05	-1.129406e-03	1.128630e-03
4.095999884157209e-06	5.000000e+00	4.929305e+00	4.999811e+00	4.999811e+00	4.415715e+00	-4.999811e-06	4.999811e-06	2.366052e-05	5.842851e-04	6.021703e-04	-1.736576e-03	-1.239244e-10	1.690008e-14	1.239075e-10	-2.754834e-14	-1.788520e-05	1.866084e-05	-1.129406e-03	1.128630e-03
8.191999768314417e-06	5.000000e+00	4.929305e+00	4.999811e+00	4.999811e+00	4.415715e+00	-4.999811e-06	4.999811e-06	2.366052e-05	5.842851e-04	6.021703e-04	-1.736576e-03	-1.244324e-10	-1.515805e-14	1.244475e-10	1.857474e-14	-1.788520e-05	1.866084e-05	-1.129406e-03	1.128630e-03
1.638399953662883e-05	5.000000e+00	4.929305e+00	4.999811e+00	4.999811e+00	4.415715e+00	-4.999811e-06	4.999811e-06	2.366052e-05	5.842851e-04	6.021703e-04	-1.736576e-03	-1.239551e-10	2.170600e-14	1.239334e-10	-2.029944e-14	-1.788520e-05	1.866084e-05	-1.129406e-03	1.128630e-03
3.276799907325767e-05	5.000000e+00	4.929305e+00	4.999811e+00	4.999811e+00	4.415715e+00	-4.999811e-06	4.999811e-06	2.366052e-05	5.842851e-04	6.021703e-04	-1.736576e-03	-1.244095e-10	-2.261705e-14	1.244321e-10	2.168870e-14	-1.788520e-05	1.866084e-05	-1.129406e-03	1.128630e-03
6.553599814651534e-05	5.000000e+00	4.929305e+00	4.999811e+00	4.999811e+00	4.415715e+00	-4.999811e-06	4.999811e-06	2.366052e-05	5.842851e-04	6.021703e-04	-1.736576e-03	-1.239643e-10	2.263181e-14	1.239417e-10	-2.216800e-14	-1.788520e-05	1.866084e-05	-1.129406e-03	1.128630e-03
1.310719962930307e-04	5.000000e+00	4.929305e+00	4.999811e+00	4.999811e+00	4.415715e+00	-4.999811e-06	4.999811e-06	2.366052e-05	5.842851e-04	6.021703e-04	-1.736576e-03	-1.249977e-10	-2.252636e-14	1.250202e-10	2.231175e-14	-1.788520e-05	1.866084e-05	-1.129406e-03	1.128630e-03
2.621439925860614e-04	5.000000e+00	4.929305e+00	4.999811e+00	4.999811e+00	4.415715e+00	-4.999811e-06	4.999811e-06	2.366052e-05	5.842851e-04	6.021703e-04	-1.736576e-03	-1.245583e-10	2.250710e-14	1.245358e-10	-2.279023e-14	-1.788520e-05	1.866084e-05	-1.129406e-03	1.128630e-03
5.242879851721227e-04	5.000000e+00	4.929305e+00	4.999811e+00	4.999811e+00	4.415715e+00	-4.999811e-06	4.999811e-06	2.366052e-05	5.842851e-04	6.021703e-04	-1.736576e-03	-1.244048e-10	-2.221468e-14	1.244271e-10	2.334824e-14	-1.788520e-05	1.866084e-05	-1.129406e-03	1.128630e-03
1.048575970344245e-03	5.000000e+00	4.929305e+00	4.999811e+00	4.999811e+00	4.415715e+00	-4.999811e-06	4.999811e-06	2.366052e-05	5.842851e-04	6.021703e-04	-1.736576e-03	-1.245583e-10	2.200721e-14	1.245363e-10	-2.361942e-14	-1.788520e-05	1.866084e-05	-1.129406e-03	1.128630e-03
2.025138470344245e-03	5.000000e+00	4.929305e+00	4.999811e+00	4.999811e+00	4.415715e+00	-4.999811e-06	4.999811e-06	2.366052e-05	5.842851e-04	6.021703e-04	-1.736576e-03	-1.249969e-10	-2.197301e-14	1.250189e-10	2.272676e-14	-1.788520e-05	1.866084e-05	-1.129406e-03	1.128630e-03
3.001700970344245e-03	5.000000e+00	4.929305e+00	4.999811e+00	4.999811e+00	4.415715e+00	-4.999811e-06	4.999811e-06	2.366052e-05	5.842851e-04	6.021703e-04	-1.736576e-03	-1.245584e-10	2.192964e-14	1.245365e-10	-2.216883e-14	-1.788520e-05	1.866084e-05	-1.129406e-03	1.128630e-03
3.978263470344245e-03	5.000000e+00	4.929305e+00	4.999811e+00	4.999811e+00	4.415715e+00	-4.999811e-06	4.999811e-06	2.366052e-05	5.842851e-04	6.021703e-04	-1.736576e-03	-1.249968e-10	-2.188482e-14	1.250187e-10	2.293396e-14	-1.788520e-05	1.866084e-05	-1.129406e-03	1.128630e-03
4.954825970344245e-03	5.000000e+00	4.929305e+00	4.999811e+00	4.999811e+00	4.415715e+00	-4.999811e-06	4.999811e-06	2.366052e-05	5.842851e-04	6.021703e-04	-1.736576e-03	-1.245585e-10	2.183962e-14	1.245367e-10	-2.237612e-14	-1.788520e-05	1.866084e-05	-1.129406e-03	1.128630e-03
5.931388470344245e-03	5.000000e+00	4.929305e+00	4.999811e+00	4.999811e+00	4.415715e+00	-4.999811e-06	4.999811e-06	2.366052e-05	5.842851e-04	6.021703e-04	-1.736576e-03	-1.249967e-10	-2.179480e-14	1.250186e-10	2.189780e-14	-1.788520e-05	1.866084e-05	-1.129406e-03	1.128630e-03
6.907950970344245e-03	5.000000e+00	4.929305e+00	4.999811e+00	4.999811e+00	4.415715e+00	-4.999811e-06	4.999811e-06	2.366052e-05	5.842851e-04	6.021703e-04	-1.736576e-03	-1.245586e-10	2.174952e-14	1.245369e-10	-2.175446e-14	-1.788520e-05	1.866084e-05	-1.129406e-03	1.128630e-03
7.884513470344245e-03	5.000000e+00	4.929305e+00	4.999811e+00	4.999811e+00	4.415715e+00	-4.999811e-06	4.999811e-06	2.366052e-05	5.842851e-04	6.021703e-04	-1.736576e-03	-1.249967e-10	-2.170479e-14	1.250184e-10	2.210508e-14	-1.788520e-05	1.866084e-05	-1.129406e-03	1.128630e-03
8.861075970344245e-03	5.000000e+00	4.929305e+00	4.999811e+00	4.999811e+00	4.415715e+00	-4.999811e-06	4.999811e-06	2.366052e-05	5.842851e-04	6.021703e-04	-1.736576e-03	-1.245587e-10	2.165993e-14	1.245370e-10	-2.092554e-14	-1.788520e-05	1.866084e-05	-1.129406e-03	1.128630e-03
9.837638470344245e-03	5.000000e+00	4.929305e+00	4.999811e+00	4.999811e+00	4.415715e+00	-4.999811e-06	4.999811e-06	2.366052e-05	5.842851e-04	6.021703e-04	-1.736576e-03	-1.249966e-10	-2.161677e-14	1.250182e-10	2.231243e-14	-1.788520e-05	1.866084e-05	-1.129406e-03	1.128630e-03
1.081420097034425e-02	5.000000e+00	4.929305e+00	4.999811e+00	4.999811e+00	4.415715e+00	-4.999811e-06	4.999811e-06	2.366052e-05	5.842851e-04	6.021703e-04	-1.736576e-03	-1.245588e-10	2.157467e-14	1.245372e-10	-2.113285e-14	-1.788520e-05	1.866084e-05	-1.129406e-03	1.128630e-03
1.179076347034425e-02	5.000000e+00	4.929305e+00	4.999811e+00	4.999811e+00	4.415715e+00	-4.999811e-06	4.999811e-06	2.366052e-05	5.842851e-04	6.021703e-04	-1.736576e-03	-1.249965e-10	-2.153224e-14	1.250180e-10	2.210526e-14	-1.788520e-05	1.866084e-05	-1.129406e-03	1.128630e-03
1.276732597034425e-02	5.000000e+00	4.929305e+00	4.999811e+00	4.999811e+00	4.415715e+00	-4.999811e-06	4.999811e-06	2.366052e-05	5.842851e-04	6.021703e-04	-1.736576e-03	-1.245589e-10	2.149043e-14	1.245374e-10	-2.175459e-14	-1.788520e-05	1.866084e-05	-1.129406e-03	1.128630e-03
1.374388847034425e-02	5.000000e+00	4.929305e+00	4.999811e+00	4.999811e+00	4.415715e+00	-4.999811e-06	4.999811e-06	2.366052e-05	5.842851e-04	6.021703e-04	-1.736576e-03	-1.249964e-10	-2.144923e-14	1.250178e-10	2.169080e-14	-1.788520e-05	1.866084e-05	-1.129406e-03	1.128630e-03
1.472045097034425e-02	5.000000e+00	4.929305e+00	4.999811e+00	4.999811e+00	4.415715e+00	-4.999811e-06	4.999811e-06	2.366052e-05	5.842851e-04	6.021703e-04	-1.736576e-03	-1.245590e-10	2.140739e-14	1.245375e-10	-2.113297e-14	-1.788520e-05	1.866084e-05	-1.129406e-03	1.128630e-03
1.569701347034425e-02	5.000000e+00	4.929305e+00	4.999811e+00	4.999811e+00	4.415715e+00	-4.999811e-06	4.999811e-06	2.366052e-05	5.842851e-04	6.021703e-04	-1.736576e-03	-1.249963e-10	-2.136401e-14	1.250177e-10	2.127639e-14	-1.788520e-05	1.866084e-05	-1.129406e-03	1.128630e-03
1.667357597034425e-02	5.000000e+00	4.929305e+00	4.999811e+00	4.999811e+00	4.415715e+00	-4.999811e-06	4.999811e-06	2.366052e-05	5.842851e-04	6.021703e-04	-1.736576e-03	-1.245591e-10	2.132055e-14	1.245377e-10	-2.113305e-14	-1.788520e-05	1.866084e-05	-1.129406e-03	1.128630e-03
1.765013847034425e-02	5.000000e+00	4.929305e+00	4.999811e+00	4.999811e+00	4.415715e+00	-4.999811e-06	4.999811e-06	2.366052e-05	5.842851e-04	6.021703e-04	-1.736576e-03	-1.249962e-10	-2.127773e-14	1.250175e-10	2.106923e-14	-1.788520e-05	1.866084e-05	-1.129406e-03	1.128630e-03
1.862670097034425e-02	5.000000e+00	4.929305e+00	4.999811e+00	4.999811e+00	4.415715e+00	-4.999811e-06	4.999811e-06	2.366052e-05	5.842851e-04	6.021703e-04	-1.736576e-03	-1.245591e-10	2.123571e-14	1.245379e-10	-2.134031e-14	-1.788520e-05	1.866084e-05	-1.129406e-03	1.128630e-03
1.960326347034425e-02	5.000000e+00	4.929305e+00	4.999811e+00	4.999811e+00	4.415715e+00	-4.999811e-06	4.999811e-06	2.366052e-05	5.842851e-04	6.021703e-04	-1.736576e-03	-1.249961e-10	-2.119399e-14	1.250173e-10	2.127648e-14	-1.788520e-05	1.866084e-05	-1.129406e-03	1.128630e-03
2.057982597034425e-02	5.000000e+00	4.929305e+00	4.999811e+00	4.999811e+00	4.415715e+00	-4.999811e-06	4.999811e-06	2.366052e-05	5.842851e-04	6.021703e-04	-1.736576e-03	-1.245592e-10	2.115176e-14	1.245381e-10	-2.071862e-14	-1.788520e-05	1.866084e-05	-1.129406e-03	1.128630e-03
2.155638847034425e-02	5.000000e+00	4.929305e+00	4.999811e+00	4.999811e+00	4.415715e+00	-4.999811e-06	4.999811e-06	2.366052e-05	5.842851e-04	6.021703e-04	-1.736576e-03	-1.249960e-10	-2.110920e-14	1.250171e-10	2.189823e-14	-1.788520e-05	1.866084e-05	-1.129406e-03	1.128630e-03
2.253295097034425e-02	5.000000e+00	4.929305e+00	4.999811e+00	4.999811e+00	4.415715e+00	-4.999811e-06	4.999811e-06	2.366052e-05	5.842851e-04	6.021703e-04	-1.736576e-03	-1.245593e-10	2.106934e-14	1.245383e-10	-2.113315e-14	-1.788520e-05	1.866084e-05	-1.129406e-03	1.128630e-03
2.350951347034425e-02	5.000000e+00	4.929305e+00	4.999811e+00	4.999811e+00	4.415715e+00	-4.999811e-06	4.999811e-06	2.366052e-05	5.842851e-04	6.021703e-04	-1.736576e-03	-1.249959e-10	-2.103100e-14	1.250170e-10	2.169111e-14	-1.788520e-05	1.866084e-05	-1.129406e-03	1.128630e-03
2.448607597034425e-02	5.000000e+00	4.929305e+00	4.999811e+00	4.999811e+00	4.415715e+00	-4.999811e-06	4.999811e-06	2.366052e-05	5.842851e-04	6.021703e-04	-1.736576e-03	-1.245594e-10	2.099061e-14	1.245384e-10	-2.113326e-14	-1.788520e-05	1.866084e-05	-1.129406e-03	1.128630e-03
2.546263847034425e-02	5.000000e+00	4.929305e+00	4.999811e+00	4.999811e+00	4.415715e+00	-4.999811e-06	4.999811e-06	2.366052e-05	5.842851e-04	6.021703e-04	-1.736576e-03	-1.249958e-10	-2.094862e-14	1.250168e-10	2.189841e-14	-1.788520e-05	1.866084e-05	-1.129406e-03	1.128630e-03
2.643920097034425e-02	5.000000e+00	4.929305e+00	4.999811e+00	4.999811e+00	4.415715e+00	-4.999811e-06	4.999811e-06	2.366052e-05	5.842851e-04	6.021703e-04	-1.736576e-03	-1.245595e-10	2.090606e-14	1.245386e-10	-2.051155e-14	-1.788520e-05	1.866084e-05	-1.129406e-03	1.128630e-03
2.741576347034425e-02	5.000000e+00	4.929305e+00	4.999811e+00	4.999811e+00	4.415715e+00	-4.999811e-06	4.999811e-06	2.366052e-05	5.842851e-04	6.021703e-04	-1.736576e-03	-1.249958e-10	-2.086615e-14	1.250166e-10	2.169117e-14	-1.788520e-05	1.866084e-05	-1.129406e-03	1.128630e-03
2.839232597034425e-02	5.000000e+00	4.929305e+00	4.999811e+00	4.999811e+00	4.415715e+00	-4.999811e-06	4.999811e-06	2.366052e-05	5.842851e-04	6.021703e-04	-1.736576e-03	-1.245596e-10	2.082667e-14	1.245388e-10	-2.113334e-14	-1.788520e-05	1.866084e-05	-1.129406e-03	1.128630e-03
2.936888847034425e-02	5.000000e+00	4.929305e+00	4.999811e+00	4.999811e+00	4.415715e+00	-4.999811e-06	4.999811e-06	2.366052e-05	5.842851e-04	6.021703e-04	-1.736576e-03	-1.249957e-10	-2.078457e-14	1.250165e-10	2.148399e-14	-1.788520e-05	1.866084e-05	-1.129406e-03	1.128630e-03
3.034545097034425e-02	5.000000e+00	4.929305e+00	4.999811e+00	4.999811e+00	4.415715e+00	-4.999811e-06	4.999811e-06	2.366052e-05	5.842851e-04	6.021703e-04	-1.736576e-03	-1.245597e-10	2.074304e-14	1.245389e-10	-2.092619e-14	-1.788520e-05	1.866084e-05	-1.129406e-03	1.128630e-03
3.132201347034425e-02	5.000000e+00	4.929305e+00	4.999811e+00	4.999811e+00	4.415715e+00	-4.999811e-06	4.999811e-06	2.366052e-05	5.842851e-04	6.021703e-04	-1.736576e-03	-1.249956e-10	-2.070377e-14	1.250163e-10	2.086234e-14	-1.788520e-05	1.866084e-05	-1.129406e-03	1.128630e-03
3.229857597034425e-02	5.000000e+00	4.929305e+00	4.999811e+00	4.999811e+00	4.415715e+00	-4.999811e-06	4.999811e-06	2.366052e-05	5.842851e-04	6.021703e-04	-1.736576e-03	-1.245598e-10	2.066487e-14	1.245391e-10	-1.989003e-14	-1.788520e-05	1.866084e-05	-1.129406e-03	1.128630e-03
3.327513847034425e-02	5.000000e+00	4.929305e+00	4.999811e+00	4.999811e+00	4.415715e+00	-4.999811e-06	4.999811e-06	2.366052e-05	5.842851e-04	6.021703e-04	-1.736576e-03	-1.249955e-10	-2.062583e-14	1.250161e-10	2.148413e-14	-1.788520e-05	1.866084e-05	-1.129406e-03	1.128630e-03
3.425170097034425e-02	5.000000e+00	4.929305e+00	4.999811e+00	4.999811e+00	4.415715e+00	-4.999811e-06	4.999811e-06	2.366052e-05	5.842851e-04	6.021703e-04	-1.736576e-03	-1.245599e-10	2.058659e-14	1.245393e-10	-2.092628e-14	-1.788520e-05	1.866084e-05	-1.129406e-03	1.128630e-03
3.522826347034425e-02	5.000000e+00	4.929305e+00	4.999811e+00	4.999811e+00	4.415715e+00	-4.999811e-06	4.999811e-06	2.366052e-05	5.842851e-04	6.021703e-04	-1.736576e-03	-1.249954e-10	-2.054612e-14	1.250159e-10	2.086242e-14	-1.788520e-05	1.866084e-05	-1.129406e-03	1.128630e-03
3.620482597034425e-02	5.000000e+00	4.929305e+00	4.999811e+00	4.999811e+00	4.415715e+00	-4.999811e-06	4.999811e-06	2.366052e-05	5.842851e-04	6.021703e-04	-1.736576e-03	-1.245600e-10	2.050494e-14	1.245394e-10	-2.071910e-14	-1.788520e-05	1.866084e-05	-1.129406e-03	1.128630e-03
3.718138847034425e-02	5.000000e+00	4.929305e+00	4.999811e+00	4.999811e+00	4.415715e+00	-4.999811e-06	4.999811e-06	2.366052e-05	5.842851e-04	6.021703e-04	-1.736576e-03	-1.249953e-10	-2.046635e-14	1.250158e-10	2.086251e-14	-1.788520e-05	1.866084e-05	-1.129406e-03	1.128630e-03
3.815795097034425e-02	5.000000e+00	4.929305e+00	4.999811e+00	4.999811e+00	4.415715e+00	-4.999811e-06	4.999811e-06	2.366052e-05	5.842851e-04	6.021703e-04	-1.736576e-03	-1.245600e-10	2.042896e-14	1.245396e-10	-2.030466e-14	-1.788520e-05	1.866084e-05	-1.129406e-03	1.128630e-03
3.913451347034425e-02	5.000000e+00	4.929305e+00	4.999811e+00	4.999811e+00	4.415715e+00	-4.999811e-06	4.999811e-06	2.366052e-05	5.842851e-04	6.021703e-04	-1.736576e-03	-1.249952e-10	-2.038946e-14	1.250156e-10	2.106983e-14	-1.788520e-05	1.866084e-05	-1.129406e-03	1.128630e-03
4.011107597034425e-02	5.000000e+00	4.929305e+00	4.999811e+00	4.999811e+00	4.415715e+00	-4.999811e-06	4.999811e-06	2.366052e-05	5.842851e-04	6.021703e-04	-1.736576e-03	-1.245601e-10	2.035294e-14	1.245398e-10	-2.071920e-14	-1.788520e-05	1.866084e-05	-1.129406e-03	1.128630e-03
4.108763847034425e-02	5.000000e+00	4.929305e+00	4.999811e+00	4.999811e+00	4.415715e+00	-4.999811e-06	4.999811e-06	2.366052e-05	5.842851e-04	6.021703e-04	-1.736576e-03	-1.249951e-10	-2.031855e-14	1.250154e-10	2.086263e-14	-1.788520e-05	1.866084e-05	-1.129406e-03	1.128630e-03
4.206420097034425e-02	5.000000e+00	4.929305e+00	4.999811e+00	4.999811e+00	4.415715e+00	-4.999811e-06	4.999811e-06	2.366052e-05	5.842851e-04	6.021703e-04	-1.736576e-03	-1.245602e-10	2.028148e-14	1.245399e-10	-1.989028e-14	-1.788520e-05	1.866084e-05	-1.129406e-03	1.128630e-03
4.304076347034425e-02	5.000000e+00	4.929305e+00	4.999811e+00	4.999811e+00	4.415715e+00	-4.999811e-06	4.999811e-06	2.366052e-05	5.842851e-04	6.021703e-04	-1.736576e-03	-1.249950e-10	-2.024274e-14	1.250153e-10	2.127716e-14	-1.788520e-05	1.866084e-05	-1.129406e-03	1.128630e-03
4.401732597034425e-02	5.000000e+00	4.929305e+00	4.999811e+00	4.999811e+00	4.415715e+00	-4.999811e-06	4.999811e-06	2.366052e-05	5.842851e-04	6.021703e-04	-1.736576e-03	-1.245603e-10	2.020502e-14	1.245401e-10	-2.030481e-14	-1.788520e-05	1.866084e-05	-1.129406e-03	1.128630e-03
4.499388847034425e-02	5.000000e+00	4.929305e+00	4.999811e+00	4.999811e+00	4.415715e+00	-4.999811e-06	4.999811e-06	2.366052e-05	5.842851e-04	6.021703e-04	-1.736576e-03	-1.249949e-10	-2.016760e-14	1.250151e-10	2.024099e-14	-1.788520e-05	1.866084e-05	-1.129406e-03	1.128630e-03
4.597045097034425e-02	5.000000e+00	4.929305e+00	4.999811e+00	4.999811e+00	4.415715e+00	-4.999811e-06	4.999811e-06	2.366052e-05	5.842851e-04	6.021703e-04	-1.736576e-03	-1.245604e-10	2.012946e-14	1.245403e-10	-1.947591e-14	-1.788520e-05	1.866084e-05	-1.129406e-03	1.128630e-03
4.694701347034425e-02	5.000000e+00	4.929305e+00	4.999811e+00	4.999811e+00	4.415715e+00	-4.999811e-06	4.999811e-06	2.366052e-05	5.842851e-04	6.021703e-04	-1.736576e-03	-1.249949e-10	-2.008954e-14	1.250149e-10	1.982656e-14	-1.788520e-05	1.866084e-05	-1.129406e-03	1.128630e-03
4.792357597034425e-02	5.000000e+00	4.929305e+00	4.999811e+00	4.999811e+00	4.415715e+00	-4.999811e-06	4.999811e-06	2.366052e-05	5.842851e-04	6.021703e-04	-1.736576e-03	-1.245605e-10	2.005137e-14	1.245404e-10	-1.989043e-14	-1.788520e-05	1.866084e-05	-1.129406e-03	1.128630e-03
4.890013847034425e-02	5.000000e+00	4.929305e+00	4.999811e+00	4.999811e+00	4.415715e+00	-4.999811e-06	4.999811e-06	2.366052e-05	5.842851e-04	6.021703e-04	-1.736576e-03	-1.249948e-10	-2.001407e-14	1.250148e-10	2.024114e-14	-1.788520e-05	1.866084e-05	-1.129406e-03	1.128630e-03
4.987670097034425e-02	5.000000e+00	4.929305e+00	4.999811e+00	4.999811e+00	4.415715e+00	-4.999811e-06	4.999811e-06	2.366052e-05	5.842851e-04	6.021703e-04	-1.736576e-03	-1.245606e-10	1.997690e-14	1.245406e-10	-1.926881e-14	-1.788520e-05	1.866084e-05	-1.129406e-03	1.128630e-03
5.085326347034425e-02	5.000000e+00	4.929305e+00	4.999811e+00	4.999811e+00	4.415715e+00	-4.999811e-06	4.999811e-06	2.366052e-05	5.842851e-04	6.021703e-04	-1.736576e-03	-1.249947e-10	-1.994257e-14	1.250146e-10	2.065567e-14	-1.788520e-05	1.866084e-05	-1.129406e-03	1.128630e-03
5.182982597034425e-02	5.000000e+00	4.929305e+00	4.999811e+00	4.999811e+00	4.415715e+00	-4.999811e-06	4.999811e-06	2.366052e-05	5.842851e-04	6.021703e-04	-1.736576e-03	-1.245607e-10	1.990702e-14	1.245408e-10	-2.051229e-14	-1.788520e-05	1.866084e-05	-1.129406e-03	1.128630e-03
5.280638847034425e-02	5.000000e+00	4.929305e+00	4.999811e+00	4.999811e+00	4.415715e+00	-4.999811e-06	4.999811e-06	2.366052e-05	5.842851e-04	6.021703e-04	-1.736576e-03	-1.249946e-10	-1.987121e-14	1.250145e-10	1.982674e-14	-1.788520e-05	1.866084e-05	-1.129406e-03	1.128630e-03
5.378295097034425e-02	5.000000e+00	4.929305e+00	4.999811e+00	4.999811e+00	4.415715e+00	-4.999811e-06	4.999811e-06	2.366052e-05	5.842851e-04	6.021703e-04	-1.736576e-03	-1.245608e-10	1.983582e-14	1.245409e-10	-1.926888e-14	-1.788520e-05	1.866084e-05	-1.129406e-03	1.128630e-03
5.475951347034425e-02	5.000000e+00	4.929305e+00	4.999811e+00	4.999811e+00	4.415715e+00	-4.999811e-06	4.999811e-06	2.366052e-05	5.842851e-04	6.021703e-04	-1.736576e-03	-1.249945e-10	-1.980041e-14	1.250143e-10	2.044850e-14	-1.788520e-05	1.866084e-05	-1.129406e-03	1.128630e-03
5.573607597034425e-02	5.000000e+00	4.929305e+00	4.999811e+00	4.999811e+00	4.415715e+00	-4.999811e-06	4.999811e-06	2.366052e-05	5.842851e-04	6.021703e-04	-1.736576e-03	-1.245609e-10	1.976487e-14	1.245411e-10	-1.968343e-14	-1.788520e-05	1.866084e-05	-1.129406e-03	1.128630e-03
5.671263847034425e-02	5.000000e+00	4.929305e+00	4.999811e+00	4.999811e+00	4.415715e+00	-4.999811e-06	4.999811e-06	2.366052e-05	5.842851e-04	6.021703e-04	-1.736576e-03	-1.249944e-10	-1.972907e-14	1.250141e-10	1.961960e-14	-1.788520e-05	1.866084e-05	-1.129406e-03	1.128630e-03
5.768920097034425e-02	5.000000e+00	4.929305e+00	4.999811e+00	4.999811e+00	4.415715e+00	-4.999811e-06	4.999811e-06	2.366052e-05	5.842851e-04	6.021703e-04	-1.736576e-03	-1.245610e-10	1.969407e-14	1.245413e-10	-1.906180e-14	-1.788520e-05	1.866084e-05	-1.129406e-03	1.128630e-03
5.866576347034425e-02	5.000000e+00	4.929305e+00	4.999811e+00	4.999811e+00	4.415715e+00	-4.999811e-06	4.999811e-06	2.366052e-05	5.842851e-04	6.021703e-04	-1.736576e-03	-1.249943e-10	-1.965779e-14	1.250140e-10	2.003414e-14	-1.788520e-05	1.866084e-05	-1.129406e-03	1.128630e-03
5.964232597034425e-02	5.000000e+00	4.929305e+00	4.999811e+00	4.999811e+00	4.415715e+00	-4.999811e-06	4.999811e-06	2.366052e-05	5.842851e-04	6.021703e-04	-1.736576e-03	-1.245610e-10	1.962139e-14	1.245414e-10	-1.906184e-14	-1.788520e-05	1.866084e-05	-1.129406e-03	1.128630e-03
6.061888847034425e-02	5.000000e+00	4.929305e+00	4.999811e+00	4.999811e+00	4.415715e+00	-4.999811e-06	4.999811e-06	2.366052e-05	5.842851e-04	6.021703e-04	-1.736576e-03	-1.249942e-10	-1.958572e-14	1.250138e-10	1.941251e-14	-1.788520e-05	1.866084e-05	-1.129406e-03	1.128630e-03
6.159545097034425e-02	5.000000e+00	4.929305e+00	4.999811e+00	4.999811e+00	4.415715e+00	-4.999811e-06	4.999811e-06	2.366052e-05	5.842851e-04	6.021703e-04	-1.736576e-03	-1.245611e-10	1.955030e-14	1.245416e-10	-2.030531e-14	-1.788520e-05	1.866084e-05	-1.129406e-03	1.128630e-03
6.257201347034425e-02	5.000000e+00	4.929305e+00	4.999811e+00	4.999811e+00	4.415715e+00	-4.999811e-06	4.999811e-06	2.366052e-05	5.842851e-04	6.021703e-04	-1.736576e-03	-1.249941e-10	-1.951588e-14	1.250136e-10	1.982698e-14	-1.788520e-05	1.866084e-05	-1.129406e-03	1.128630e-03
6.354857597034425e-02	5.000000e+00	4.929305e+00	4.999811e+00	4.999811e+00	4.415715e+00	-4.999811e-06	4.999811e-06	2.366052e-05	5.842851e-04	6.021703e-04	-1.736576e-03	-1.245612e-10	1.948290e-14	1.245417e-10	-1.926915e-14	-1.788520e-05	1.866084e-05	-1.129406e-03	1.128630e-03
6.452513847034425e-02	5.000000e+00	4.929305e+00	4.999811e+00	4.999811e+00	4.415715e+00	-4.999811e-06	4.999811e-06	2.366052e-05	5.842851e-04	6.021703e-04	-1.736576e-03	-1.249940e-10	-1.945156e-14	1.250135e-10	1.982706e-14	-1.788520e-05	1.866084e-05	-1.129406e-03	1.128630e-03
6.550170097034425e-02	5.000000e+00	4.929305e+00	4.999811e+00	4.999811e+00	4.415715e+00	-4.999811e-06	4.999811e-06	2.366052e-05	5.842851e-04	6.021703e-04	-1.736576e-03	-1.245613e-10	1.941944e-14	1.245419e-10	-1.864748e-14	-1.788520e-05	1.866084e-05	-1.129406e-03	1.128630e-03
6.647826347034425e-02	5.000000e+00	4.929305e+00	4.999811e+00	4.999811e+00	4.415715e+00	-4.999811e-06	4.999811e-06	2.366052e-05	5.842851e-04	6.021703e-04	-1.736576e-03	-1.249939e-10	-1.938743e-14	1.250133e-10	2.003435e-14	-1.788520e-05	1.866084e-05	-1.129406e-03	1.128630e-03
6.745482597034425e-02	5.000000e+00	4.929305e+00	4.999811e+00	4.999811e+00	4.415715e+00	-4.999811e-06	4.999811e-06	2.366052e-05	5.842851e-04	6.021703e-04	-1.736576e-03	-1.245614e-10	1.935712e-14	1.245421e-10	-2.009822e-14	-1.788520e-05	1.866084e-05	-1.129406e-03	1.128630e-03
6.843138847034425e-02	5.000000e+00	4.929305e+00	4.999811e+00	4.999811e+00	4.415715e+00	-4.999811e-06	4.999811e-06	2.366052e-05	5.842851e-04	6.021703e-04	-1.736576e-03	-1.249938e-10	-1.932483e-14	1.250132e-10	2.003442e-14	-1.788520e-05	1.866084e-05	-1.129406e-03	1.128630e-03
6.940795097034425e-02	5.000000e+00	4.929305e+00	4.999811e+00	4.999811e+00	4.415715e+00	-4.999811e-06	4.999811e-06	2.366052e-05	5.842851e-04	6.021703e-04	-1.736576e-03	-1.245615e-10	1.928993e-14	1.245422e-10	-1.864761e-14	-1.788520e-05	1.866084e-05	-1.129406e-03	1.128630e-03
7.038451347034425e-02	5.000000e+00	4.929305e+00	4.999811e+00	4.999811e+00	4.415715e+00	-4.999811e-06	4.999811e-06	2.366052e-05	5.842851e-04	6.021703e-04	-1.736576e-03	-1.249938e-10	-1.925520e-14	1.250130e-10	1.961998e-14	-1.788520e-05	1.866084e-05	-1.129406e-03	1.128630e-03
7.136107597034425e-02	5.000000e+00	4.929305e+00	4.999811e+00	4.999811e+00	4.415715e+00	-4.999811e-06	4.999811e-06	2.366052e-05	5.842851e-04	6.021703e-04	-1.736576e-03	-1.245616e-10	1.922180e-14	1.245424e-10	-1.823315e-14	-1.788520e-05	1.866084e-05	-1.129406e-03	1.128630e-03
7.233763847034425e-02	5.000000e+00	4.929305e+00	4.999811e+00	4.999811e+00	4.415715e+00	-4.999811e-06	4.999811e-06	2.366052e-05	5.842851e-04	6.021703e-04	-1.736576e-03	-1.249937e-10	-1.919035e-14	1.250129e-10	1.920556e-14	-1.788520e-05	1.866084e-05	-1.129406e-03	1.128630e-03
7.331420097034425e-02	5.000000e+00	4.929305e+00	4.999811e+00	4.999811e+00	4.415715e+00	-4.999811e-06	4.999811e-06	2.366052e-05	5.842851e-04	6.021703e-04	-1.736576e-03	-1.245617e-10	1.916022e-14	1.245425e-10	-1.823320e-14	-1.788520e-05	1.866084e-05	-1.129406e-03	1.128630e-03
7.429076347034425e-02	5.000000e+00	4.929305e+00	4.999811e+00	4.999811e+00	4.415715e+00	-4.999811e-06	4.999811e-06	2.366052e-05	5.842851e-04	6.021703e-04	-1.736576e-03	-1.249936e-10	-1.912932e-14	1.250127e-10	1.920556e-14	-1.788520e-05	1.866084e-05	-1.129406e-03	1.128630e-03
7.526732597034425e-02	5.000000e+00	4.929305e+00	4.999811e+00	4.999811e+00	4.415715e+00	-4.999811e-06	4.999811e-06	2.366052e-05	5.842851e-04	6.021703e-04	-1.736576e-03	-1.245618e-10	1.909789e-14	1.245427e-10	-1.989119e-14	-1.788520e-05	1.866084e-05	-1.129406e-03	1.128630e-03
7.624388847034425e-02	5.000000e+00	4.929305e+00	4.999811e+00	4.999811e+00	4.415715e+00	-4.999811e-06	4.999811e-06	2.366052e-05	5.842851e-04	6.021703e-04	-1.736576e-03	-1.249935e-10	-1.906582e-14	1.250126e-10	1.899840e-14	-1.788520e-05	1.866084e-05	-1.129406e-03	1.128630e-03
7.722045097034425e-02	5.000000e+00	4.929305e+00	4.999811e+00	4.999811e+00	4.415715e+00	-4.999811e-06	4.999811e-06	2.366052e-05	5.842851e-04	6.021703e-04	-1.736576e-03	-1.245619e-10	1.903303e-14	1.245428e-10	-1.906229e-14	-1.788520e-05	1.866084e-05	-1.129406e-03	1.128630e-03
7.819701347034425e-02	5.000000e+00	4.929305e+00	4.999811e+00	4.999811e+00	4.415715e+00	-4.999811e-06	4.999811e-06	2.366052e-05	5.842851e-04	6.021703e-04	-1.736576e-03	-1.249934e-10	-1.900099e-14	1.250124e-10	1.962018e-14	-1.788520e-05	1.866084e-05	-1.129406e-03	1.128630e-03
7.917357597034425e-02	5.000000e+00	4.929305e+00	4.999811e+00	4.999811e+00	4.415715e+00	-4.999811e-06	4.999811e-06	2.366052e-05	5.842851e-04	6.021703e-04	-1.736576e-03	-1.245620e-10	1.896894e-14	1.245430e-10	-1.968405e-14	-1.788520e-05	1.866084e-05	-1.129406e-03	1.128630e-03
8.015013847034425e-02	5.000000e+00	4.929305e+00	4.999811e+00	4.999811e+00	4.415715e+00	-4.999811e-06	4.999811e-06	2.366052e-05	5.842851e-04	6.021703e-04	-1.736576e-03	-1.249933e-10	-1.893687e-14	1.250122e-10	1.941298e-14	-1.788520e-05	1.866084e-05	-1.129406e-03	1.128630e-03
8.112670097034425e-02	5.000000e+00	4.929305e+00	4.999811e+00	4.999811e+00	4.415715e+00	-4.999811e-06	4.999811e-06	2.366052e-05	5.842851e-04	6.021703e-04	-1.736576e-03	-1.245621e-10	1.890479e-14	1.245432e-10	-1.823341e-14	-1.788520e-05	1.866084e-05	-1.129406e-03	1.128630e-03
8.210326347034425e-02	5.000000e+00	4.929305e+00	4.999811e+00	4.999811e+00	4.415715e+00	-4.999811e-06	4.999811e-06	2.366052e-05	5.842851e-04	6.021703e-04	-1.736576e-03	-1.249932e-10	-1.887269e-14	1.250121e-10	1.920582e-14	-1.788520e-05	1.866084e-05	-1.129406e-03	1.128630e-03
8.307982597034425e-02	5.000000e+00	4.929305e+00	4.999811e+00	4.999811e+00	4.415715e+00	-4.999811e-06	4.999811e-06	2.366052e-05	5.842851e-04	6.021703e-04	-1.736576e-03	-1.245621e-10	1.884237e-14	1.245433e-10	-1.823350e-14	-1.788520e-05	1.866084e-05	-1.129406e-03	1.128630e-03
8.405638847034425e-02	5.000000e+00	4.929305e+00	4.999811e+00	4.999811e+00	4.415715e+00	-4.999811e-06	4.999811e-06	2.366052e-05	5.842851e-04	6.021703e-04	-1.736576e-03	-1.249931e-10	-1.881355e-14	1.250119e-10	1.920585e-14	-1.788520e-05	1.866084e-05	-1.129406e-03	1.128630e-03
8.503295097034425e-02	5.000000e+00	4.929305e+00	4.999811e+00	4.999811e+00	4.415715e+00	-4.999811e-06	4.999811e-06	2.366052e-05	5.842851e-04	6.021703e-04	-1.736576e-03	-1.245622e-10	1.878479e-14	1.245434e-10	-1.844078e-14	-1.788520e-05	1.866084e-05	-1.129406e-03	1.128630e-03
8.600951347034425e-02	5.000000e+00	4.929305e+00	4.999811e+00	4.999811e+00	4.415715e+00	-4.999811e-06	4.999811e-06	2.366052e-05	5.842851e-04	6.021703e-04	-1.736576e-03	-1.249930e-10	-1.875722e-14	1.250118e-10	1.837696e-14	-1.788520e-05	1.866084e-05	-1.129406e-03	1.128630e-03
8.698607597034425e-02	5.000000e+00	4.929305e+00	4.999811e+00	4.999811e+00	4.415715e+00	-4.999811e-06	4.999811e-06	2.366052e-05	5.842851e-04	6.021703e-04	-1.736576e-03	-1.245623e-10	1.872994e-14	1.245436e-10	-1.802630e-14	-1.788520e-05	1.866084e-05	-1.129406e-03	1.128630e-03
8.796263847034425e-02	5.000000e+00	4.929305e+00	4.999811e+00	4.999811e+00	4.415715e+00	-4.999811e-06	4.999811e-06	2.366052e-05	5.842851e-04	6.021703e-04	-1.736576e-03	-1.249929e-10	-1.870088e-14	1.250116e-10	1.899868e-14	-1.788520e-05	1.866084e-05	-1.129406e-03	1.128630e-03
8.893920097034425e-02	5.000000e+00	4.929305e+00	4.999811e+00	4.999811e+00	4.415715e+00	-4.999811e-06	4.999811e-06	2.366052e-05	5.842851e-04	6.021703e-04	-1.736576e-03	-1.245624e-10	1.866908e-14	1.245438e-10	-1.864807e-14	-1.788520e-05	1.866084e-05	-1.129406e-03	1.128630e-03
8.991576347034425e-02	5.000000e+00	4.929305e+00	4.999811e+00	4.999811e+00	4.415715e+00	-4.999811e-06	4.999811e-06	2.366052e-05	5.842851e-04	6.021703e-04	-1.736576e-03	-1.249928e-10	-1.863632e-14	1.250115e-10	1.941323e-14	-1.788520e-05	1.866084e-05	-1.129406e-03	1.128630e-03
9.089232597034425e-02	5.000000e+00	4.929305e+00	4.999811e+00	4.999811e+00	4.415715e+00	-4.999811e-06	4.999811e-06	2.366052e-05	5.842851e-04	6.021703e-04	-1.736576e-03	-1.245625e-10	1.860684e-14	1.245439e-10	-1.885540e-14	-1.788520e-05	1.866084e-05	-1.129406e-03	1.128630e-03
9.186888847034425e-02	5.000000e+00	4.929305e+00	4.999811e+00	4.999811e+00	4.415715e+00	-4.999811e-06	4.999811e-06	2.366052e-05	5.842851e-04	6.021703e-04	-1.736576e-03	-1.249928e-10	-1.857633e-14	1.250113e-10	1.962052e-14	-1.788520e-05	1.866084e-05	-1.129406e-03	1.128630e-03
9.284545097034425e-02	5.000000e+00	4.929305e+00	4.999811e+00	4.999811e+00	4.415715e+00	-4.999811e-06	4.999811e-06	2.366052e-05	5.842851e-04	6.021703e-04	-1.736576e-03	-1.245626e-10	1.854245e-14	1.245441e-10	-1.926995e-14	-1.788520e-05	1.866084e-05	-1.129406e-03	1.128630e-03
9.382201347034425e-02	5.000000e+00	4.929305e+00	4.999811e+00	4.999811e+00	4.415715e+00	-4.999811e-06	4.999811e-06	2.366052e-05	5.842851e-04	6.021703e-04	-1.736576e-03	-1.249927e-10	-1.851065e-14	1.250112e-10	1.879161e-14	-1.788520e-05	1.866084e-05	-1.129406e-03	1.128630e-03
9.479857597034425e-02	5.000000e+00	4.929305e+00	4.999811e+00	4.999811e+00	4.415715e+00	-4.999811e-06	4.999811e-06	2.366052e-05	5.842851e-04	6.021703e-04	-1.736576e-03	-1.245627e-10	1.848098e-14	1.245442e-10	-1.844098e-14	-1.788520e-05	1.866084e-05	-1.129406e-03	1.128630e-03
9.577513847034425e-02	5.000000e+00	4.929305e+00	4.999811e+00	4.999811e+00	4.415715e+00	-4.999811e-06	4.999811e-06	2.366052e-05	5.842851e-04	6.021703e-04	-1.736576e-03	-1.249926e-10	-1.845132e-14	1.250110e-10	1.899890e-14	-1.788520e-05	1.866084e-05	-1.129406e-03	1.128630e-03
9.675170097034425e-02	5.000000e+00	4.929305e+00	4.999811e+00	4.999811e+00	4.415715e+00	-4.999811e-06	4.999811e-06	2.366052e-05	5.842851e-04	6.021703e-04	-1.736576e-03	-1.245628e-10	1.842183e-14	1.245444e-10	-1.781936e-14	-1.788520e-05	1.866084e-05	-1.129406e-03	1.128630e-03
9.772826347034425e-02	5.000000e+00	4.929305e+00	4.999811e+00	4.999811e+00	4.415715e+00	-4.999811e-06	4.999811e-06	2.366052e-05	5.842851e-04	6.021703e-04	-1.736576e-03	-1.249925e-10	-1.839403e-14	1.250109e-10	1.837721e-14	-1.788520e-05	1.866084e-05	-1.129406e-03	1.128630e-03
9.870482597034425e-02	5.000000e+00	4.929305e+00	4.999811e+00	4.999811e+00	4.415715e+00	-4.999811e-06	4.999811e-06	2.366052e-05	5.842851e-04	6.021703e-04	-1.736576e-03	-1.245629e-10	1.836685e-14	1.245445e-10	-1.885559e-14	-1.788520e-05	1.866084e-05	-1.129406e-03	1.128630e-03
9.968138847034425e-02	5.000000e+00	4.929305e+00	4.999811e+00	4.999811e+00	4.415715e+00	-4.999811e-06	4.999811e-06	2.366052e-05	5.842851e-04	6.021703e-04	-1.736576e-03	-1.249924e-10	-1.834016e-14	1.250107e-10	1.920621e-14	-1.788520e-05	1.866084e-05	-1.129406e-03	1.128630e-03
1.006579509703442e-01	5.000000e+00	4.929305e+00	4.999811e+00	4.999811e+00	4.415715e+00	-4.999811e-06	4.999811e-06	2.366052e-05	5.842851e-04	6.021703e-04	-1.736576e-03	-1.245630e-10	1.831296e-14	1.245447e-10	-1.885562e-14	-1.788520e-05	1.866084e-05	-1.129406e-03	1.128630e-03
1.016345134703442e-01	5.000000e+00	4.929305e+00	4.999811e+00	4.999811e+00	4.415715e+00	-4.999811e-06	4.999811e-06	2.366052e-05	5.842851e-04	6.021703e-04	-1.736576e-03	-1.249923e-10	-1.828289e-14	1.250106e-10	1.817006e-14	-1.788520e-05	1.866084e-05	-1.129406e-03	1.128630e-03
1.026110759703442e-01	5.000000e+00	4.929305e+00	4.999811e+00	4.999811e+00	4.415715e+00	-4.999811e-06	4.999811e-06	2.366052e-05	5.842851e-04	6.021703e-04	-1.736576e-03	-1.245631e-10	1.825217e-14	1.245448e-10	-1.823397e-14	-1.788520e-05	1.866084e-05	-1.129406e-03	1.128630e-03
1.035876384703442e-01	5.000000e+00	4.929305e+00	4.999811e+00	4.999811e+00	4.415715e+00	-4.999811e-06	4.999811e-06	2.366052e-05	5.842851e-04	6.021703e-04	-1.736576e-03	-1.249922e-10	-1.822240e-14	1.250104e-10	1.837740e-14	-1.788520e-05	1.866084e-05	-1.129406e-03	1.128630e-03
1.045642009703442e-01	5.000000e+00	4.929305e+00	4.999811e+00	4.999811e+00	4.415715e+00	-4.999811e-06	4.999811e-06	2.366052e-05	5.842851e-04	6.021703e-04	-1.736576e-03	-1.245632e-10	1.819451e-14	1.245450e-10	-1.802679e-14	-1.788520e-05	1.866084e-05	-1.129406e-03	1.128630e-03
1.055407634703442e-01	5.000000e+00	4.929305e+00	4.999811e+00	4.999811e+00	4.415715e+00	-4.999811e-06	4.999811e-06	2.366052e-05	5.842851e-04	6.021703e-04	-1.736576e-03	-1.249921e-10	-1.816820e-14	1.250103e-10	1.817024e-14	-1.788520e-05	1.866084e-05	-1.129406e-03	1.128630e-03
1.065173259703442e-01	5.000000e+00	4.929305e+00	4.999811e+00	4.999811e+00	4.415715e+00	-4.999811e-06	4.999811e-06	2.366052e-05	5.842851e-04	6.021703e-04	-1.736576e-03	-1.245632e-10	1.814054e-14	1.245451e-10	-1.885578e-14	-1.788520e-05	1.866084e-05	-1.129406e-03	1.128630e-03
1.074938884703442e-01	5.000000e+00	4.929305e+00	4.999811e+00	4.999811e+00	4.415715e+00	-4.999811e-06	4.999811e-06	2.366052e-05	5.842851e-04	6.021703e-04	-1.736576e-03	-1.249920e-10	-1.811123e-14	1.250101e-10	1.858469e-14	-1.788520e-05	1.866084e-05	-1.129406e-03	1.128630e-03
1.084704509703442e-01	5.000000e+00	4.929305e+00	4.999811e+00	4.999811e+00	4.415715e+00	-4.999811e-06	4.999811e-06	2.366052e-05	5.842851e-04	6.021703e-04	-1.736576e-03	-1.245633e-10	1.808247e-14	1.245453e-10	-1.823411e-14	-1.788520e-05	1.866084e-05	-1.129406e-03	1.128630e-03
1.094470134703442e-01	5.000000e+00	4.929305e+00	4.999811e+00	4.999811e+00	4.415715e+00	-4.999811e-06	4.999811e-06	2.366052e-05	5.842851e-04	6.021703e-04	-1.736576e-03	-1.249919e-10	-1.805413e-14	1.250100e-10	1.858478e-14	-1.788520e-05	1.866084e-05	-1.129406e-03	1.128630e-03
1.104235759703442e-01	5.000000e+00	4.929305e+00	4.999811e+00	4.999811e+00	4.415715e+00	-4.999811e-06	4.999811e-06	2.366052e-05	5.842851e-04	6.021703e-04	-1.736576e-03	-1.245634e-10	1.802516e-14	1.245454e-10	-1.802694e-14	-1.788520e-05	1.866084e-05	-1.129406e-03	1.128630e-03
1.114001384703442e-01	5.000000e+00	4.929305e+00	4.999811e+00	4.999811e+00	4.415715e+00	-4.999811e-06	4.999811e-06	2.366052e-05	5.842851e-04	6.021703e-04	-1.736576e-03	-1.249918e-10	-1.799610e-14	1.250098e-10	1.775583e-14	-1.788520e-05	1.866084e-05	-1.129406e-03	1.128630e-03
1.123767009703442e-01	5.000000e+00	4.929305e+00	4.999811e+00	4.999811e+00	4.415715e+00	-4.999811e-06	4.999811e-06	2.366052e-05	5.842851e-04	6.021703e-04	-1.736576e-03	-1.245635e-10	1.796867e-14	1.245456e-10	-1.802700e-14	-1.788520e-05	1.866084e-05	-1.129406e-03	1.128630e-03
1.133532634703442e-01	5.000000e+00	4.929305e+00	4.999811e+00	4.999811e+00	4.415715e+00	-4.999811e-06	4.999811e-06	2.366052e-05	5.842851e-04	6.021703e-04	-1.736576e-03	-1.249917e-10	-1.794124e-14	1.250097e-10	1.754872e-14	-1.788520e-05	1.866084e-05	-1.129406e-03	1.128630e-03
1.143298259703442e-01	5.000000e+00	4.929305e+00	4.999811e+00	4.999811e+00	4.415715e+00	-4.999811e-06	4.999811e-06	2.366052e-05	5.842851e-04	6.021703e-04	-1.736576e-03	-1.245636e-10	1.791239e-14	1.245457e-10	-1.761249e-14	-1.788520e-05	1.866084e-05	-1.129406e-03	1.128630e-03
1.153063884703442e-01	5.000000e+00	4.929305e+00	4.999811e+00	4.999811e+00	4.415715e+00	-4.999811e-06	4.999811e-06	2.366052e-05	5.842851e-04	6.021703e-04	-1.736576e-03	-1.249916e-10	-1.788568e-14	1.250095e-10	1.796321e-14	-1.788520e-05	1.866084e-05	-1.129406e-03	1.128630e-03
1.162829509703442e-01	5.000000e+00	4.929305e+00	4.999811e+00	4.999811e+00	4.415715e+00	-4.999811e-06	4.999811e-06	2.366052e-05	5.842851e-04	6.021703e-04	-1.736576e-03	-1.245637e-10	1.785834e-14	1.245458e-10	-1.781985e-14	-1.788520e-05	1.866084e-05	-1.129406e-03	1.128630e-03
1.172595134703442e-01	5.000000e+00	4.929305e+00	4.999811e+00	4.999811e+00	4.415715e+00	-4.999811e-06	4.999811e-06	2.366052e-05	5.842851e-04	6.021703e-04	-1.736576e-03	-1.249916e-10	-1.782953e-14	1.250094e-10	1.775601e-14	-1.788520e-05	1.866084e-05	-1.129406e-03	1.128630e-03
1.182360759703442e-01	5.000000e+00	4.929305e+00	4.999811e+00	4.999811e+00	4.415715e+00	-4.999811e-06	4.999811e-06	2.366052e-05	5.842851e-04	6.021703e-04	-1.736576e-03	-1.245638e-10	1.780343e-14	1.245460e-10	-1.823436e-14	-1.788520e-05	1.866084e-05	-1.129406e-03	1.128630e-03
1.192126384703442e-01	5.000000e+00	4.929305e+00	4.999811e+00	4.999811e+00	4.415715e+00	-4.999811e-06	4.999811e-06	2.366052e-05	5.842851e-04	6.021703e-04	-1.736576e-03	-1.249915e-10	-1.777719e-14	1.250092e-10	1.817058e-14	-1.788520e-05	1.866084e-05	-1.129406e-03	1.128630e-03
1.201892009703442e-01	5.000000e+00	4.929305e+00	4.999811e+00	4.999811e+00	4.415715e+00	-4.999811e-06	4.999811e-06	2.366052e-05	5.842851e-04	6.021703e-04	-1.736576e-03	-1.245639e-10	1.775030e-14	1.245461e-10	-1.844166e-14	-1.788520e-05	1.866084e-05	-1.129406e-03	1.128630e-03
1.211657634703442e-01	5.000000e+00	4.929305e+00	4.999811e+00	4.999811e+00	4.415715e+00	-4.999811e-06	4.999811e-06	2.366052e-05	5.842851e-04	6.021703e-04	-1.736576e-03	-1.249914e-10	-1.772365e-14	1.250091e-10	1.754888e-14	-1.788520e-05	1.866084e-05	-1.129406e-03	1.128630e-03
1.221423259703442e-01	5.000000e+00	4.929305e+00	4.999811e+00	4.999811e+00	4.415715e+00	-4.999811e-06	4.999811e-06	2.366052e-05	5.842851e-04	6.021703e-04	-1.736576e-03	-1.245640e-10	1.769591e-14	1.245463e-10	-1.864890e-14	-1.788520e-05	1.866084e-05	-1.129406e-03	1.128630e-03
1.231188884703442e-01	5.000000e+00	4.929305e+00	4.999811e+00	4.999811e+00	4.415715e+00	-4.999811e-06	4.999811e-06	2.366052e-05	5.842851e-04	6.021703e-04	-1.736576e-03	-1.249913e-10	-1.766847e-14	1.250089e-10	1.817060e-14	-1.788520e-05	1.866084e-05	-1.129406e-03	1.128630e-03
1.240954509703442e-01	5.000000e+00	4.929305e+00	4.999811e+00	4.999811e+00	4.415715e+00	-4.999811e-06	4.999811e-06	2.366052e-05	5.842851e-04	6.021703e-04	-1.736576e-03	-1.245641e-10	1.764089e-14	1.245464e-10	-1.844173e-14	-1.788520e-05	1.866084e-05	-1.129406e-03	1.128630e-03
1.250720134703442e-01	5.000000e+00	4.929305e+00	4.999811e+00	4.999811e+00	4.415715e+00	-4.999811e-06	4.999811e-06	2.366052e-05	5.842851e-04	6.021703e-04	-1.736576e-03	-1.249912e-10	-1.761298e-14	1.250088e-10	1.734173e-14	-1.788520e-05	1.866084e-05	-1.129406e-03	1.128630e-03
1.260485759703442e-01	5.000000e+00	4.929305e+00	4.999811e+00	4.999811e+00	4.415715e+00	-4.999811e-06	4.999811e-06	2.366052e-05	5.842851e-04	6.021703e-04	-1.736576e-03	-1.245642e-10	1.758442e-14	1.245466e-10	-1.719829e-14	-1.788520e-05	1.866084e-05	-1.129406e-03	1.128630e-03
1.270251384703442e-01	5.000000e+00	4.929305e+00	4.999811e+00	4.999811e+00	4.415715e+00	-4.999811e-06	4.999811e-06	2.366052e-05	5.842851e-04	6.021703e-04	-1.736576e-03	-1.249911e-10	-1.755661e-14	1.250087e-10	1.796348e-14	-1.788520e-05	1.866084e-05	-1.129406e-03	1.128630e-03
1.280017009703442e-01	5.000000e+00	4.929305e+00	4.999811e+00	4.999811e+00	4.415715e+00	-4.999811e-06	4.999811e-06	2.366052e-05	5.842851e-04	6.021703e-04	-1.736576e-03	-1.245643e-10	1.753037e-14	1.245467e-10	-1.782011e-14	-1.788520e-05	1.866084e-05	-1.129406e-03	1.128630e-03
1.289782634703442e-01	5.000000e+00	4.929305e+00	4.999811e+00	4.999811e+00	4.415715e+00	-4.999811e-06	4.999811e-06	2.366052e-05	5.842851e-04	6.021703e-04	-1.736576e-03	-1.249910e-10	-1.750394e-14	1.250085e-10	1.796350e-14	-1.788520e-05	1.866084e-05	-1.129406e-03	1.128630e-03
1.299548259703442e-01	5.000000e+00	4.929305e+00	4.999811e+00	4.999811e+00	4.415715e+00	-4.999811e-06	4.999811e-06	2.366052e-05	5.842851e-04	6.021703e-04	-1.736576e-03	-1.245643e-10	1.747794e-14	1.245469e-10	-1.823460e-14	-1.788520e-05	1.866084e-05	-1.129406e-03	1.128630e-03
1.309313884703442e-01	5.000000e+00	4.929305e+00	4.999811e+00	4.999811e+00	4.415715e+00	-4.999811e-06	4.999811e-06	2.366052e-05	5.842851e-04	6.021703e-04	-1.736576e-03	-1.249909e-10	-1.745294e-14	1.250084e-10	1.754912e-14	-1.788520e-05	1.866084e-05	-1.129406e-03	1.128630e-03
1.319079509703442e-01	5.000000e+00	4.929305e+00	4.999811e+00	4.999811e+00	4.415715e+00	-4.999811e-06	4.999811e-06	2.366052e-05	5.842851e-04	6.021703e-04	-1.736576e-03	-1.245644e-10	1.742793e-14	1.245470e-10	-1.699128e-14	-1.788520e-05	1.866084e-05	-1.129406e-03	1.128630e-03
1.328845134703442e-01	5.000000e+00	4.929305e+00	4.999811e+00	4.999811e+00	4.415715e+00	-4.999811e-06	4.999811e-06	2.366052e-05	5.842851e-04	6.021703e-04	-1.736576e-03	-1.249908e-10	-1.740207e-14	1.250082e-10	1.713465e-14	-1.788520e-05	1.866084e-05	-1.129406e-03	1.128630e-03
1.338610759703442e-01	5.000000e+00	4.929305e+00	4.999811e+00	4.999811e+00	4.415715e+00	-4.999811e-06	4.999811e-06	2.366052e-05	5.842851e-04	6.021703e-04	-1.736576e-03	-1.245645e-10	1.737602e-14	1.245472e-10	-1.699127e-14	-1.788520e-05	1.866084e-05	-1.129406e-03	1.128630e-03
1.348376384703442e-01	5.000000e+00	4.929305e+00	4.999811e+00	4.999811e+00	4.415715e+00	-4.999811e-06	4.999811e-06	2.366052e-05	5.842851e-04	6.021703e-04	-1.736576e-03	-1.249907e-10	-1.735249e-14	1.250081e-10	1.754921e-14	-1.788520e-05	1.866084e-05	-1.129406e-03	1.128630e-03
1.358142009703442e-01	5.000000e+00	4.929305e+00	4.999811e+00	4.999811e+00	4.415715e+00	-4.999811e-06	4.999811e-06	2.366052e-05	5.842851e-04	6.021703e-04	-1.736576e-03	-1.245646e-10	1.732914e-14	1.245473e-10	-1.802756e-14	-1.788520e-05	1.866084e-05	-1.129406e-03	1.128630e-03
1.367907634703442e-01	5.000000e+00	4.929305e+00	4.999811e+00	4.999811e+00	4.415715e+00	-4.999811e-06	4.999811e-06	2.366052e-05	5.842851e-04	6.021703e-04	-1.736576e-03	-1.249906e-10	-1.730500e-14	1.250079e-10	1.713474e-14	-1.788520e-05	1.866084e-05	-1.129406e-03	1.128630e-03
1.377673259703442e-01	5.000000e+00	4.929305e+00	4.999811e+00	4.999811e+00	4.415715e+00	-4.999811e-06	4.999811e-06	2.366052e-05	5.842851e-04	6.021703e-04	-1.736576e-03	-1.245647e-10	1.728244e-14	1.245474e-10	-1.761312e-14	-1.788520e-05	1.866084e-05	-1.129406e-03	1.128630e-03
1.387438884703442e-01	5.000000e+00	4.929305e+00	4.999811e+00	4.999811e+00	4.415715e+00	-4.999811e-06	4.999811e-06	2.366052e-05	5.842851e-04	6.021703e-04	-1.736576e-03	-1.249905e-10	-1.725703e-14	1.250078e-10	1.754931e-14	-1.788520e-05	1.866084e-05	-1.129406e-03	1.128630e-03
1.397204509703442e-01	5.000000e+00	4.929305e+00	4.999811e+00	4.999811e+00	4.415715e+00	-4.999811e-06	4.999811e-06	2.366052e-05	5.842851e-04	6.021703e-04	-1.736576e-03	-1.245648e-10	1.722937e-14	1.245476e-10	-1.802766e-14	-1.788520e-05	1.866084e-05	-1.129406e-03	1.128630e-03
1.406970134703442e-01	5.000000e+00	4.929305e+00	4.999811e+00	4.999811e+00	4.415715e+00	-4.999811e-06	4.999811e-06	2.366052e-05	5.842851e-04	6.021703e-04	-1.736576e-03	-1.249904e-10	-1.720273e-14	1.250077e-10	1.692760e-14	-1.788520e-05	1.866084e-05	-1.129406e-03	1.128630e-03
1.416735759703442e-01	5.000000e+00	4.929305e+00	4.999811e+00	4.999811e+00	4.415715e+00	-4.999811e-06	4.999811e-06	2.366052e-05	5.842851e-04	6.021703e-04	-1.736576e-03	-1.245649e-10	1.717607e-14	1.245477e-10	-1.699151e-14	-1.788520e-05	1.866084e-05	-1.129406e-03	1.128630e-03
1.426501384703442e-01	5.000000e+00	4.929305e+00	4.999811e+00	4.999811e+00	4.415715e+00	-4.999811e-06	4.999811e-06	2.366052e-05	5.842851e-04	6.021703e-04	-1.736576e-03	-1.249904e-10	-1.715199e-14	1.250075e-10	1.796388e-14	-1.788520e-05	1.866084e-05	-1.129406e-03	1.128630e-03
1.436267009703442e-01	5.000000e+00	4.929305e+00	4.999811e+00	4.999811e+00	4.415715e+00	-4.999811e-06	4.999811e-06	2.366052e-05	5.842851e-04	6.021703e-04	-1.736576e-03	-1.245650e-10	1.713139e-14	1.245479e-10	-1.678430e-14	-1.788520e-05	1.866084e-05	-1.129406e-03	1.128630e-03
1.446032634703442e-01	5.000000e+00	4.929305e+00	4.999811e+00	4.999811e+00	4.415715e+00	-4.999811e-06	4.999811e-06	2.366052e-05	5.842851e-04	6.021703e-04	-1.736576e-03	-1.249903e-10	-1.710919e-14	1.250074e-10	1.713499e-14	-1.788520e-05	1.866084e-05	-1.129406e-03	1.128630e-03
1.455798259703442e-01	5.000000e+00	4.929305e+00	4.999811e+00	4.999811e+00	4.415715e+00	-4.999811e-06	4.999811e-06	2.366052e-05	5.842851e-04	6.021703e-04	-1.736576e-03	-1.245651e-10	1.708507e-14	1.245480e-10	-1.699153e-14	-1.788520e-05	1.866084e-05	-1.129406e-03	1.128630e-03
1.465563884703442e-01	5.000000e+00	4.929305e+00	4.999811e+00	4.999811e+00	4.415715e+00	-4.999811e-06	4.999811e-06	2.366052e-05	5.842851e-04	6.021703e-04	-1.736576e-03	-1.249902e-10	-1.706240e-14	1.250072e-10	1.734226e-14	-1.788520e-05	1.866084e-05	-1.129406e-03	1.128630e-03
1.475329509703442e-01	5.000000e+00	4.929305e+00	4.999811e+00	4.999811e+00	4.415715e+00	-4.999811e-06	4.999811e-06	2.366052e-05	5.842851e-04	6.021703e-04	-1.736576e-03	-1.245652e-10	1.703864e-14	1.245481e-10	-1.761338e-14	-1.788520e-05	1.866084e-05	-1.129406e-03	1.128630e-03
1.485095134703442e-01	5.000000e+00	4.929305e+00	4.999811e+00	4.999811e+00	4.415715e+00	-4.999811e-06	4.999811e-06	2.366052e-05	5.842851e-04	6.021703e-04	-1.736576e-03	-1.249901e-10	-1.701415e-14	1.250071e-10	1.754953e-14	-1.788520e-05	1.866084e-05	-1.129406e-03	1.128630e-03
1.494860759703442e-01	5.000000e+00	4.929305e+00	4.999811e+00	4.999811e+00	4.415715e+00	-4.999811e-06	4.999811e-06	2.366052e-05	5.842851e-04	6.021703e-04	-1.736576e-03	-1.245653e-10	1.699137e-14	1.245483e-10	-1.595544e-14	-1.788520e-05	1.866084e-05	-1.129406e-03	1.128630e-03
1.504626384703442e-01	5.000000e+00	4.929305e+00	4.999811e+00	4.999811e+00	4.415715e+00	-4.999811e-06	4.999811e-06	2.366052e-05	5.842851e-04	6.021703e-04	-1.736576e-03	-1.249900e-10	-1.696638e-14	1.250070e-10	1.734231e-14	-1.788520e-05	1.866084e-05	-1.129406e-03	1.128630e-03
1.514392009703442e-01	5.000000e+00	4.929305e+00	4.999811e+00	4.999811e+00	4.415715e+00	-4.999811e-06	4.999811e-06	2.366052e-05	5.842851e-04	6.021703e-04	-1.736576e-03	-1.245654e-10	1.694130e-14	1.245484e-10	-1.699170e-14	-1.788520e-05	1.866084e-05	-1.129406e-03	1.128630e-03
1.524157634703442e-01	5.000000e+00	4.929305e+00	4.999811e+00	4.999811e+00	4.415715e+00	-4.999811e-06	4.999811e-06	2.366052e-05	5.842851e-04	6.021703e-04	-1.736576e-03	-1.249899e-10	-1.691969e-14	1.250068e-10	1.713513e-14	-1.788520e-05	1.866084e-05	-1.129406e-03	1.128630e-03
1.533923259703442e-01	5.000000e+00	4.929305e+00	4.999811e+00	4.999811e+00	4.415715e+00	-4.999811e-06	4.999811e-06	2.366052e-05	5.842851e-04	6.021703e-04	-1.736576e-03	-1.245655e-10	1.689693e-14	1.245486e-10	-1.636998e-14	-1.788520e-05	1.866084e-05	-1.129406e-03	1.128630e-03
1.543688884703442e-01	5.000000e+00	4.929305e+00	4.999811e+00	4.999811e+00	4.415715e+00	-4.999811e-06	4.999811e-06	2.366052e-05	5.842851e-04	6.021703e-04	-1.736576e-03	-1.249898e-10	-1.687288e-14	1.250067e-10	1.734244e-14	-1.788520e-05	1.866084e-05	-1.129406e-03	1.128630e-03
1.553454509703442e-01	5.000000e+00	4.929305e+00	4.999811e+00	4.999811e+00	4.415715e+00	-4.999811e-06	4.999811e-06	2.366052e-05	5.842851e-04	6.021703e-04	-1.736576e-03	-1.245656e-10	1.685029e-14	1.245487e-10	-1.678458e-14	-1.788520e-05	1.866084e-05	-1.129406e-03	1.128630e-03
1.563220134703442e-01	5.000000e+00	4.929305e+00	4.999811e+00	4.999811e+00	4.415715e+00	-4.999811e-06	4.999811e-06	2.366052e-05	5.842851e-04	6.021703e-04	-1.736576e-03	-1.249897e-10	-1.682813e-14	1.250065e-10	1.692803e-14	-1.788520e-05	1.866084e-05	-1.129406e-03	1.128630e-03
1.572985759703442e-01	5.000000e+00	4.929305e+00	4.999811e+00	4.999811e+00	4.415715e+00	-4.999811e-06	4.999811e-06	2.366052e-05	5.842851e-04	6.021703e-04	-1.736576e-03	-1.245656e-10	1.680481e-14	1.245488e-10	-1.657732e-14	-1.788520e-05	1.866084e-05	-1.129406e-03	1.128630e-03
1.582751384703442e-01	5.000000e+00	4.929305e+00	4.999811e+00	4.999811e+00	4.415715e+00	-4.999811e-06	4.999811e-06	2.366052e-05	5.842851e-04	6.021703e-04	-1.736576e-03	-1.249896e-10	-1.678014e-14	1.250064e-10	1.734255e-14	-1.788520e-05	1.866084e-05	-1.129406e-03	1.128630e-03
1.592517009703442e-01	5.000000e+00	4.929305e+00	4.999811e+00	4.999811e+00	4.415715e+00	-4.999811e-06	4.999811e-06	2.366052e-05	5.842851e-04	6.021703e-04	-1.736576e-03	-1.245657e-10	1.675826e-14	1.245490e-10	-1.657746e-14	-1.788520e-05	1.866084e-05	-1.129406e-03	1.128630e-03
1.602282634703442e-01	5.000000e+00	4.929305e+00	4.999811e+00	4.999811e+00	4.415715e+00	-4.999811e-06	4.999811e-06	2.366052e-05	5.842851e-04	6.021703e-04	-1.736576e-03	-1.249895e-10	-1.673825e-14	1.250063e-10	1.713531e-14	-1.788520e-05	1.866084e-05	-1.129406e-03	1.128630e-03
1.612048259703442e-01	5.000000e+00	4.929305e+00	4.999811e+00	4.999811e+00	4.415715e+00	-4.999811e-06	4.999811e-06	2.366052e-05	5.842851e-04	6.021703e-04	-1.736576e-03	-1.245658e-10	1.671575e-14	1.245491e-10	-1.637026e-14	-1.788520e-05	1.866084e-05	-1.129406e-03	1.128630e-03
1.621813884703442e-01	5.000000e+00	4.929305e+00	4.999811e+00	4.999811e+00	4.415715e+00	-4.999811e-06	4.999811e-06	2.366052e-05	5.842851e-04	6.021703e-04	-1.736576e-03	-1.249894e-10	-1.669263e-14	1.250061e-10	1.692813e-14	-1.788520e-05	1.866084e-05	-1.129406e-03	1.128630e-03
1.631579509703442e-01	5.000000e+00	4.929305e+00	4.999811e+00	4.999811e+00	4.415715e+00	-4.999811e-06	4.999811e-06	2.366052e-05	5.842851e-04	6.021703e-04	-1.736576e-03	-1.245659e-10	1.666999e-14	1.245492e-10	-1.637028e-14	-1.788520e-05	1.866084e-05	-1.129406e-03	1.128630e-03
1.641345134703442e-01	5.000000e+00	4.929305e+00	4.999811e+00	4.999811e+00	4.415715e+00	-4.999811e-06	4.999811e-06	2.366052e-05	5.842851e-04	6.021703e-04	-1.736576e-03	-1.249893e-10	-1.664702e-14	1.250060e-10	1.713545e-14	-1.788520e-05	1.866084e-05	-1.129406e-03	1.128630e-03
1.651110759703442e-01	5.000000e+00	4.929305e+00	4.999811e+00	4.999811e+00	4.415715e+00	-4.999811e-06	4.999811e-06	2.366052e-05	5.842851e-04	6.021703e-04	-1.736576e-03	-1.245660e-10	1.662512e-14	1.245494e-10	-1.616307e-14	-1.788520e-05	1.866084e-05	-1.129406e-03	1.128630e-03
1.660876384703442e-01	5.000000e+00	4.929305e+00	4.999811e+00	4.999811e+00	4.415715e+00	-4.999811e-06	4.999811e-06	2.366052e-05	5.842851e-04	6.021703e-04	-1.736576e-03	-1.249893e-10	-1.660556e-14	1.250059e-10	1.713545e-14	-1.788520e-05	1.866084e-05	-1.129406e-03	1.128630e-03
1.670642009703442e-01	5.000000e+00	4.929305e+00	4.999811e+00	4.999811e+00	4.415715e+00	-4.999811e-06	4.999811e-06	2.366052e-05	5.842851e-04	6.021703e-04	-1.736576e-03	-1.245661e-10	1.658629e-14	1.245495e-10	-1.678480e-14	-1.788520e-05	1.866084e-05	-1.129406e-03	1.128630e-03
1.680407634703442e-01	5.000000e+00	4.929305e+00	4.999811e+00	4.999811e+00	4.415715e+00	-4.999811e-06	4.999811e-06	2.366052e-05	5.842851e-04	6.021703e-04	-1.736576e-03	-1.249892e-10	-1.656707e-14	1.250057e-10	1.672104e-14	-1.788520e-05	1.866084e-05	-1.129406e-03	1.128630e-03
1.690173259703442e-01	5.000000e+00	4.929305e+00	4.999811e+00	4.999811e+00	4.415715e+00	-4.999811e-06	4.999811e-06	2.366052e-05	5.842851e-04	6.021703e-04	-1.736576e-03	-1.245662e-10	1.654708e-14	1.245496e-10	-1.699213e-14	-1.788520e-05	1.866084e-05	-1.129406e-03	1.128630e-03
1.699938884703442e-01	5.000000e+00	4.929305e+00	4.999811e+00	4.999811e+00	4.415715e+00	-4.999811e-06	4.999811e-06	2.366052e-05	5.842851e-04	6.021703e-04	-1.736576e-03	-1.249891e-10	-1.652587e-14	1.250056e-10	1.755002e-14	-1.788520e-05	1.866084e-05	-1.129406e-03	1.128630e-03
1.709704509703442e-01	5.000000e+00	4.929305e+00	4.999811e+00	4.999811e+00	4.415715e+00	-4.999811e-06	4.999811e-06	2.366052e-05	5.842851e-04	6.021703e-04	-1.736576e-03	-1.245663e-10	1.650572e-14	1.245498e-10	-1.678491e-14	-1.788520e-05	1.866084e-05	-1.129406e-03	1.128630e-03
1.719470134703442e-01	5.000000e+00	4.929305e+00	4.999811e+00	4.999811e+00	4.415715e+00	-4.999811e-06	4.999811e-06	2.366052e-05	5.842851e-04	6.021703e-04	-1.736576e-03	-1.249890e-10	-1.648430e-14	1.250055e-10	1.609942e-14	-1.788520e-05	1.866084e-05	-1.129406e-03	1.128630e-03
1.729235759703442e-01	5.000000e+00	4.929305e+00	4.999811e+00	4.999811e+00	4.415715e+00	-4.999811e-06	4.999811e-06	2.366052e-05	5.842851e-04	6.021703e-04	-1.736576e-03	-1.245664e-10	1.646090e-14	1.245499e-10	-1.719946e-14	-1.788520e-05	1.866084e-05	-1.129406e-03	1.128630e-03
1.739001384703442e-01	5.000000e+00	4.929305e+00	4.999811e+00	4.999811e+00	4.415715e+00	-4.999811e-06	4.999811e-06	2.366052e-05	5.842851e-04	6.021703e-04	-1.736576e-03	-1.249889e-10	-1.643653e-14	1.250053e-10	1.630665e-14	-1.788520e-05	1.866084e-05	-1.129406e-03	1.128630e-03
1.748767009703442e-01	5.000000e+00	4.929305e+00	4.999811e+00	4.999811e+00	4.415715e+00	-4.999811e-06	4.999811e-06	2.366052e-05	5.842851e-04	6.021703e-04	-1.736576e-03	-1.245665e-10	1.641469e-14	1.245501e-10	-1.657780e-14	-1.788520e-05	1.866084e-05	-1.129406e-03	1.128630e-03
1.758532634703442e-01	5.000000e+00	4.929305e+00	4.999811e+00	4.999811e+00	4.415715e+00	-4.999811e-06	4.999811e-06	2.366052e-05	5.842851e-04	6.021703e-04	-1.736576e-03	-1.249888e-10	-1.639365e-14	1.250052e-10	1.755015e-14	-1.788520e-05	1.866084e-05	-1.129406e-03	1.128630e-03
1.768298259703442e-01	5.000000e+00	4.929305e+00	4.999811e+00	4.999811e+00	4.415715e+00	-4.999811e-06	4.999811e-06	2.366052e-05	5.842851e-04	6.021703e-04	-1.736576e-03	-1.245666e-10	1.637166e-14	1.245502e-10	-1.616334e-14	-1.788520e-05	1.866084e-05	-1.129406e-03	1.128630e-03
1.778063884703442e-01	5.000000e+00	4.929305e+00	4.999811e+00	4.999811e+00	4.415715e+00	-4.999811e-06	4.999811e-06	2.366052e-05	5.842851e-04	6.021703e-04	-1.736576e-03	-1.249887e-10	-1.635011e-14	1.250050e-10	1.609956e-14	-1.788520e-05	1.866084e-05	-1.129406e-03	1.128630e-03
1.787829509703442e-01	5.000000e+00	4.929305e+00	4.999811e+00	4.999811e+00	4.415715e+00	-4.999811e-06	4.999811e-06	2.366052e-05	5.842851e-04	6.021703e-04	-1.736576e-03	-1.245667e-10	1.632689e-14	1.245503e-10	-1.574891e-14	-1.788520e-05	1.866084e-05	-1.129406e-03	1.128630e-03
1.797595134703442e-01	5.000000e+00	4.929305e+00	4.999811e+00	4.999811e+00	4.415715e+00	-4.999811e-06	4.999811e-06	2.366052e-05	5.842851e-04	6.021703e-04	-1.736576e-03	-1.249886e-10	-1.630276e-14	1.250049e-10	1.713575e-14	-1.788520e-05	1.866084e-05	-1.129406e-03	1.128630e-03
1.807360759703442e-01	5.000000e+00	4.929305e+00	4.999811e+00	4.999811e+00	4.415715e+00	-4.999811e-06	4.999811e-06	2.366052e-05	5.842851e-04	6.021703e-04	-1.736576e-03	-1.245667e-10	1.627957e-14	1.245505e-10	-1.574895e-14	-1.788520e-05	1.866084e-05	-1.129406e-03	1.128630e-03
1.817126384703442e-01	5.000000e+00	4.929305e+00	4.999811e+00	4.999811e+00	4.415715e+00	-4.999811e-06	4.999811e-06	2.366052e-05	5.842851e-04	6.021703e-04	-1.736576e-03	-1.249885e-10	-1.625832e-14	1.250048e-10	1.609958e-14	-1.788520e-05	1.866084e-05	-1.129406e-03	1.128630e-03
1.826892009703442e-01	5.000000e+00	4.929305e+00	4.999811e+00	4.999811e+00	4.415715e+00	-4.999811e-06	4.999811e-06	2.366052e-05	5.842851e-04	6.021703e-04	-1.736576e-03	-1.245668e-10	1.623707e-14	1.245506e-10	-1.616343e-14	-1.788520e-05	1.866084e-05	-1.129406e-03	1.128630e-03
1.836657634703442e-01	5.000000e+00	4.929305e+00	4.999811e+00	4.999811e+00	4.415715e+00	-4.999811e-06	4.999811e-06	2.366052e-05	5.842851e-04	6.021703e-04	-1.736576e-03	-1.249884e-10	-1.621487e-14	1.250046e-10	1.630695e-14	-1.788520e-05	1.866084e-05	-1.129406e-03	1.128630e-03
1.846423259703442e-01	5.000000e+00	4.929305e+00	4.999811e+00	4.999811e+00	4.415715e+00	-4.999811e-06	4.999811e-06	2.366052e-05	5.842851e-04	6.021703e-04	-1.736576e-03	-1.245669e-10	1.619499e-14	1.245507e-10	-1.637079e-14	-1.788520e-05	1.866084e-05	-1.129406e-03	1.128630e-03
1.856188884703442e-01	5.000000e+00	4.929305e+00	4.999811e+00	4.999811e+00	4.415715e+00	-4.999811e-06	4.999811e-06	2.366052e-05	5.842851e-04	6.021703e-04	-1.736576e-03	-1.249883e-10	-1.617794e-14	1.250045e-10	1.692872e-14	-1.788520e-05	1.866084e-05	-1.129406e-03	1.128630e-03
1.865954509703442e-01	5.000000e+00	4.929305e+00	4.999811e+00	4.999811e+00	4.415715e+00	-4.999811e-06	4.999811e-06	2.366052e-05	5.842851e-04	6.021703e-04	-1.736576e-03	-1.245670e-10	1.615943e-14	1.245509e-10	-1.574908e-14	-1.788520e-05	1.866084e-05	-1.129406e-03	1.128630e-03
1.875720134703442e-01	5.000000e+00	4.929305e+00	4.999811e+00	4.999811e+00	4.415715e+00	-4.999811e-06	4.999811e-06	2.366052e-05	5.842851e-04	6.021703e-04	-1.736576e-03	-1.249882e-10	-1.613863e-14	1.250044e-10	1.630696e-14	-1.788520e-05	1.866084e-05	-1.129406e-03	1.128630e-03
1.885485759703442e-01	5.000000e+00	4.929305e+00	4.999811e+00	4.999811e+00	4.415715e+00	-4.999811e-06	4.999811e-06	2.366052e-05	5.842851e-04	6.021703e-04	-1.736576e-03	-1.245671e-10	1.611756e-14	1.245510e-10	-1.616362e-14	-1.788520e-05	1.866084e-05	-1.129406e-03	1.128630e-03
1.895251384703442e-01	5.000000e+00	4.929305e+00	4.999811e+00	4.999811e+00	4.415715e+00	-4.999811e-06	4.999811e-06	2.366052e-05	5.842851e-04	6.021703e-04	-1.736576e-03	-1.249881e-10	-1.609686e-14	1.250042e-10	1.630707e-14	-1.788520e-05	1.866084e-05	-1.129406e-03	1.128630e-03
1.905017009703442e-01	5.000000e+00	4.929305e+00	4.999811e+00	4.999811e+00	4.415715e+00	-4.999811e-06	4.999811e-06	2.366052e-05	5.842851e-04	6.021703e-04	-1.736576e-03	-1.245672e-10	1.607664e-14	1.245511e-10	-1.637088e-14	-1.788520e-05	1.866084e-05	-1.129406e-03	1.128630e-03
1.914782634703442e-01	5.000000e+00	4.929305e+00	4.999811e+00	4.999811e+00	4.415715e+00	-4.999811e-06	4.999811e-06	2.366052e-05	5.842851e-04	6.021703e-04	-1.736576e-03	-1.249880e-10	-1.605737e-14	1.250041e-10	1.651428e-14	-1.788520e-05	1.866084e-05	-1.129406e-03	1.128630e-03
1.924548259703442e-01	5.000000e+00	4.929305e+00	4.999811e+00	4.999811e+00	4.415715e+00	-4.999811e-06	4.999811e-06	2.366052e-05	5.842851e-04	6.021703e-04	-1.736576e-03	-1.245673e-10	1.603960e-14	1.245513e-10	-1.616371e-14	-1.788520e-05	1.866084e-05	-1.129406e-03	1.128630e-03
1.934313884703442e-01	5.000000e+00	4.929305e+00	4.999811e+00	4.999811e+00	4.415715e+00	-4.999811e-06	4.999811e-06	2.366052e-05	5.842851e-04	6.021703e-04	-1.736576e-03	-1.249880e-10	-1.602348e-14	1.250040e-10	1.672157e-14	-1.788520e-05	1.866084e-05	-1.129406e-03	1.128630e-03
1.944079509703442e-01	5.000000e+00	4.929305e+00	4.999811e+00	4.999811e+00	4.415715e+00	-4.999811e-06	4.999811e-06	2.366052e-05	5.842851e-04	6.021703e-04	-1.736576e-03	-1.245674e-10	1.600543e-14	1.245514e-10	-1.574927e-14	-1.788520e-05	1.866084e-05	-1.129406e-03	1.128630e-03
1.953845134703442e-01	5.000000e+00	4.929305e+00	4.999811e+00	4.999811e+00	4.415715e+00	-4.999811e-06	4.999811e-06	2.366052e-05	5.842851e-04	6.021703e-04	-1.736576e-03	-1.249879e-10	-1.598446e-14	1.250039e-10	1.609990e-14	-1.788520e-05	1.866084e-05	-1.129406e-03	1.128630e-03
1.963610759703442e-01	5.000000e+00	4.929305e+00	4.999811e+00	4.999811e+00	4.415715e+00	-4.999811e-06	4.999811e-06	2.366052e-05	5.842851e-04	6.021703e-04	-1.736576e-03	-1.245675e-10	1.596392e-14	1.245515e-10	-1.595656e-14	-1.788520e-05	1.866084e-05	-1.129406e-03	1.128630e-03
1.973376384703442e-01	5.000000e+00	4.929305e+00	4.999811e+00	4.999811e+00	4.415715e+00	-4.999811e-06	4.999811e-06	2.366052e-05	5.842851e-04	6.021703e-04	-1.736576e-03	-1.249878e-10	-1.594462e-14	1.250037e-10	1.672168e-14	-1.788520e-05	1.866084e-05	-1.129406e-03	1.128630e-03
1.983142009703442e-01	5.000000e+00	4.929305e+00	4.999811e+00	4.999811e+00	4.415715e+00	-4.999811e-06	4.999811e-06	2.366052e-05	5.842851e-04	6.021703e-04	-1.736576e-03	-1.245676e-10	1.592615e-14	1.245517e-10	-1.595660e-14	-1.788520e-05	1.866084e-05	-1.129406e-03	1.128630e-03
1.992907634703442e-01	5.000000e+00	4.929305e+00	4.999811e+00	4.999811e+00	4.415715e+00	-4.999811e-06	4.999811e-06	2.366052e-05	5.842851e-04	6.021703e-04	-1.736576e-03	-1.249877e-10	-1.590804e-14	1.250036e-10	1.692899e-14	-1.788520e-05	1.866084e-05	-1.129406e-03	1.128630e-03
2.002673259703442e-01	5.000000e+00	4.929305e+00	4.999811e+00	4.999811e+00	4.415715e+00	-4.999811e-06	4.999811e-06	2.366052e-05	5.842851e-04	6.021703e-04	-1.736576e-03	-1.245677e-10	1.589024e-14	1.245518e-10	-1.616383e-14	-1.788520e-05	1.866084e-05	-1.129406e-03	1.128630e-03
2.012438884703442e-01	5.000000e+00	4.929305e+00	4.999811e+00	4.999811e+00	4.415715e+00	-4.999811e-06	4.999811e-06	2.366052e-05	5.842851e-04	6.021703e-04	-1.736576e-03	-1.249876e-10	-1.587280e-14	1.250035e-10	1.630729e-14	-1.788520e-05	1.866084e-05	-1.129406e-03	1.128630e-03
2.022204509703442e-01	5.000000e+00	4.929305e+00	4.999811e+00	4.999811e+00	4.415715e+00	-4.999811e-06	4.999811e-06	2.366052e-05	5.842851e-04	6.021703e-04	-1.736576e-03	-1.245678e-10	1.585370e-14	1.245519e-10	-1.574945e-14	-1.788520e-05	1.866084e-05	-1.129406e-03	1.128630e-03
2.031970134703442e-01	5.000000e+00	4.929305e+00	4.999811e+00	4.999811e+00	4.415715e+00	-4.999811e-06	4.999811e-06	2.366052e-05	5.842851e-04	6.021703e-04	-1.736576e-03	-1.249875e-10	-1.583407e-14	1.250033e-10	1.630734e-14	-1.788520e-05	1.866084e-05	-1.129406e-03	1.128630e-03
2.041735759703442e-01	5.000000e+00	4.929305e+00	4.999811e+00	4.999811e+00	4.415715e+00	-4.999811e-06	4.999811e-06	2.366052e-05	5.842851e-04	6.021703e-04	-1.736576e-03	-1.245679e-10	1.581634e-14	1.245520e-10	-1.533496e-14	-1.788520e-05	1.866084e-05	-1.129406e-03	1.128630e-03
2.051501384703442e-01	5.000000e+00	4.929305e+00	4.999811e+00	4.999811e+00	4.415715e+00	-4.999811e-06	4.999811e-06	2.366052e-05	5.842851e-04	6.021703e-04	-1.736576e-03	-1.249874e-10	-1.580050e-14	1.250032e-10	1.630740e-14	-1.788520e-05	1.866084e-05	-1.129406e-03	1.128630e-03
2.061267009703442e-01	5.000000e+00	4.929305e+00	4.999811e+00	4.999811e+00	4.415715e+00	-4.999811e-06	4.999811e-06	2.366052e-05	5.842851e-04	6.021703e-04	-1.736576e-03	-1.245680e-10	1.578571e-14	1.245522e-10	-1.492056e-14	-1.788520e-05	1.866084e-05	-1.129406e-03	1.128630e-03
2.071032634703442e-01	5.000000e+00	4.929305e+00	4.999811e+00	4.999811e+00	4.415715e+00	-4.999811e-06	4.999811e-06	2.366052e-05	5.842851e-04	6.021703e-04	-1.736576e-03	-1.249873e-10	-1.576882e-14	1.250031e-10	1.692920e-14	-1.788520e-05	1.866084e-05	-1.129406e-03	1.128630e-03
2.080798259703442e-01	5.000000e+00	4.929305e+00	4.999811e+00	4.999811e+00	4.415715e+00	-4.999811e-06	4.999811e-06	2.366052e-05	5.842851e-04	6.021703e-04	-1.736576e-03	-1.245681e-10	1.575034e-14	1.245523e-10	-1.595680e-14	-1.788520e-05	1.866084e-05	-1.129406e-03	1.128630e-03
2.090563884703442e-01	5.000000e+00	4.929305e+00	4.999811e+00	4.999811e+00	4.415715e+00	-4.999811e-06	4.999811e-06	2.366052e-05	5.842851e-04	6.021703e-04	-1.736576e-03	-1.249872e-10	-1.573248e-14	1.250030e-10	1.692916e-14	-1.788520e-05	1.866084e-05	-1.129406e-03	1.128630e-03
2.100329509703442e-01	5.000000e+00	4.929305e+00	4.999811e+00	4.999811e+00	4.415715e+00	-4.999811e-06	4.999811e-06	2.366052e-05	5.842851e-04	6.021703e-04	-1.736576e-03	-1.245681e-10	1.571460e-14	1.245524e-10	-1.554235e-14	-1.788520e-05	1.866084e-05	-1.129406e-03	1.128630e-03
2.110095134703442e-01	5.000000e+00	4.929305e+00	4.999811e+00	4.999811e+00	4.415715e+00	-4.999811e-06	4.999811e-06	2.366052e-05	5.842851e-04	6.021703e-04	-1.736576e-03	-1.249871e-10	-1.569672e-14	1.250028e-10	1.568580e-14	-1.788520e-05	1.866084e-05	-1.129406e-03	1.128630e-03
2.119860759703442e-01	5.000000e+00	4.929305e+00	4.999811e+00	4.999811e+00	4.415715e+00	-4.999811e-06	4.999811e-06	2.366052e-05	5.842851e-04	6.021703e-04	-1.736576e-03	-1.245682e-10	1.567749e-14	1.245525e-10	-1.595686e-14	-1.788520e-05	1.866084e-05	-1.129406e-03	1.128630e-03
2.129626384703442e-01	5.000000e+00	4.929305e+00	4.999811e+00	4.999811e+00	4.415715e+00	-4.999811e-06	4.999811e-06	2.366052e-05	5.842851e-04	6.021703e-04	-1.736576e-03	-1.249870e-10	-1.565679e-14	1.250027e-10	1.547864e-14	-1.788520e-05	1.866084e-05	-1.129406e-03	1.128630e-03
2.139392009703442e-01	5.000000e+00	4.929305e+00	4.999811e+00	4.999811e+00	4.415715e+00	-4.999811e-06	4.999811e-06	2.366052e-05	5.842851e-04	6.021703e-04	-1.736576e-03	-1.245683e-10	1.563944e-14	1.245527e-10	-1.512796e-14	-1.788520e-05	1.866084e-05	-1.129406e-03	1.128630e-03
2.149157634703442e-01	5.000000e+00	4.929305e+00	4.999811e+00	4.999811e+00	4.415715e+00	-4.999811e-06	4.999811e-06	2.366052e-05	5.842851e-04	6.021703e-04	-1.736576e-03	-1.249869e-10	-1.562297e-14	1.250026e-10	1.610034e-14	-1.788520e-05	1.866084e-05	-1.129406e-03	1.128630e-03
2.158923259703442e-01	5.000000e+00	4.929305e+00	4.999811e+00	4.999811e+00	4.415715e+00	-4.999811e-06	4.999811e-06	2.366052e-05	5.842851e-04	6.021703e-04	-1.736576e-03	-1.245684e-10	1.560376e-14	1.245528e-10	-1.637143e-14	-1.788520e-05	1.866084e-05	-1.129406e-03	1.128630e-03
2.168688884703442e-01	5.000000e+00	4.929305e+00	4.999811e+00	4.999811e+00	4.415715e+00	-4.999811e-06	4.999811e-06	2.366052e-05	5.842851e-04	6.021703e-04	-1.736576e-03	-1.249869e-10	-1.558541e-14	1.250024e-10	1.651489e-14	-1.788520e-05	1.866084e-05	-1.129406e-03	1.128630e-03
2.178454509703442e-01	5.000000e+00	4.929305e+00	4.999811e+00	4.999811e+00	4.415715e+00	-4.999811e-06	4.999811e-06	2.366052e-05	5.842851e-04	6.021703e-04	-1.736576e-03	-1.245685e-10	1.556838e-14	1.245529e-10	-1.492081e-14	-1.788520e-05	1.866084e-05	-1.129406e-03	1.128630e-03
2.188220134703442e-01	5.000000e+00	4.929305e+00	4.999811e+00	4.999811e+00	4.415715e+00	-4.999811e-06	4.999811e-06	2.366052e-05	5.842851e-04	6.021703e-04	-1.736576e-03	-1.249868e-10	-1.555153e-14	1.250023e-10	1.506422e-14	-1.788520e-05	1.866084e-05	-1.129406e-03	1.128630e-03
2.197985759703442e-01	5.000000e+00	4.929305e+00	4.999811e+00	4.999811e+00	4.415715e+00	-4.999811e-06	4.999811e-06	2.366052e-05	5.842851e-04	6.021703e-04	-1.736576e-03	-1.245686e-10	1.553245e-14	1.245531e-10	-1.616432e-14	-1.788520e-05	1.866084e-05	-1.129406e-03	1.128630e-03
2.207751384703442e-01	5.000000e+00	4.929305e+00	4.999811e+00	4.999811e+00	4.415715e+00	-4.999811e-06	4.999811e-06	2.366052e-05	5.842851e-04	6.021703e-04	-1.736576e-03	-1.249867e-10	-1.551280e-14	1.250022e-10	1.672224e-14	-1.788520e-05	1.866084e-05	-1.129406e-03	1.128630e-03
2.217517009703442e-01	5.000000e+00	4.929305e+00	4.999811e+00	4.999811e+00	4.415715e+00	-4.999811e-06	4.999811e-06	2.366052e-05	5.842851e-04	6.021703e-04	-1.736576e-03	-1.245687e-10	1.549534e-14	1.245532e-10	-1.574981e-14	-1.788520e-05	1.866084e-05	-1.129406e-03	1.128630e-03
2.227282634703442e-01	5.000000e+00	4.929305e+00	4.999811e+00	4.999811e+00	4.415715e+00	-4.999811e-06	4.999811e-06	2.366052e-05	5.842851e-04	6.021703e-04	-1.736576e-03	-1.249866e-10	-1.547920e-14	1.250021e-10	1.651500e-14	-1.788520e-05	1.866084e-05	-1.129406e-03	1.128630e-03
2.237048259703442e-01	5.000000e+00	4.929305e+00	4.999811e+00	4.999811e+00	4.415715e+00	-4.999811e-06	4.999811e-06	2.366052e-05	5.842851e-04	6.021703e-04	-1.736576e-03	-1.245688e-10	1.546249e-14	1.245533e-10	-1.616436e-14	-1.788520e-05	1.866084e-05	-1.129406e-03	1.128630e-03
2.246813884703442e-01	5.000000e+00	4.929305e+00	4.999811e+00	4.999811e+00	4.415715e+00	-4.999811e-06	4.999811e-06	2.366052e-05	5.842851e-04	6.021703e-04	-1.736576e-03	-1.249865e-10	-1.544379e-14	1.250019e-10	1.610058e-14	-1.788520e-05	1.866084e-05	-1.129406e-03	1.128630e-03
2.256579509703442e-01	5.000000e+00	4.929305e+00	4.999811e+00	4.999811e+00	4.415715e+00	-4.999811e-06	4.999811e-06	2.366052e-05	5.842851e-04	6.021703e-04	-1.736576e-03	-1.245689e-10	1.542565e-14	1.245535e-10	-1.554274e-14	-1.788520e-05	1.866084e-05	-1.129406e-03	1.128630e-03
2.266345134703442e-01	5.000000e+00	4.929305e+00	4.999811e+00	4.999811e+00	4.415715e+00	-4.999811e-06	4.999811e-06	2.366052e-05	5.842851e-04	6.021703e-04	-1.736576e-03	-1.249864e-10	-1.540813e-14	1.250018e-10	1.568617e-14	-1.788520e-05	1.866084e-05	-1.129406e-03	1.128630e-03
2.276110759703442e-01	5.000000e+00	4.929305e+00	4.999811e+00	4.999811e+00	4.415715e+00	-4.999811e-06	4.999811e-06	2.366052e-05	5.842851e-04	6.021703e-04	-1.736576e-03	-1.245690e-10	1.539092e-14	1.245536e-10	-1.533552e-14	-1.788520e-05	1.866084e-05	-1.129406e-03	1.128630e-03
2.285876384703442e-01	5.000000e+00	4.929305e+00	4.999811e+00	4.999811e+00	4.415715e+00	-4.999811e-06	4.999811e-06	2.366052e-05	5.842851e-04	6.021703e-04	-1.736576e-03	-1.249863e-10	-1.537450e-14	1.250017e-10	1.589339e-14	-1.788520e-05	1.866084e-05	-1.129406e-03	1.128630e-03
2.295642009703442e-01	5.000000e+00	4.929305e+00	4.999811e+00	4.999811e+00	4.415715e+00	-4.999811e-06	4.999811e-06	2.366052e-05	5.842851e-04	6.021703e-04	-1.736576e-03	-1.245691e-10	1.535606e-14	1.245537e-10	-1.554278e-14	-1.788520e-05	1.866084e-05	-1.129406e-03	1.128630e-03
2.305407634703442e-01	5.000000e+00	4.929305e+00	4.999811e+00	4.999811e+00	4.415715e+00	-4.999811e-06	4.999811e-06	2.366052e-05	5.842851e-04	6.021703e-04	-1.736576e-03	-1.249862e-10	-1.533761e-14	1.250015e-10	1.651514e-14	-1.788520e-05	1.866084e-05	-1.129406e-03	1.128630e-03
2.315173259703442e-01	5.000000e+00	4.929305e+00	4.999811e+00	4.999811e+00	4.415715e+00	-4.999811e-06	4.999811e-06	2.366052e-05	5.842851e-04	6.021703e-04	-1.736576e-03	-1.245691e-10	1.532066e-14	1.245538e-10	-1.533561e-14	-1.788520e-05	1.866084e-05	-1.129406e-03	1.128630e-03
2.324938884703442e-01	5.000000e+00	4.929305e+00	4.999811e+00	4.999811e+00	4.415715e+00	-4.999811e-06	4.999811e-06	2.366052e-05	5.842851e-04	6.021703e-04	-1.736576e-03	-1.249861e-10	-1.530459e-14	1.250014e-10	1.589352e-14	-1.788520e-05	1.866084e-05	-1.129406e-03	1.128630e-03
2.334704509703442e-01	5.000000e+00	4.929305e+00	4.999811e+00	4.999811e+00	4.415715e+00	-4.999811e-06	4.999811e-06	2.366052e-05	5.842851e-04	6.021703e-04	-1.736576e-03	-1.245692e-10	1.529020e-14	1.245540e-10	-1.471386e-14	-1.788520e-05	1.866084e-05	-1.129406e-03	1.128630e-03
2.344470134703442e-01	5.000000e+00	4.929305e+00	4.999811e+00	4.999811e+00	4.415715e+00	-4.999811e-06	4.999811e-06	2.366052e-05	5.842851e-04	6.021703e-04	-1.736576e-03	-1.249860e-10	-1.527384e-14	1.250013e-10	1.630801e-14	-1.788520e-05	1.866084e-05	-1.129406e-03	1.128630e-03
2.354235759703442e-01	5.000000e+00	4.929305e+00	4.999811e+00	4.999811e+00	4.415715e+00	-4.999811e-06	4.999811e-06	2.366052e-05	5.842851e-04	6.021703e-04	-1.736576e-03	-1.245693e-10	1.525475e-14	1.245541e-10	-1.575017e-14	-1.788520e-05	1.866084e-05	-1.129406e-03	1.128630e-03
2.364001384703442e-01	5.000000e+00	4.929305e+00	4.999811e+00	4.999811e+00	4.415715e+00	-4.999811e-06	4.999811e-06	2.366052e-05	5.842851e-04	6.021703e-04	-1.736576e-03	-1.249859e-10	-1.523609e-14	1.250012e-10	1.630802e-14	-1.788520e-05	1.866084e-05	-1.129406e-03	1.128630e-03
2.373767009703442e-01	5.000000e+00	4.929305e+00	4.999811e+00	4.999811e+00	4.415715e+00	-4.999811e-06	4.999811e-06	2.366052e-05	5.842851e-04	6.021703e-04	-1.736576e-03	-1.245694e-10	1.521989e-14	1.245542e-10	-1.492126e-14	-1.788520e-05	1.866084e-05	-1.129406e-03	1.128630e-03
2.383532634703442e-01	5.000000e+00	4.929305e+00	4.999811e+00	4.999811e+00	4.415715e+00	-4.999811e-06	4.999811e-06	2.366052e-05	5.842851e-04	6.021703e-04	-1.736576e-03	-1.249858e-10	-1.520532e-14	1.250010e-10	1.630807e-14	-1.788520e-05	1.866084e-05	-1.129406e-03	1.128630e-03
2.393298259703442e-01	5.000000e+00	4.929305e+00	4.999811e+00	4.999811e+00	4.415715e+00	-4.999811e-06	4.999811e-06	2.366052e-05	5.842851e-04	6.021703e-04	-1.736576e-03	-1.245695e-10	1.518922e-14	1.245543e-10	-1.492123e-14	-1.788520e-05	1.866084e-05	-1.129406e-03	1.128630e-03
2.403063884703442e-01	5.000000e+00	4.929305e+00	4.999811e+00	4.999811e+00	4.415715e+00	-4.999811e-06	4.999811e-06	2.366052e-05	5.842851e-04	6.021703e-04	-1.736576e-03	-1.249857e-10	-1.517437e-14	1.250009e-10	1.589367e-14	-1.788520e-05	1.866084e-05	-1.129406e-03	1.128630e-03
2.412829509703442e-01	5.000000e+00	4.929305e+00	4.999811e+00	4.999811e+00	4.415715e+00	-4.999811e-06	4.999811e-06	2.366052e-05	5.842851e-04	6.021703e-04	-1.736576e-03	-1.245696e-10	1.515925e-14	1.245545e-10	-1.533581e-14	-1.788520e-05	1.866084e-05	-1.129406e-03	1.128630e-03
2.422595134703442e-01	5.000000e+00	4.929305e+00	4.999811e+00	4.999811e+00	4.415715e+00	-4.999811e-06	4.999811e-06	2.366052e-05	5.842851e-04	6.021703e-04	-1.736576e-03	-1.249856e-10	-1.514178e-14	1.250008e-10	1.589369e-14	-1.788520e-05	1.866084e-05	-1.129406e-03	1.128630e-03
2.432360759703442e-01	5.000000e+00	4.929305e+00	4.999811e+00	4.999811e+00	4.415715e+00	-4.999811e-06	4.999811e-06	2.366052e-05	5.842851e-04	6.021703e-04	-1.736576e-03	-1.245697e-10	1.512525e-14	1.245546e-10	-1.492134e-14	-1.788520e-05	1.866084e-05	-1.129406e-03	1.128630e-03
2.442126384703442e-01	5.000000e+00	4.929305e+00	4.999811e+00	4.999811e+00	4.415715e+00	-4.999811e-06	4.999811e-06	2.366052e-05	5.842851e-04	6.021703e-04	-1.736576e-03	-1.249856e-10	-1.510838e-14	1.250007e-10	1.527202e-14	-1.788520e-05	1.866084e-05	-1.129406e-03	1.128630e-03
2.451892009703442e-01	5.000000e+00	4.929305e+00	4.999811e+00	4.999811e+00	4.415715e+00	-4.999811e-06	4.999811e-06	2.366052e-05	5.842851e-04	6.021703e-04	-1.736576e-03	-1.245698e-10	1.509126e-14	1.245547e-10	-1.409245e-14	-1.788520e-05	1.866084e-05	-1.129406e-03	1.128630e-03
2.461657634703442e-01	5.000000e+00	4.929305e+00	4.999811e+00	4.999811e+00	4.415715e+00	-4.999811e-06	4.999811e-06	2.366052e-05	5.842851e-04	6.021703e-04	-1.736576e-03	-1.249855e-10	-1.507426e-14	1.250005e-10	1.568656e-14	-1.788520e-05	1.866084e-05	-1.129406e-03	1.128630e-03
2.471423259703442e-01	5.000000e+00	4.929305e+00	4.999811e+00	4.999811e+00	4.415715e+00	-4.999811e-06	4.999811e-06	2.366052e-05	5.842851e-04	6.021703e-04	-1.736576e-03	-1.245699e-10	1.505952e-14	1.245548e-10	-1.429973e-14	-1.788520e-05	1.866084e-05	-1.129406e-03	1.128630e-03
2.481188884703442e-01	5.000000e+00	4.929305e+00	4.999811e+00	4.999811e+00	4.415715e+00	-4.999811e-06	4.999811e-06	2.366052e-05	5.842851e-04	6.021703e-04	-1.736576e-03	-1.249854e-10	-1.504521e-14	1.250004e-10	1.527209e-14	-1.788520e-05	1.866084e-05	-1.129406e-03	1.128630e-03
2.490954509703442e-01	5.000000e+00	4.929305e+00	4.999811e+00	4.999811e+00	4.415715e+00	-4.999811e-06	4.999811e-06	2.366052e-05	5.842851e-04	6.021703e-04	-1.736576e-03	-1.245700e-10	1.503113e-14	1.245549e-10	-1.450703e-14	-1.788520e-05	1.866084e-05	-1.129406e-03	1.128630e-03
2.500720134703442e-01	5.000000e+00	4.929305e+00	4.999811e+00	4.999811e+00	4.415715e+00	-4.999811e-06	4.999811e-06	2.366052e-05	5.842851e-04	6.021703e-04	-1.736576e-03	-1.249853e-10	-1.501748e-14	1.250003e-10	1.589388e-14	-1.788520e-05	1.866084e-05	-1.129406e-03	1.128630e-03
2.510485759703442e-01	5.000000e+00	4.929305e+00	4.999811e+00	4.999811e+00	4.415715e+00	-4.999811e-06	4.999811e-06	2.366052e-05	5.842851e-04	6.021703e-04	-1.736576e-03	-1.245701e-10	1.500154e-14	1.245551e-10	-1.450701e-14	-1.788520e-05	1.866084e-05	-1.129406e-03	1.128630e-03
2.520251384703442e-01	5.000000e+00	4.929305e+00	4.999811e+00	4.999811e+00	4.415715e+00	-4.999811e-06	4.999811e-06	2.366052e-05	5.842851e-04	6.021703e-04	-1.736576e-03	-1.249852e-10	-1.498540e-14	1.250002e-10	1.610113e-14	-1.788520e-05	1.866084e-05	-1.129406e-03	1.128630e-03
2.530017009703442e-01	5.000000e+00	4.929305e+00	4.999811e+00	4.999811e+00	4.415715e+00	-4.999811e-06	4.999811e-06	2.366052e-05	5.842851e-04	6.021703e-04	-1.736576e-03	-1.245702e-10	1.496822e-14	1.245552e-10	-1.492152e-14	-1.788520e-05	1.866084e-05	-1.129406e-03	1.128630e-03
2.539782634703442e-01	5.000000e+00	4.929305e+00	4.999811e+00	4.999811e+00	4.415715e+00	-4.999811e-06	4.999811e-06	2.366052e-05	5.842851e-04	6.021703e-04	-1.736576e-03	-1.249851e-10	-1.494990e-14	1.250001e-10	1.610120e-14	-1.788520e-05	1.866084e-05	-1.129406e-03	1.128630e-03
2.549548259703442e-01	5.000000e+00	4.929305e+00	4.999811e+00	4.999811e+00	4.415715e+00	-4.999811e-06	4.999811e-06	2.366052e-05	5.842851e-04	6.021703e-04	-1.736576e-03	-1.245703e-10	1.493227e-14	1.245553e-10	-1.450712e-14	-1.788520e-05	1.866084e-05	-1.129406e-03	1.128630e-03
2.559313884703442e-01	5.000000e+00	4.929305e+00	4.999811e+00	4.999811e+00	4.415715e+00	-4.999811e-06	4.999811e-06	2.366052e-05	5.842851e-04	6.021703e-04	-1.736576e-03	-1.249850e-10	-1.491709e-14	1.249999e-10	1.568674e-14	-1.788520e-05	1.866084e-05	-1.129406e-03	1.128630e-03
2.569079509703442e-01	5.000000e+00	4.929305e+00	4.999811e+00	4.999811e+00	4.415715e+00	-4.999811e-06	4.999811e-06	2.366052e-05	5.842851e-04	6.021703e-04	-1.736576e-03	-1.245704e-10	1.490285e-14	1.245554e-10	-1.409265e-14	-1.788520e-05	1.866084e-05	-1.129406e-03	1.128630e-03
2.578845134703442e-01	5.000000e+00	4.929305e+00	4.999811e+00	4.999811e+00	4.415715e+00	-4.999811e-06	4.999811e-06	2.366052e-05	5.842851e-04	6.021703e-04	-1.736576e-03	-1.249849e-10	-1.488879e-14	1.249998e-10	1.547958e-14	-1.788520e-05	1.866084e-05	-1.129406e-03	1.128630e-03
2.588610759703442e-01	5.000000e+00	4.929305e+00	4.999811e+00	4.999811e+00	4.415715e+00	-4.999811e-06	4.999811e-06	2.366052e-05	5.842851e-04	6.021703e-04	-1.736576e-03	-1.245704e-10	1.487618e-14	1.245556e-10	-1.409274e-14	-1.788520e-05	1.866084e-05	-1.129406e-03	1.128630e-03
2.598376384703442e-01	5.000000e+00	4.929305e+00	4.999811e+00	4.999811e+00	4.415715e+00	-4.999811e-06	4.999811e-06	2.366052e-05	5.842851e-04	6.021703e-04	-1.736576e-03	-1.249848e-10	-1.486177e-14	1.249997e-10	1.506513e-14	-1.788520e-05	1.866084e-05	-1.129406e-03	1.128630e-03
2.608142009703442e-01	5.000000e+00	4.929305e+00	4.999811e+00	4.999811e+00	4.415715e+00	-4.999811e-06	4.999811e-06	2.366052e-05	5.842851e-04	6.021703e-04	-1.736576e-03	-1.245705e-10	1.484798e-14	1.245557e-10	-1.492174e-14	-1.788520e-05	1.866084e-05	-1.129406e-03	1.128630e-03
2.617907634703442e-01	5.000000e+00	4.929305e+00	4.999811e+00	4.999811e+00	4.415715e+00	-4.999811e-06	4.999811e-06	2.366052e-05	5.842851e-04	6.021703e-04	-1.736576e-03	-1.249847e-10	-1.483532e-14	1.249996e-10	1.610136e-14	-1.788520e-05	1.866084e-05	-1.129406e-03	1.128630e-03
2.627673259703442e-01	5.000000e+00	4.929305e+00	4.999811e+00	4.999811e+00	4.415715e+00	-4.999811e-06	4.999811e-06	2.366052e-05	5.842851e-04	6.021703e-04	-1.736576e-03	-1.245706e-10	1.482011e-14	1.245558e-10	-1.409282e-14	-1.788520e-05	1.866084e-05	-1.129406e-03	1.128630e-03
2.637438884703442e-01	5.000000e+00	4.929305e+00	4.999811e+00	4.999811e+00	4.415715e+00	-4.999811e-06	4.999811e-06	2.366052e-05	5.842851e-04	6.021703e-04	-1.736576e-03	-1.249846e-10	-1.480406e-14	1.249994e-10	1.547969e-14	-1.788520e-05	1.866084e-05	-1.129406e-03	1.128630e-03
2.647204509703442e-01	5.000000e+00	4.929305e+00	4.999811e+00	4.999811e+00	4.415715e+00	-4.999811e-06	4.999811e-06	2.366052e-05	5.842851e-04	6.021703e-04	-1.736576e-03	-1.245707e-10	1.478946e-14	1.245559e-10	-1.450737e-14	-1.788520e-05	1.866084e-05	-1.129406e-03	1.128630e-03
2.656970134703442e-01	5.000000e+00	4.929305e+00	4.999811e+00	4.999811e+00	4.415715e+00	-4.999811e-06	4.999811e-06	2.366052e-05	5.842851e-04	6.021703e-04	-1.736576e-03	-1.249845e-10	-1.477529e-14	1.249993e-10	1.589422e-14	-1.788520e-05	1.866084e-05	-1.129406e-03	1.128630e-03
2.666735759703442e-01	5.000000e+00	4.929305e+00	4.999811e+00	4.999811e+00	4.415715e+00	-4.999811e-06	4.999811e-06	2.366052e-05	5.842851e-04	6.021703e-04	-1.736576e-03	-1.245708e-10	1.476041e-14	1.245560e-10	-1.533635e-14	-1.788520e-05	1.866084e-05	-1.129406e-03	1.128630e-03
2.676501384703442e-01	5.000000e+00	4.929305e+00	4.999811e+00	4.999811e+00	4.415715e+00	-4.999811e-06	4.999811e-06	2.366052e-05	5.842851e-04	6.021703e-04	-1.736576e-03	-1.249845e-10	-1.474743e-14	1.249992e-10	1.506525e-14	-1.788520e-05	1.866084e-05	-1.129406e-03	1.128630e-03
2.686267009703442e-01	5.000000e+00	4.929305e+00	4.999811e+00	4.999811e+00	4.415715e+00	-4.999811e-06	4.999811e-06	2.366052e-05	5.842851e-04	6.021703e-04	-1.736576e-03	-1.245709e-10	1.473462e-14	1.245562e-10	-1.450741e-14	-1.788520e-05	1.866084e-05	-1.129406e-03	1.128630e-03
2.696032634703442e-01	5.000000e+00	4.929305e+00	4.999811e+00	4.999811e+00	4.415715e+00	-4.999811e-06	4.999811e-06	2.366052e-05	5.842851e-04	6.021703e-04	-1.736576e-03	-1.249844e-10	-1.471971e-14	1.249991e-10	1.465082e-14	-1.788520e-05	1.866084e-05	-1.129406e-03	1.128630e-03
2.705798259703442e-01	5.000000e+00	4.929305e+00	4.999811e+00	4.999811e+00	4.415715e+00	-4.999811e-06	4.999811e-06	2.366052e-05	5.842851e-04	6.021703e-04	-1.736576e-03	-1.245710e-10	1.470606e-14	1.245563e-10	-1.409295e-14	-1.788520e-05	1.866084e-05	-1.129406e-03	1.128630e-03
2.715563884703442e-01	5.000000e+00	4.929305e+00	4.999811e+00	4.999811e+00	4.415715e+00	-4.999811e-06	4.999811e-06	2.366052e-05	5.842851e-04	6.021703e-04	-1.736576e-03	-1.249843e-10	-1.469429e-14	1.249990e-10	1.506539e-14	-1.788520e-05	1.866084e-05	-1.129406e-03	1.128630e-03
2.725329509703442e-01	5.000000e+00	4.929305e+00	4.999811e+00	4.999811e+00	4.415715e+00	-4.999811e-06	4.999811e-06	2.366052e-05	5.842851e-04	6.021703e-04	-1.736576e-03	-1.245711e-10	1.468060e-14	1.245564e-10	-1.367854e-14	-1.788520e-05	1.866084e-05	-1.129406e-03	1.128630e-03
2.735095134703442e-01	5.000000e+00	4.929305e+00	4.999811e+00	4.999811e+00	4.415715e+00	-4.999811e-06	4.999811e-06	2.366052e-05	5.842851e-04	6.021703e-04	-1.736576e-03	-1.249842e-10	-1.466601e-14	1.249988e-10	1.547988e-14	-1.788520e-05	1.866084e-05	-1.129406e-03	1.128630e-03
2.744860759703442e-01	5.000000e+00	4.929305e+00	4.999811e+00	4.999811e+00	4.415715e+00	-4.999811e-06	4.999811e-06	2.366052e-05	5.842851e-04	6.021703e-04	-1.736576e-03	-1.245712e-10	1.465338e-14	1.245565e-10	-1.409306e-14	-1.788520e-05	1.866084e-05	-1.129406e-03	1.128630e-03
2.754626384703442e-01	5.000000e+00	4.929305e+00	4.999811e+00	4.999811e+00	4.415715e+00	-4.999811e-06	4.999811e-06	2.366052e-05	5.842851e-04	6.021703e-04	-1.736576e-03	-1.249841e-10	-1.463964e-14	1.249987e-10	1.547992e-14	-1.788520e-05	1.866084e-05	-1.129406e-03	1.128630e-03
2.764392009703442e-01	5.000000e+00	4.929305e+00	4.999811e+00	4.999811e+00	4.415715e+00	-4.999811e-06	4.999811e-06	2.366052e-05	5.842851e-04	6.021703e-04	-1.736576e-03	-1.245713e-10	1.462590e-14	1.245566e-10	-1.450757e-14	-1.788520e-05	1.866084e-05	-1.129406e-03	1.128630e-03
2.774157634703442e-01	5.000000e+00	4.929305e+00	4.999811e+00	4.999811e+00	4.415715e+00	-4.999811e-06	4.999811e-06	2.366052e-05	5.842851e-04	6.021703e-04	-1.736576e-03	-1.249840e-10	-1.461425e-14	1.249986e-10	1.485821e-14	-1.788520e-05	1.866084e-05	-1.129406e-03	1.128630e-03
2.783923259703442e-01	5.000000e+00	4.929305e+00	4.999811e+00	4.999811e+00	4.415715e+00	-4.999811e-06	4.999811e-06	2.366052e-05	5.842851e-04	6.021703e-04	-1.736576e-03	-1.245714e-10	1.460132e-14	1.245568e-10	-1.367865e-14	-1.788520e-05	1.866084e-05	-1.129406e-03	1.128630e-03
2.793688884703442e-01	5.000000e+00	4.929305e+00	4.999811e+00	4.999811e+00	4.415715e+00	-4.999811e-06	4.999811e-06	2.366052e-05	5.842851e-04	6.021703e-04	-1.736576e-03	-1.249839e-10	-1.458836e-14	1.249985e-10	1.527278e-14	-1.788520e-05	1.866084e-05	-1.129406e-03	1.128630e-03
2.803454509703442e-01	5.000000e+00	4.929305e+00	4.999811e+00	4.999811e+00	4.415715e+00	-4.999811e-06	4.999811e-06	2.366052e-05	5.842851e-04	6.021703e-04	-1.736576e-03	-1.245715e-10	1.457413e-14	1.245569e-10	-1.409317e-14	-1.788520e-05	1.866084e-05	-1.129406e-03	1.128630e-03
2.813220134703442e-01	5.000000e+00	4.929305e+00	4.999811e+00	4.999811e+00	4.415715e+00	-4.999811e-06	4.999811e-06	2.366052e-05	5.842851e-04	6.021703e-04	-1.736576e-03	-1.249838e-10	-1.455849e-14	1.249984e-10	1.527285e-14	-1.788520e-05	1.866084e-05	-1.129406e-03	1.128630e-03
2.822985759703442e-01	5.000000e+00	4.929305e+00	4.999811e+00	4.999811e+00	4.415715e+00	-4.999811e-06	4.999811e-06	2.366052e-05	5.842851e-04	6.021703e-04	-1.736576e-03	-1.245715e-10	1.454532e-14	1.245570e-10	-1.409319e-14	-1.788520e-05	1.866084e-05	-1.129406e-03	1.128630e-03
2.832751384703442e-01	5.000000e+00	4.929305e+00	4.999811e+00	4.999811e+00	4.415715e+00	-4.999811e-06	4.999811e-06	2.366052e-05	5.842851e-04	6.021703e-04	-1.736576e-03	-1.249837e-10	-1.453302e-14	1.249982e-10	1.506559e-14	-1.788520e-05	1.866084e-05	-1.129406e-03	1.128630e-03
2.842517009703442e-01	5.000000e+00	4.929305e+00	4.999811e+00	4.999811e+00	4.415715e+00	-4.999811e-06	4.999811e-06	2.366052e-05	5.842851e-04	6.021703e-04	-1.736576e-03	-1.245716e-10	1.451905e-14	1.245571e-10	-1.430050e-14	-1.788520e-05	1.866084e-05	-1.129406e-03	1.128630e-03
2.852282634703442e-01	5.000000e+00	4.929305e+00	4.999811e+00	4.999811e+00	4.415715e+00	-4.999811e-06	4.999811e-06	2.366052e-05	5.842851e-04	6.021703e-04	-1.736576e-03	-1.249836e-10	-1.450444e-14	1.249981e-10	1.548010e-14	-1.788520e-05	1.866084e-05	-1.129406e-03	1.128630e-03
2.862048259703442e-01	5.000000e+00	4.929305e+00	4.999811e+00	4.999811e+00	4.415715e+00	-4.999811e-06	4.999811e-06	2.366052e-05	5.842851e-04	6.021703e-04	-1.736576e-03	-1.245717e-10	1.449146e-14	1.245572e-10	-1.450779e-14	-1.788520e-05	1.866084e-05	-1.129406e-03	1.128630e-03
2.871813884703442e-01	5.000000e+00	4.929305e+00	4.999811e+00	4.999811e+00	4.415715e+00	-4.999811e-06	4.999811e-06	2.366052e-05	5.842851e-04	6.021703e-04	-1.736576e-03	-1.249835e-10	-1.447948e-14	1.249980e-10	1.548015e-14	-1.788520e-05	1.866084e-05	-1.129406e-03	1.128630e-03
2.881579509703442e-01	5.000000e+00	4.929305e+00	4.999811e+00	4.999811e+00	4.415715e+00	-4.999811e-06	4.999811e-06	2.366052e-05	5.842851e-04	6.021703e-04	-1.736576e-03	-1.245718e-10	1.446773e-14	1.245574e-10	-1.450782e-14	-1.788520e-05	1.866084e-05	-1.129406e-03	1.128630e-03
2.891345134703442e-01	5.000000e+00	4.929305e+00	4.999811e+00	4.999811e+00	4.415715e+00	-4.999811e-06	4.999811e-06	2.366052e-05	5.842851e-04	6.021703e-04	-1.736576e-03	-1.249834e-10	-1.445599e-14	1.249979e-10	1.548018e-14	-1.788520e-05	1.866084e-05	-1.129406e-03	1.128630e-03
2.901110759703442e-01	5.000000e+00	4.929305e+00	4.999811e+00	4.999811e+00	4.415715e+00	-4.999811e-06	4.999811e-06	2.366052e-05	5.842851e-04	6.021703e-04	-1.736576e-03	-1.245719e-10	1.444492e-14	1.245575e-10	-1.450784e-14	-1.788520e-05	1.866084e-05	-1.129406e-03	1.128630e-03
2.910876384703442e-01	5.000000e+00	4.929305e+00	4.999811e+00	4.999811e+00	4.415715e+00	-4.999811e-06	4.999811e-06	2.366052e-05	5.842851e-04	6.021703e-04	-1.736576e-03	-1.249833e-10	-1.443251e-14	1.249978e-10	1.527299e-14	-1.788520e-05	1.866084e-05	-1.129406e-03	1.128630e-03
2.920642009703442e-01	5.000000e+00	4.929305e+00	4.999811e+00	4.999811e+00	4.415715e+00	-4.999811e-06	4.999811e-06	2.366052e-05	5.842851e-04	6.021703e-04	-1.736576e-03	-1.245720e-10	1.442034e-14	1.245576e-10	-1.367894e-14	-1.788520e-05	1.866084e-05	-1.129406e-03	1.128630e-03
2.930407634703442e-01	5.000000e+00	4.929305e+00	4.999811e+00	4.999811e+00	4.415715e+00	-4.999811e-06	4.999811e-06	2.366052e-05	5.842851e-04	6.021703e-04	-1.736576e-03	-1.249832e-10	-1.441039e-14	1.249977e-10	1.527303e-14	-1.788520e-05	1.866084e-05	-1.129406e-03	1.128630e-03
2.940173259703442e-01	5.000000e+00	4.929305e+00	4.999811e+00	4.999811e+00	4.415715e+00	-4.999811e-06	4.999811e-06	2.366052e-05	5.842851e-04	6.021703e-04	-1.736576e-03	-1.245721e-10	1.439897e-14	1.245577e-10	-1.471514e-14	-1.788520e-05	1.866084e-05	-1.129406e-03	1.128630e-03
2.949938884703442e-01	5.000000e+00	4.929305e+00	4.999811e+00	4.999811e+00	4.415715e+00	-4.999811e-06	4.999811e-06	2.366052e-05	5.842851e-04	6.021703e-04	-1.736576e-03	-1.249832e-10	-1.438619e-14	1.249975e-10	1.444416e-14	-1.788520e-05	1.866084e-05	-1.129406e-03	1.128630e-03
2.959704509703442e-01	5.000000e+00	4.929305e+00	4.999811e+00	4.999811e+00	4.415715e+00	-4.999811e-06	4.999811e-06	2.366052e-05	5.842851e-04	6.021703e-04	-1.736576e-03	-1.245722e-10	1.437447e-14	1.245578e-10	-1.430075e-14	-1.788520e-05	1.866084e-05	-1.129406e-03	1.128630e-03
2.969470134703442e-01	5.000000e+00	4.929305e+00	4.999811e+00	4.999811e+00	4.415715e+00	-4.999811e-06	4.999811e-06	2.366052e-05	5.842851e-04	6.021703e-04	-1.736576e-03	-1.249831e-10	-1.436439e-14	1.249974e-10	1.506588e-14	-1.788520e-05	1.866084e-05	-1.129406e-03	1.128630e-03
2.979235759703442e-01	5.000000e+00	4.929305e+00	4.999811e+00	4.999811e+00	4.415715e+00	-4.999811e-06	4.999811e-06	2.366052e-05	5.842851e-04	6.021703e-04	-1.736576e-03	-1.245723e-10	1.435417e-14	1.245579e-10	-1.367907e-14	-1.788520e-05	1.866084e-05	-1.129406e-03	1.128630e-03
2.989001384703442e-01	5.000000e+00	4.929305e+00	4.999811e+00	4.999811e+00	4.415715e+00	-4.999811e-06	4.999811e-06	2.366052e-05	5.842851e-04	6.021703e-04	-1.736576e-03	-1.249830e-10	-1.434286e-14	1.249973e-10	1.568762e-14	-1.788520e-05	1.866084e-05	-1.129406e-03	1.128630e-03
2.998767009703442e-01	5.000000e+00	4.929305e+00	4.999811e+00	4.999811e+00	4.415715e+00	-4.999811e-06	4.999811e-06	2.366052e-05	5.842851e-04	6.021703e-04	-1.736576e-03	-1.245724e-10	1.433109e-14	1.245580e-10	-1.430079e-14	-1.788520e-05	1.866084e-05	-1.129406e-03	1.128630e-03
3.008532634703442e-01	5.000000e+00	4.929305e+00	4.999811e+00	4.999811e+00	4.415715e+00	-4.999811e-06	4.999811e-06	2.366052e-05	5.842851e-04	6.021703e-04	-1.736576e-03	-1.249829e-10	-1.431874e-14	1.249972e-10	1.465143e-14	-1.788520e-05	1.866084e-05	-1.129406e-03	1.128630e-03
3.018298259703442e-01	5.000000e+00	4.929305e+00	4.999811e+00	4.999811e+00	4.415715e+00	-4.999811e-06	4.999811e-06	2.366052e-05	5.842851e-04	6.021703e-04	-1.736576e-03	-1.245725e-10	1.430594e-14	1.245582e-10	-1.367913e-14	-1.788520e-05	1.866084e-05	-1.129406e-03	1.128630e-03
3.028063884703442e-01	5.000000e+00	4.929305e+00	4.999811e+00	4.999811e+00	4.415715e+00	-4.999811e-06	4.999811e-06	2.366052e-05	5.842851e-04	6.021703e-04	-1.736576e-03	-1.249828e-10	-1.429281e-14	1.249971e-10	1.506597e-14	-1.788520e-05	1.866084e-05	-1.129406e-03	1.128630e-03
3.037829509703442e-01	5.000000e+00	4.929305e+00	4.999811e+00	4.999811e+00	4.415715e+00	-4.999811e-06	4.999811e-06	2.366052e-05	5.842851e-04	6.021703e-04	-1.736576e-03	-1.245726e-10	1.428011e-14	1.245583e-10	-1.430087e-14	-1.788520e-05	1.866084e-05	-1.129406e-03	1.128630e-03
3.047595134703442e-01	5.000000e+00	4.929305e+00	4.999811e+00	4.999811e+00	4.415715e+00	-4.999811e-06	4.999811e-06	2.366052e-05	5.842851e-04	6.021703e-04	-1.736576e-03	-1.249827e-10	-1.426785e-14	1.249970e-10	1.485882e-14	-1.788520e-05	1.866084e-05	-1.129406e-03	1.128630e-03
3.057360759703442e-01	5.000000e+00	4.929305e+00	4.999811e+00	4.999811e+00	4.415715e+00	-4.999811e-06	4.999811e-06	2.366052e-05	5.842851e-04	6.021703e-04	-1.736576e-03	-1.245727e-10	1.425538e-14	1.245584e-10	-1.388643e-14	-1.788520e-05	1.866084e-05	-1.129406e-03	1.128630e-03
3.067126384703442e-01	5.000000e+00	4.929305e+00	4.999811e+00	4.999811e+00	4.415715e+00	-4.999811e-06	4.999811e-06	2.366052e-05	5.842851e-04	6.021703e-04	-1.736576e-03	-1.249826e-10	-1.424320e-14	1.249968e-10	1.465156e-14	-1.788520e-05	1.866084e-05	-1.129406e-03	1.128630e-03
3.076892009703442e-01	5.000000e+00	4.929305e+00	4.999811e+00	4.999811e+00	4.415715e+00	-4.999811e-06	4.999811e-06	2.366052e-05	5.842851e-04	6.021703e-04	-1.736576e-03	-1.245728e-10	1.423216e-14	1.245585e-10	-1.285026e-14	-1.788520e-05	1.866084e-05	-1.129406e-03	1.128630e-03
3.086657634703442e-01	5.000000e+00	4.929305e+00	4.999811e+00	4.999811e+00	4.415715e+00	-4.999811e-06	4.999811e-06	2.366052e-05	5.842851e-04	6.021703e-04	-1.736576e-03	-1.249825e-10	-1.422219e-14	1.249967e-10	1.340817e-14	-1.788520e-05	1.866084e-05	-1.129406e-03	1.128630e-03
3.096423259703442e-01	5.000000e+00	4.929305e+00	4.999811e+00	4.999811e+00	4.415715e+00	-4.999811e-06	4.999811e-06	2.366052e-05	5.842851e-04	6.021703e-04	-1.736576e-03	-1.245728e-10	1.421080e-14	1.245586e-10	-1.347205e-14	-1.788520e-05	1.866084e-05	-1.129406e-03	1.128630e-03
3.106188884703442e-01	5.000000e+00	4.929305e+00	4.999811e+00	4.999811e+00	4.415715e+00	-4.999811e-06	4.999811e-06	2.366052e-05	5.842851e-04	6.021703e-04	-1.736576e-03	-1.249824e-10	-1.419801e-14	1.249966e-10	1.485893e-14	-1.788520e-05	1.866084e-05	-1.129406e-03	1.128630e-03
3.115954509703442e-01	5.000000e+00	4.929305e+00	4.999811e+00	4.999811e+00	4.415715e+00	-4.999811e-06	4.999811e-06	2.366052e-05	5.842851e-04	6.021703e-04	-1.736576e-03	-1.245729e-10	1.418532e-14	1.245588e-10	-1.367934e-14	-1.788520e-05	1.866084e-05	-1.129406e-03	1.128630e-03
3.125720134703442e-01	5.000000e+00	4.929305e+00	4.999811e+00	4.999811e+00	4.415715e+00	-4.999811e-06	4.999811e-06	2.366052e-05	5.842851e-04	6.021703e-04	-1.736576e-03	-1.249823e-10	-1.417149e-14	1.249965e-10	1.444450e-14	-1.788520e-05	1.866084e-05	-1.129406e-03	1.128630e-03
3.135485759703442e-01	5.000000e+00	4.929305e+00	4.999811e+00	4.999811e+00	4.415715e+00	-4.999811e-06	4.999811e-06	2.366052e-05	5.842851e-04	6.021703e-04	-1.736576e-03	-1.245730e-10	1.415771e-14	1.245589e-10	-1.326486e-14	-1.788520e-05	1.866084e-05	-1.129406e-03	1.128630e-03
3.145251384703442e-01	5.000000e+00	4.929305e+00	4.999811e+00	4.999811e+00	4.415715e+00	-4.999811e-06	4.999811e-06	2.366052e-05	5.842851e-04	6.021703e-04	-1.736576e-03	-1.249822e-10	-1.414696e-14	1.249964e-10	1.423723e-14	-1.788520e-05	1.866084e-05	-1.129406e-03	1.128630e-03
3.155017009703442e-01	5.000000e+00	4.929305e+00	4.999811e+00	4.999811e+00	4.415715e+00	-4.999811e-06	4.999811e-06	2.366052e-05	5.842851e-04	6.021703e-04	-1.736576e-03	-1.245731e-10	1.413836e-14	1.245590e-10	-1.388662e-14	-1.788520e-05	1.866084e-05	-1.129406e-03	1.128630e-03
3.164782634703442e-01	5.000000e+00	4.929305e+00	4.999811e+00	4.999811e+00	4.415715e+00	-4.999811e-06	4.999811e-06	2.366052e-05	5.842851e-04	6.021703e-04	-1.736576e-03	-1.249821e-10	-1.412942e-14	1.249963e-10	1.403003e-14	-1.788520e-05	1.866084e-05	-1.129406e-03	1.128630e-03
3.174548259703442e-01	5.000000e+00	4.929305e+00	4.999811e+00	4.999811e+00	4.415715e+00	-4.999811e-06	4.999811e-06	2.366052e-05	5.842851e-04	6.021703e-04	-1.736576e-03	-1.245732e-10	1.411781e-14	1.245591e-10	-1.326496e-14	-1.788520e-05	1.866084e-05	-1.129406e-03	1.128630e-03
3.184313884703442e-01	5.000000e+00	4.929305e+00	4.999811e+00	4.999811e+00	4.415715e+00	-4.999811e-06	4.999811e-06	2.366052e-05	5.842851e-04	6.021703e-04	-1.736576e-03	-1.249821e-10	-1.410575e-14	1.249962e-10	1.444458e-14	-1.788520e-05	1.866084e-05	-1.129406e-03	1.128630e-03
3.194079509703442e-01	5.000000e+00	4.929305e+00	4.999811e+00	4.999811e+00	4.415715e+00	-4.999811e-06	4.999811e-06	2.366052e-05	5.842851e-04	6.021703e-04	-1.736576e-03	-1.245733e-10	1.409444e-14	1.245592e-10	-1.430123e-14	-1.788520e-05	1.866084e-05	-1.129406e-03	1.128630e-03
3.203845134703442e-01	5.000000e+00	4.929305e+00	4.999811e+00	4.999811e+00	4.415715e+00	-4.999811e-06	4.999811e-06	2.366052e-05	5.842851e-04	6.021703e-04	-1.736576e-03	-1.249820e-10	-1.408418e-14	1.249960e-10	1.527359e-14	-1.788520e-05	1.866084e-05	-1.129406e-03	1.128630e-03
3.213610759703442e-01	5.000000e+00	4.929305e+00	4.999811e+00	4.999811e+00	4.415715e+00	-4.999811e-06	4.999811e-06	2.366052e-05	5.842851e-04	6.021703e-04	-1.736576e-03	-1.245734e-10	1.407428e-14	1.245593e-10	-1.409400e-14	-1.788520e-05	1.866084e-05	-1.129406e-03	1.128630e-03
3.223376384703442e-01	5.000000e+00	4.929305e+00	4.999811e+00	4.999811e+00	4.415715e+00	-4.999811e-06	4.999811e-06	2.366052e-05	5.842851e-04	6.021703e-04	-1.736576e-03	-1.249819e-10	-1.406311e-14	1.249959e-10	1.485910e-14	-1.788520e-05	1.866084e-05	-1.129406e-03	1.128630e-03
3.233142009703442e-01	5.000000e+00	4.929305e+00	4.999811e+00	4.999811e+00	4.415715e+00	-4.999811e-06	4.999811e-06	2.366052e-05	5.842851e-04	6.021703e-04	-1.736576e-03	-1.245735e-10	1.405238e-14	1.245594e-10	-1.388680e-14	-1.788520e-05	1.866084e-05	-1.129406e-03	1.128630e-03
3.242907634703442e-01	5.000000e+00	4.929305e+00	4.999811e+00	4.999811e+00	4.415715e+00	-4.999811e-06	4.999811e-06	2.366052e-05	5.842851e-04	6.021703e-04	-1.736576e-03	-1.249818e-10	-1.404176e-14	1.249958e-10	1.485917e-14	-1.788520e-05	1.866084e-05	-1.129406e-03	1.128630e-03
3.252673259703442e-01	5.000000e+00	4.929305e+00	4.999811e+00	4.999811e+00	4.415715e+00	-4.999811e-06	4.999811e-06	2.366052e-05	5.842851e-04	6.021703e-04	-1.736576e-03	-1.245736e-10	1.403112e-14	1.245595e-10	-1.409410e-14	-1.788520e-05	1.866084e-05	-1.129406e-03	1.128630e-03
3.262438884703442e-01	5.000000e+00	4.929305e+00	4.999811e+00	4.999811e+00	4.415715e+00	-4.999811e-06	4.999811e-06	2.366052e-05	5.842851e-04	6.021703e-04	-1.736576e-03	-1.249817e-10	-1.401958e-14	1.249957e-10	1.444472e-14	-1.788520e-05	1.866084e-05	-1.129406e-03	1.128630e-03
3.272204509703442e-01	5.000000e+00	4.929305e+00	4.999811e+00	4.999811e+00	4.415715e+00	-4.999811e-06	4.999811e-06	2.366052e-05	5.842851e-04	6.021703e-04	-1.736576e-03	-1.245737e-10	1.400791e-14	1.245597e-10	-1.388689e-14	-1.788520e-05	1.866084e-05	-1.129406e-03	1.128630e-03
3.281970134703442e-01	5.000000e+00	4.929305e+00	4.999811e+00	4.999811e+00	4.415715e+00	-4.999811e-06	4.999811e-06	2.366052e-05	5.842851e-04	6.021703e-04	-1.736576e-03	-1.249816e-10	-1.399718e-14	1.249956e-10	1.423748e-14	-1.788520e-05	1.866084e-05	-1.129406e-03	1.128630e-03
3.291735759703442e-01	5.000000e+00	4.929305e+00	4.999811e+00	4.999811e+00	4.415715e+00	-4.999811e-06	4.999811e-06	2.366052e-05	5.842851e-04	6.021703e-04	-1.736576e-03	-1.245738e-10	1.398541e-14	1.245598e-10	-1.450860e-14	-1.788520e-05	1.866084e-05	-1.129406e-03	1.128630e-03
3.301501384703442e-01	5.000000e+00	4.929305e+00	4.999811e+00	4.999811e+00	4.415715e+00	-4.999811e-06	4.999811e-06	2.366052e-05	5.842851e-04	6.021703e-04	-1.736576e-03	-1.249815e-10	-1.397351e-14	1.249955e-10	1.485927e-14	-1.788520e-05	1.866084e-05	-1.129406e-03	1.128630e-03
3.311267009703442e-01	5.000000e+00	4.929305e+00	4.999811e+00	4.999811e+00	4.415715e+00	-4.999811e-06	4.999811e-06	2.366052e-05	5.842851e-04	6.021703e-04	-1.736576e-03	-1.245739e-10	1.396280e-14	1.245599e-10	-1.326521e-14	-1.788520e-05	1.866084e-05	-1.129406e-03	1.128630e-03
3.321032634703442e-01	5.000000e+00	4.929305e+00	4.999811e+00	4.999811e+00	4.415715e+00	-4.999811e-06	4.999811e-06	2.366052e-05	5.842851e-04	6.021703e-04	-1.736576e-03	-1.249814e-10	-1.395314e-14	1.249954e-10	1.465207e-14	-1.788520e-05	1.866084e-05	-1.129406e-03	1.128630e-03
3.330798259703442e-01	5.000000e+00	4.929305e+00	4.999811e+00	4.999811e+00	4.415715e+00	-4.999811e-06	4.999811e-06	2.366052e-05	5.842851e-04	6.021703e-04	-1.736576e-03	-1.245739e-10	1.394303e-14	1.245600e-10	-1.409422e-14	-1.788520e-05	1.866084e-05	-1.129406e-03	1.128630e-03
3.340563884703442e-01	5.000000e+00	4.929305e+00	4.999811e+00	4.999811e+00	4.415715e+00	-4.999811e-06	4.999811e-06	2.366052e-05	5.842851e-04	6.021703e-04	-1.736576e-03	-1.249813e-10	-1.393331e-14	1.249953e-10	1.444485e-14	-1.788520e-05	1.866084e-05	-1.129406e-03	1.128630e-03
3.350329509703442e-01	5.000000e+00	4.929305e+00	4.999811e+00	4.999811e+00	4.415715e+00	-4.999811e-06	4.999811e-06	2.366052e-05	5.842851e-04	6.021703e-04	-1.736576e-03	-1.245740e-10	1.392248e-14	1.245601e-10	-1.409424e-14	-1.788520e-05	1.866084e-05	-1.129406e-03	1.128630e-03
3.360095134703442e-01	5.000000e+00	4.929305e+00	4.999811e+00	4.999811e+00	4.415715e+00	-4.999811e-06	4.999811e-06	2.366052e-05	5.842851e-04	6.021703e-04	-1.736576e-03	-1.249812e-10	-1.390873e-14	1.249951e-10	1.382319e-14	-1.788520e-05	1.866084e-05	-1.129406e-03	1.128630e-03
3.369860759703442e-01	5.000000e+00	4.929305e+00	4.999811e+00	4.999811e+00	4.415715e+00	-4.999811e-06	4.999811e-06	2.366052e-05	5.842851e-04	6.021703e-04	-1.736576e-03	-1.245741e-10	1.389687e-14	1.245602e-10	-1.326528e-14	-1.788520e-05	1.866084e-05	-1.129406e-03	1.128630e-03
3.379626384703442e-01	5.000000e+00	4.929305e+00	4.999811e+00	4.999811e+00	4.415715e+00	-4.999811e-06	4.999811e-06	2.366052e-05	5.842851e-04	6.021703e-04	-1.736576e-03	-1.249811e-10	-1.388619e-14	1.249950e-10	1.382323e-14	-1.788520e-05	1.866084e-05	-1.129406e-03	1.128630e-03
3.389392009703442e-01	5.000000e+00	4.929305e+00	4.999811e+00	4.999811e+00	4.415715e+00	-4.999811e-06	4.999811e-06	2.366052e-05	5.842851e-04	6.021703e-04	-1.736576e-03	-1.245742e-10	1.387284e-14	1.245603e-10	-1.326541e-14	-1.788520e-05	1.866084e-05	-1.129406e-03	1.128630e-03
3.399157634703442e-01	5.000000e+00	4.929305e+00	4.999811e+00	4.999811e+00	4.415715e+00	-4.999811e-06	4.999811e-06	2.366052e-05	5.842851e-04	6.021703e-04	-1.736576e-03	-1.249811e-10	-1.385943e-14	1.249949e-10	1.485946e-14	-1.788520e-05	1.866084e-05	-1.129406e-03	1.128630e-03
3.408923259703442e-01	5.000000e+00	4.929305e+00	4.999811e+00	4.999811e+00	4.415715e+00	-4.999811e-06	4.999811e-06	2.366052e-05	5.842851e-04	6.021703e-04	-1.736576e-03	-1.245743e-10	1.384998e-14	1.245605e-10	-1.430161e-14	-1.788520e-05	1.866084e-05	-1.129406e-03	1.128630e-03
3.418688884703442e-01	5.000000e+00	4.929305e+00	4.999811e+00	4.999811e+00	4.415715e+00	-4.999811e-06	4.999811e-06	2.366052e-05	5.842851e-04	6.021703e-04	-1.736576e-03	-1.249810e-10	-1.384210e-14	1.249948e-10	1.403052e-14	-1.788520e-05	1.866084e-05	-1.129406e-03	1.128630e-03
3.428454509703442e-01	5.000000e+00	4.929305e+00	4.999811e+00	4.999811e+00	4.415715e+00	-4.999811e-06	4.999811e-06	2.366052e-05	5.842851e-04	6.021703e-04	-1.736576e-03	-1.245744e-10	1.383060e-14	1.245606e-10	-1.409441e-14	-1.788520e-05	1.866084e-05	-1.129406e-03	1.128630e-03
3.438220134703442e-01	5.000000e+00	4.929305e+00	4.999811e+00	4.999811e+00	4.415715e+00	-4.999811e-06	4.999811e-06	2.366052e-05	5.842851e-04	6.021703e-04	-1.736576e-03	-1.249809e-10	-1.381720e-14	1.249947e-10	1.444508e-14	-1.788520e-05	1.866084e-05	-1.129406e-03	1.128630e-03
3.447985759703442e-01	5.000000e+00	4.929305e+00	4.999811e+00	4.999811e+00	4.415715e+00	-4.999811e-06	4.999811e-06	2.366052e-05	5.842851e-04	6.021703e-04	-1.736576e-03	-1.245745e-10	1.380599e-14	1.245607e-10	-1.305825e-14	-1.788520e-05	1.866084e-05	-1.129406e-03	1.128630e-03
3.457751384703442e-01	5.000000e+00	4.929305e+00	4.999811e+00	4.999811e+00	4.415715e+00	-4.999811e-06	4.999811e-06	2.366052e-05	5.842851e-04	6.021703e-04	-1.736576e-03	-1.249808e-10	-1.379541e-14	1.249946e-10	1.382340e-14	-1.788520e-05	1.866084e-05	-1.129406e-03	1.128630e-03
3.467517009703442e-01	5.000000e+00	4.929305e+00	4.999811e+00	4.999811e+00	4.415715e+00	-4.999811e-06	4.999811e-06	2.366052e-05	5.842851e-04	6.021703e-04	-1.736576e-03	-1.245746e-10	1.378360e-14	1.245608e-10	-1.368001e-14	-1.788520e-05	1.866084e-05	-1.129406e-03	1.128630e-03
3.477282634703442e-01	5.000000e+00	4.929305e+00	4.999811e+00	4.999811e+00	4.415715e+00	-4.999811e-06	4.999811e-06	2.366052e-05	5.842851e-04	6.021703e-04	-1.736576e-03	-1.249807e-10	-1.377406e-14	1.249945e-10	1.444513e-14	-1.788520e-05	1.866084e-05	-1.129406e-03	1.128630e-03
3.487048259703442e-01	5.000000e+00	4.929305e+00	4.999811e+00	4.999811e+00	4.415715e+00	-4.999811e-06	4.999811e-06	2.366052e-05	5.842851e-04	6.021703e-04	-1.736576e-03	-1.245747e-10	1.376344e-14	1.245609e-10	-1.388729e-14	-1.788520e-05	1.866084e-05	-1.129406e-03	1.128630e-03
3.496813884703442e-01	5.000000e+00	4.929305e+00	4.999811e+00	4.999811e+00	4.415715e+00	-4.999811e-06	4.999811e-06	2.366052e-05	5.842851e-04	6.021703e-04	-1.736576e-03	-1.249806e-10	-1.375022e-14	1.249943e-10	1.485967e-14	-1.788520e-05	1.866084e-05	-1.129406e-03	1.128630e-03
3.506579509703442e-01	5.000000e+00	4.929305e+00	4.999811e+00	4.999811e+00	4.415715e+00	-4.999811e-06	4.999811e-06	2.366052e-05	5.842851e-04	6.021703e-04	-1.736576e-03	-1.245748e-10	1.373774e-14	1.245610e-10	-1.388731e-14	-1.788520e-05	1.866084e-05	-1.129406e-03	1.128630e-03
3.516345134703442e-01	5.000000e+00	4.929305e+00	4.999811e+00	4.999811e+00	4.415715e+00	-4.999811e-06	4.999811e-06	2.366052e-05	5.842851e-04	6.021703e-04	-1.736576e-03	-1.249805e-10	-1.372600e-14	1.249942e-10	1.382347e-14	-1.788520e-05	1.866084e-05	-1.129406e-03	1.128630e-03
3.526110759703442e-01	5.000000e+00	4.929305e+00	4.999811e+00	4.999811e+00	4.415715e+00	-4.999811e-06	4.999811e-06	2.366052e-05	5.842851e-04	6.021703e-04	-1.736576e-03	-1.245749e-10	1.371451e-14	1.245611e-10	-1.285112e-14	-1.788520e-05	1.866084e-05	-1.129406e-03	1.128630e-03
3.535876384703442e-01	5.000000e+00	4.929305e+00	4.999811e+00	4.999811e+00	4.415715e+00	-4.999811e-06	4.999811e-06	2.366052e-05	5.842851e-04	6.021703e-04	-1.736576e-03	-1.249804e-10	-1.370331e-14	1.249941e-10	1.382353e-14	-1.788520e-05	1.866084e-05	-1.129406e-03	1.128630e-03
3.545642009703442e-01	5.000000e+00	4.929305e+00	4.999811e+00	4.999811e+00	4.415715e+00	-4.999811e-06	4.999811e-06	2.366052e-05	5.842851e-04	6.021703e-04	-1.736576e-03	-1.245749e-10	1.369165e-14	1.245613e-10	-1.368015e-14	-1.788520e-05	1.866084e-05	-1.129406e-03	1.128630e-03
3.555407634703442e-01	5.000000e+00	4.929305e+00	4.999811e+00	4.999811e+00	4.415715e+00	-4.999811e-06	4.999811e-06	2.366052e-05	5.842851e-04	6.021703e-04	-1.736576e-03	-1.249803e-10	-1.368032e-14	1.249940e-10	1.382357e-14	-1.788520e-05	1.866084e-05	-1.129406e-03	1.128630e-03
3.565173259703442e-01	5.000000e+00	4.929305e+00	4.999811e+00	4.999811e+00	4.415715e+00	-4.999811e-06	4.999811e-06	2.366052e-05	5.842851e-04	6.021703e-04	-1.736576e-03	-1.245750e-10	1.367048e-14	1.245614e-10	-1.264400e-14	-1.788520e-05	1.866084e-05	-1.129406e-03	1.128630e-03
3.574938884703442e-01	5.000000e+00	4.929305e+00	4.999811e+00	4.999811e+00	4.415715e+00	-4.999811e-06	4.999811e-06	2.366052e-05	5.842851e-04	6.021703e-04	-1.736576e-03	-1.249802e-10	-1.365904e-14	1.249939e-10	1.485983e-14	-1.788520e-05	1.866084e-05	-1.129406e-03	1.128630e-03
3.584704509703442e-01	5.000000e+00	4.929305e+00	4.999811e+00	4.999811e+00	4.415715e+00	-4.999811e-06	4.999811e-06	2.366052e-05	5.842851e-04	6.021703e-04	-1.736576e-03	-1.245751e-10	1.364962e-14	1.245615e-10	-1.285129e-14	-1.788520e-05	1.866084e-05	-1.129406e-03	1.128630e-03
3.594470134703442e-01	5.000000e+00	4.929305e+00	4.999811e+00	4.999811e+00	4.415715e+00	-4.999811e-06	4.999811e-06	2.366052e-05	5.842851e-04	6.021703e-04	-1.736576e-03	-1.249801e-10	-1.363982e-14	1.249938e-10	1.423810e-14	-1.788520e-05	1.866084e-05	-1.129406e-03	1.128630e-03
3.604235759703442e-01	5.000000e+00	4.929305e+00	4.999811e+00	4.999811e+00	4.415715e+00	-4.999811e-06	4.999811e-06	2.366052e-05	5.842851e-04	6.021703e-04	-1.736576e-03	-1.245752e-10	1.362702e-14	1.245616e-10	-1.285135e-14	-1.788520e-05	1.866084e-05	-1.129406e-03	1.128630e-03
3.614001384703442e-01	5.000000e+00	4.929305e+00	4.999811e+00	4.999811e+00	4.415715e+00	-4.999811e-06	4.999811e-06	2.366052e-05	5.842851e-04	6.021703e-04	-1.736576e-03	-1.249800e-10	-1.361548e-14	1.249937e-10	1.403097e-14	-1.788520e-05	1.866084e-05	-1.129406e-03	1.128630e-03
3.623767009703442e-01	5.000000e+00	4.929305e+00	4.999811e+00	4.999811e+00	4.415715e+00	-4.999811e-06	4.999811e-06	2.366052e-05	5.842851e-04	6.021703e-04	-1.736576e-03	-1.245753e-10	1.360512e-14	1.245617e-10	-1.305863e-14	-1.788520e-05	1.866084e-05	-1.129406e-03	1.128630e-03
3.633532634703442e-01	5.000000e+00	4.929305e+00	4.999811e+00	4.999811e+00	4.415715e+00	-4.999811e-06	4.999811e-06	2.366052e-05	5.842851e-04	6.021703e-04	-1.736576e-03	-1.249800e-10	-1.359463e-14	1.249935e-10	1.340925e-14	-1.788520e-05	1.866084e-05	-1.129406e-03	1.128630e-03
3.643298259703442e-01	5.000000e+00	4.929305e+00	4.999811e+00	4.999811e+00	4.415715e+00	-4.999811e-06	4.999811e-06	2.366052e-05	5.842851e-04	6.021703e-04	-1.736576e-03	-1.245754e-10	1.358304e-14	1.245618e-10	-1.326588e-14	-1.788520e-05	1.866084e-05	-1.129406e-03	1.128630e-03
3.653063884703442e-01	5.000000e+00	4.929305e+00	4.999811e+00	4.999811e+00	4.415715e+00	-4.999811e-06	4.999811e-06	2.366052e-05	5.842851e-04	6.021703e-04	-1.736576e-03	-1.249799e-10	-1.357220e-14	1.249934e-10	1.423822e-14	-1.788520e-05	1.866084e-05	-1.129406e-03	1.128630e-03
3.662829509703442e-01	5.000000e+00	4.929305e+00	4.999811e+00	4.999811e+00	4.415715e+00	-4.999811e-06	4.999811e-06	2.366052e-05	5.842851e-04	6.021703e-04	-1.736576e-03	-1.245755e-10	1.356319e-14	1.245619e-10	-1.264415e-14	-1.788520e-05	1.866084e-05	-1.129406e-03	1.128630e-03
3.672595134703442e-01	5.000000e+00	4.929305e+00	4.999811e+00	4.999811e+00	4.415715e+00	-4.999811e-06	4.999811e-06	2.366052e-05	5.842851e-04	6.021703e-04	-1.736576e-03	-1.249798e-10	-1.355410e-14	1.249933e-10	1.382380e-14	-1.788520e-05	1.866084e-05	-1.129406e-03	1.128630e-03
3.682360759703442e-01	5.000000e+00	4.929305e+00	4.999811e+00	4.999811e+00	4.415715e+00	-4.999811e-06	4.999811e-06	2.366052e-05	5.842851e-04	6.021703e-04	-1.736576e-03	-1.245756e-10	1.354645e-14	1.245620e-10	-1.368044e-14	-1.788520e-05	1.866084e-05	-1.129406e-03	1.128630e-03
3.692126384703442e-01	5.000000e+00	4.929305e+00	4.999811e+00	4.999811e+00	4.415715e+00	-4.999811e-06	4.999811e-06	2.366052e-05	5.842851e-04	6.021703e-04	-1.736576e-03	-1.249797e-10	-1.353849e-14	1.249932e-10	1.423831e-14	-1.788520e-05	1.866084e-05	-1.129406e-03	1.128630e-03
3.701892009703442e-01	5.000000e+00	4.929305e+00	4.999811e+00	4.999811e+00	4.415715e+00	-4.999811e-06	4.999811e-06	2.366052e-05	5.842851e-04	6.021703e-04	-1.736576e-03	-1.245757e-10	1.352962e-14	1.245622e-10	-1.368045e-14	-1.788520e-05	1.866084e-05	-1.129406e-03	1.128630e-03
3.711657634703442e-01	5.000000e+00	4.929305e+00	4.999811e+00	4.999811e+00	4.415715e+00	-4.999811e-06	4.999811e-06	2.366052e-05	5.842851e-04	6.021703e-04	-1.736576e-03	-1.249796e-10	-1.352112e-14	1.249931e-10	1.403109e-14	-1.788520e-05	1.866084e-05	-1.129406e-03	1.128630e-03
3.721423259703442e-01	5.000000e+00	4.929305e+00	4.999811e+00	4.999811e+00	4.415715e+00	-4.999811e-06	4.999811e-06	2.366052e-05	5.842851e-04	6.021703e-04	-1.736576e-03	-1.245758e-10	1.350950e-14	1.245623e-10	-1.388776e-14	-1.788520e-05	1.866084e-05	-1.129406e-03	1.128630e-03
3.731188884703442e-01	5.000000e+00	4.929305e+00	4.999811e+00	4.999811e+00	4.415715e+00	-4.999811e-06	4.999811e-06	2.366052e-05	5.842851e-04	6.021703e-04	-1.736576e-03	-1.249795e-10	-1.349831e-14	1.249930e-10	1.361665e-14	-1.788520e-05	1.866084e-05	-1.129406e-03	1.128630e-03
3.740954509703442e-01	5.000000e+00	4.929305e+00	4.999811e+00	4.999811e+00	4.415715e+00	-4.999811e-06	4.999811e-06	2.366052e-05	5.842851e-04	6.021703e-04	-1.736576e-03	-1.245759e-10	1.348843e-14	1.245624e-10	-1.388775e-14	-1.788520e-05	1.866084e-05	-1.129406e-03	1.128630e-03
3.750720134703442e-01	5.000000e+00	4.929305e+00	4.999811e+00	4.999811e+00	4.415715e+00	-4.999811e-06	4.999811e-06	2.366052e-05	5.842851e-04	6.021703e-04	-1.736576e-03	-1.249794e-10	-1.347975e-14	1.249929e-10	1.382396e-14	-1.788520e-05	1.866084e-05	-1.129406e-03	1.128630e-03
3.760485759703442e-01	5.000000e+00	4.929305e+00	4.999811e+00	4.999811e+00	4.415715e+00	-4.999811e-06	4.999811e-06	2.366052e-05	5.842851e-04	6.021703e-04	-1.736576e-03	-1.245759e-10	1.347182e-14	1.245625e-10	-1.305888e-14	-1.788520e-05	1.866084e-05	-1.129406e-03	1.128630e-03
3.770251384703442e-01	5.000000e+00	4.929305e+00	4.999811e+00	4.999811e+00	4.415715e+00	-4.999811e-06	4.999811e-06	2.366052e-05	5.842851e-04	6.021703e-04	-1.736576e-03	-1.249793e-10	-1.346297e-14	1.249928e-10	1.444573e-14	-1.788520e-05	1.866084e-05	-1.129406e-03	1.128630e-03
3.780017009703442e-01	5.000000e+00	4.929305e+00	4.999811e+00	4.999811e+00	4.415715e+00	-4.999811e-06	4.999811e-06	2.366052e-05	5.842851e-04	6.021703e-04	-1.736576e-03	-1.245760e-10	1.345431e-14	1.245626e-10	-1.305892e-14	-1.788520e-05	1.866084e-05	-1.129406e-03	1.128630e-03
3.789782634703442e-01	5.000000e+00	4.929305e+00	4.999811e+00	4.999811e+00	4.415715e+00	-4.999811e-06	4.999811e-06	2.366052e-05	5.842851e-04	6.021703e-04	-1.736576e-03	-1.249792e-10	-1.344458e-14	1.249927e-10	1.299509e-14	-1.788520e-05	1.866084e-05	-1.129406e-03	1.128630e-03
3.799548259703442e-01	5.000000e+00	4.929305e+00	4.999811e+00	4.999811e+00	4.415715e+00	-4.999811e-06	4.999811e-06	2.366052e-05	5.842851e-04	6.021703e-04	-1.736576e-03	-1.245761e-10	1.343463e-14	1.245627e-10	-1.347336e-14	-1.788520e-05	1.866084e-05	-1.129406e-03	1.128630e-03
3.809313884703442e-01	5.000000e+00	4.929305e+00	4.999811e+00	4.999811e+00	4.415715e+00	-4.999811e-06	4.999811e-06	2.366052e-05	5.842851e-04	6.021703e-04	-1.736576e-03	-1.249791e-10	-1.342467e-14	1.249926e-10	1.423859e-14	-1.788520e-05	1.866084e-05	-1.129406e-03	1.128630e-03
3.819079509703442e-01	5.000000e+00	4.929305e+00	4.999811e+00	4.999811e+00	4.415715e+00	-4.999811e-06	4.999811e-06	2.366052e-05	5.842851e-04	6.021703e-04	-1.736576e-03	-1.245762e-10	1.341628e-14	1.245628e-10	-1.223002e-14	-1.788520e-05	1.866084e-05	-1.129406e-03	1.128630e-03
3.828845134703442e-01	5.000000e+00	4.929305e+00	4.999811e+00	4.999811e+00	4.415715e+00	-4.999811e-06	4.999811e-06	2.366052e-05	5.842851e-04	6.021703e-04	-1.736576e-03	-1.249790e-10	-1.340807e-14	1.249924e-10	1.320236e-14	-1.788520e-05	1.866084e-05	-1.129406e-03	1.128630e-03
3.838610759703442e-01	5.000000e+00	4.929305e+00	4.999811e+00	4.999811e+00	4.415715e+00	-4.999811e-06	4.999811e-06	2.366052e-05	5.842851e-04	6.021703e-04	-1.736576e-03	-1.245763e-10	1.339953e-14	1.245629e-10	-1.347350e-14	-1.788520e-05	1.866084e-05	-1.129406e-03	1.128630e-03
3.848376384703442e-01	5.000000e+00	4.929305e+00	4.999811e+00	4.999811e+00	4.415715e+00	-4.999811e-06	4.999811e-06	2.366052e-05	5.842851e-04	6.021703e-04	-1.736576e-03	-1.249789e-10	-1.339193e-14	1.249923e-10	1.320242e-14	-1.788520e-05	1.866084e-05	-1.129406e-03	1.128630e-03
3.858142009703442e-01	5.000000e+00	4.929305e+00	4.999811e+00	4.999811e+00	4.415715e+00	-4.999811e-06	4.999811e-06	2.366052e-05	5.842851e-04	6.021703e-04	-1.736576e-03	-1.245764e-10	1.338298e-14	1.245630e-10	-1.305904e-14	-1.788520e-05	1.866084e-05	-1.129406e-03	1.128630e-03
3.867907634703442e-01	5.000000e+00	4.929305e+00	4.999811e+00	4.999811e+00	4.415715e+00	-4.999811e-06	4.999811e-06	2.366052e-05	5.842851e-04	6.021703e-04	-1.736576e-03	-1.249789e-10	-1.337389e-14	1.249922e-10	1.403139e-14	-1.788520e-05	1.866084e-05	-1.129406e-03	1.128630e-03
3.877673259703442e-01	5.000000e+00	4.929305e+00	4.999811e+00	4.999811e+00	4.415715e+00	-4.999811e-06	4.999811e-06	2.366052e-05	5.842851e-04	6.021703e-04	-1.736576e-03	-1.245765e-10	1.336511e-14	1.245631e-10	-1.243738e-14	-1.788520e-05	1.866084e-05	-1.129406e-03	1.128630e-03
3.887438884703442e-01	5.000000e+00	4.929305e+00	4.999811e+00	4.999811e+00	4.415715e+00	-4.999811e-06	4.999811e-06	2.366052e-05	5.842851e-04	6.021703e-04	-1.736576e-03	-1.249788e-10	-1.335783e-14	1.249921e-10	1.361697e-14	-1.788520e-05	1.866084e-05	-1.129406e-03	1.128630e-03
3.897204509703442e-01	5.000000e+00	4.929305e+00	4.999811e+00	4.999811e+00	4.415715e+00	-4.999811e-06	4.999811e-06	2.366052e-05	5.842851e-04	6.021703e-04	-1.736576e-03	-1.245766e-10	1.334947e-14	1.245632e-10	-1.264464e-14	-1.788520e-05	1.866084e-05	-1.129406e-03	1.128630e-03
3.906970134703442e-01	5.000000e+00	4.929305e+00	4.999811e+00	4.999811e+00	4.415715e+00	-4.999811e-06	4.999811e-06	2.366052e-05	5.842851e-04	6.021703e-04	-1.736576e-03	-1.249787e-10	-1.334008e-14	1.249920e-10	1.382426e-14	-1.788520e-05	1.866084e-05	-1.129406e-03	1.128630e-03
3.916735759703442e-01	5.000000e+00	4.929305e+00	4.999811e+00	4.999811e+00	4.415715e+00	-4.999811e-06	4.999811e-06	2.366052e-05	5.842851e-04	6.021703e-04	-1.736576e-03	-1.245767e-10	1.333100e-14	1.245633e-10	-1.347355e-14	-1.788520e-05	1.866084e-05	-1.129406e-03	1.128630e-03
3.926501384703442e-01	5.000000e+00	4.929305e+00	4.999811e+00	4.999811e+00	4.415715e+00	-4.999811e-06	4.999811e-06	2.366052e-05	5.842851e-04	6.021703e-04	-1.736576e-03	-1.249786e-10	-1.332279e-14	1.249919e-10	1.382425e-14	-1.788520e-05	1.866084e-05	-1.129406e-03	1.128630e-03
3.936267009703442e-01	5.000000e+00	4.929305e+00	4.999811e+00	4.999811e+00	4.415715e+00	-4.999811e-06	4.999811e-06	2.366052e-05	5.842851e-04	6.021703e-04	-1.736576e-03	-1.245768e-10	1.331609e-14	1.245635e-10	-1.285195e-14	-1.788520e-05	1.866084e-05	-1.129406e-03	1.128630e-03
3.946032634703442e-01	5.000000e+00	4.929305e+00	4.999811e+00	4.999811e+00	4.415715e+00	-4.999811e-06	4.999811e-06	2.366052e-05	5.842851e-04	6.021703e-04	-1.736576e-03	-1.249785e-10	-1.330615e-14	1.249918e-10	1.382433e-14	-1.788520e-05	1.866084e-05	-1.129406e-03	1.128630e-03
3.955798259703442e-01	5.000000e+00	4.929305e+00	4.999811e+00	4.999811e+00	4.415715e+00	-4.999811e-06	4.999811e-06	2.366052e-05	5.842851e-04	6.021703e-04	-1.736576e-03	-1.245769e-10	1.329771e-14	1.245636e-10	-1.285197e-14	-1.788520e-05	1.866084e-05	-1.129406e-03	1.128630e-03
3.965563884703442e-01	5.000000e+00	4.929305e+00	4.999811e+00	4.999811e+00	4.415715e+00	-4.999811e-06	4.999811e-06	2.366052e-05	5.842851e-04	6.021703e-04	-1.736576e-03	-1.249784e-10	-1.329065e-14	1.249917e-10	1.382436e-14	-1.788520e-05	1.866084e-05	-1.129406e-03	1.128630e-03
3.975329509703442e-01	5.000000e+00	4.929305e+00	4.999811e+00	4.999811e+00	4.415715e+00	-4.999811e-06	4.999811e-06	2.366052e-05	5.842851e-04	6.021703e-04	-1.736576e-03	-1.245769e-10	1.328099e-14	1.245637e-10	-1.347370e-14	-1.788520e-05	1.866084e-05	-1.129406e-03	1.128630e-03
3.985095134703442e-01	5.000000e+00	4.929305e+00	4.999811e+00	4.999811e+00	4.415715e+00	-4.999811e-06	4.999811e-06	2.366052e-05	5.842851e-04	6.021703e-04	-1.736576e-03	-1.249783e-10	-1.327352e-14	1.249916e-10	1.382441e-14	-1.788520e-05	1.866084e-05	-1.129406e-03	1.128630e-03
3.994860759703442e-01	5.000000e+00	4.929305e+00	4.999811e+00	4.999811e+00	4.415715e+00	-4.999811e-06	4.999811e-06	2.366052e-05	5.842851e-04	6.021703e-04	-1.736576e-03	-1.245770e-10	1.326660e-14	1.245638e-10	-1.305934e-14	-1.788520e-05	1.866084e-05	-1.129406e-03	1.128630e-03
4.004626384703442e-01	5.000000e+00	4.929305e+00	4.999811e+00	4.999811e+00	4.415715e+00	-4.999811e-06	4.999811e-06	2.366052e-05	5.842851e-04	6.021703e-04	-1.736576e-03	-1.249782e-10	-1.325880e-14	1.249915e-10	1.382447e-14	-1.788520e-05	1.866084e-05	-1.129406e-03	1.128630e-03
4.014392009703442e-01	5.000000e+00	4.929305e+00	4.999811e+00	4.999811e+00	4.415715e+00	-4.999811e-06	4.999811e-06	2.366052e-05	5.842851e-04	6.021703e-04	-1.736576e-03	-1.245771e-10	1.325181e-14	1.245639e-10	-1.243762e-14	-1.788520e-05	1.866084e-05	-1.129406e-03	1.128630e-03
4.024157634703442e-01	5.000000e+00	4.929305e+00	4.999811e+00	4.999811e+00	4.415715e+00	-4.999811e-06	4.999811e-06	2.366052e-05	5.842851e-04	6.021703e-04	-1.736576e-03	-1.249781e-10	-1.324226e-14	1.249914e-10	1.423897e-14	-1.788520e-05	1.866084e-05	-1.129406e-03	1.128630e-03
4.033923259703442e-01	5.000000e+00	4.929305e+00	4.999811e+00	4.999811e+00	4.415715e+00	-4.999811e-06	4.999811e-06	2.366052e-05	5.842851e-04	6.021703e-04	-1.736576e-03	-1.245772e-10	1.323189e-14	1.245640e-10	-1.223041e-14	-1.788520e-05	1.866084e-05	-1.129406e-03	1.128630e-03
4.043688884703442e-01	5.000000e+00	4.929305e+00	4.999811e+00	4.999811e+00	4.415715e+00	-4.999811e-06	4.999811e-06	2.366052e-05	5.842851e-04	6.021703e-04	-1.736576e-03	-1.249780e-10	-1.322455e-14	1.249913e-10	1.382449e-14	-1.788520e-05	1.866084e-05	-1.129406e-03	1.128630e-03
4.053454509703442e-01	5.000000e+00	4.929305e+00	4.999811e+00	4.999811e+00	4.415715e+00	-4.999811e-06	4.999811e-06	2.366052e-05	5.842851e-04	6.021703e-04	-1.736576e-03	-1.245773e-10	1.321751e-14	1.245641e-10	-1.243770e-14	-1.788520e-05	1.866084e-05	-1.129406e-03	1.128630e-03
4.063220134703442e-01	5.000000e+00	4.929305e+00	4.999811e+00	4.999811e+00	4.415715e+00	-4.999811e-06	4.999811e-06	2.366052e-05	5.842851e-04	6.021703e-04	-1.736576e-03	-1.249779e-10	-1.320780e-14	1.249912e-10	1.403180e-14	-1.788520e-05	1.866084e-05	-1.129406e-03	1.128630e-03
4.072985759703442e-01	5.000000e+00	4.929305e+00	4.999811e+00	4.999811e+00	4.415715e+00	-4.999811e-06	4.999811e-06	2.366052e-05	5.842851e-04	6.021703e-04	-1.736576e-03	-1.245774e-10	1.319877e-14	1.245642e-10	-1.243771e-14	-1.788520e-05	1.866084e-05	-1.129406e-03	1.128630e-03
4.082751384703442e-01	5.000000e+00	4.929305e+00	4.999811e+00	4.999811e+00	4.415715e+00	-4.999811e-06	4.999811e-06	2.366052e-05	5.842851e-04	6.021703e-04	-1.736576e-03	-1.249779e-10	-1.319143e-14	1.249910e-10	1.361735e-14	-1.788520e-05	1.866084e-05	-1.129406e-03	1.128630e-03
4.092517009703442e-01	5.000000e+00	4.929305e+00	4.999811e+00	4.999811e+00	4.415715e+00	-4.999811e-06	4.999811e-06	2.366052e-05	5.842851e-04	6.021703e-04	-1.736576e-03	-1.245775e-10	1.318541e-14	1.245643e-10	-1.223050e-14	-1.788520e-05	1.866084e-05	-1.129406e-03	1.128630e-03
4.102282634703442e-01	5.000000e+00	4.929305e+00	4.999811e+00	4.999811e+00	4.415715e+00	-4.999811e-06	4.999811e-06	2.366052e-05	5.842851e-04	6.021703e-04	-1.736576e-03	-1.249778e-10	-1.317723e-14	1.249909e-10	1.382459e-14	-1.788520e-05	1.866084e-05	-1.129406e-03	1.128630e-03
4.112048259703442e-01	5.000000e+00	4.929305e+00	4.999811e+00	4.999811e+00	4.415715e+00	-4.999811e-06	4.999811e-06	2.366052e-05	5.842851e-04	6.021703e-04	-1.736576e-03	-1.245776e-10	1.316580e-14	1.245644e-10	-1.223057e-14	-1.788520e-05	1.866084e-05	-1.129406e-03	1.128630e-03
4.121813884703442e-01	5.000000e+00	4.929305e+00	4.999811e+00	4.999811e+00	4.415715e+00	-4.999811e-06	4.999811e-06	2.366052e-05	5.842851e-04	6.021703e-04	-1.736576e-03	-1.249777e-10	-1.315575e-14	1.249908e-10	1.341017e-14	-1.788520e-05	1.866084e-05	-1.129406e-03	1.128630e-03
4.131579509703442e-01	5.000000e+00	4.929305e+00	4.999811e+00	4.999811e+00	4.415715e+00	-4.999811e-06	4.999811e-06	2.366052e-05	5.842851e-04	6.021703e-04	-1.736576e-03	-1.245777e-10	1.314653e-14	1.245645e-10	-1.264506e-14	-1.788520e-05	1.866084e-05	-1.129406e-03	1.128630e-03
4.141345134703442e-01	5.000000e+00	4.929305e+00	4.999811e+00	4.999811e+00	4.415715e+00	-4.999811e-06	4.999811e-06	2.366052e-05	5.842851e-04	6.021703e-04	-1.736576e-03	-1.249776e-10	-1.313622e-14	1.249907e-10	1.361741e-14	-1.788520e-05	1.866084e-05	-1.129406e-03	1.128630e-03
4.151110759703442e-01	5.000000e+00	4.929305e+00	4.999811e+00	4.999811e+00	4.415715e+00	-4.999811e-06	4.999811e-06	2.366052e-05	5.842851e-04	6.021703e-04	-1.736576e-03	-1.245778e-10	1.312703e-14	1.245646e-10	-1.285233e-14	-1.788520e-05	1.866084e-05	-1.129406e-03	1.128630e-03
4.160876384703442e-01	5.000000e+00	4.929305e+00	4.999811e+00	4.999811e+00	4.415715e+00	-4.999811e-06	4.999811e-06	2.366052e-05	5.842851e-04	6.021703e-04	-1.736576e-03	-1.249775e-10	-1.311890e-14	1.249906e-10	1.299572e-14	-1.788520e-05	1.866084e-05	-1.129406e-03	1.128630e-03
4.170642009703442e-01	5.000000e+00	4.929305e+00	4.999811e+00	4.999811e+00	4.415715e+00	-4.999811e-06	4.999811e-06	2.366052e-05	5.842851e-04	6.021703e-04	-1.736576e-03	-1.245779e-10	1.310974e-14	1.245647e-10	-1.223061e-14	-1.788520e-05	1.866084e-05	-1.129406e-03	1.128630e-03
4.180407634703442e-01	5.000000e+00	4.929305e+00	4.999811e+00	4.999811e+00	4.415715e+00	-4.999811e-06	4.999811e-06	2.366052e-05	5.842851e-04	6.021703e-04	-1.736576e-03	-1.249774e-10	-1.310222e-14	1.249905e-10	1.320305e-14	-1.788520e-05	1.866084e-05	-1.129406e-03	1.128630e-03
4.190173259703442e-01	5.000000e+00	4.929305e+00	4.999811e+00	4.999811e+00	4.415715e+00	-4.999811e-06	4.999811e-06	2.366052e-05	5.842851e-04	6.021703e-04	-1.736576e-03	-1.245779e-10	1.309493e-14	1.245649e-10	-1.202346e-14	-1.788520e-05	1.866084e-05	-1.129406e-03	1.128630e-03
4.199938884703442e-01	5.000000e+00	4.929305e+00	4.999811e+00	4.999811e+00	4.415715e+00	-4.999811e-06	4.999811e-06	2.366052e-05	5.842851e-04	6.021703e-04	-1.736576e-03	-1.249773e-10	-1.308523e-14	1.249904e-10	1.341031e-14	-1.788520e-05	1.866084e-05	-1.129406e-03	1.128630e-03
4.209704509703442e-01	5.000000e+00	4.929305e+00	4.999811e+00	4.999811e+00	4.415715e+00	-4.999811e-06	4.999811e-06	2.366052e-05	5.842851e-04	6.021703e-04	-1.736576e-03	-1.245780e-10	1.307341e-14	1.245650e-10	-1.368140e-14	-1.788520e-05	1.866084e-05	-1.129406e-03	1.128630e-03
4.219470134703442e-01	5.000000e+00	4.929305e+00	4.999811e+00	4.999811e+00	4.415715e+00	-4.999811e-06	4.999811e-06	2.366052e-05	5.842851e-04	6.021703e-04	-1.736576e-03	-1.249772e-10	-1.306464e-14	1.249903e-10	1.341036e-14	-1.788520e-05	1.866084e-05	-1.129406e-03	1.128630e-03
4.229235759703442e-01	5.000000e+00	4.929305e+00	4.999811e+00	4.999811e+00	4.415715e+00	-4.999811e-06	4.999811e-06	2.366052e-05	5.842851e-04	6.021703e-04	-1.736576e-03	-1.245781e-10	1.305807e-14	1.245651e-10	-1.223081e-14	-1.788520e-05	1.866084e-05	-1.129406e-03	1.128630e-03
4.239001384703442e-01	5.000000e+00	4.929305e+00	4.999811e+00	4.999811e+00	4.415715e+00	-4.999811e-06	4.999811e-06	2.366052e-05	5.842851e-04	6.021703e-04	-1.736576e-03	-1.249771e-10	-1.305111e-14	1.249902e-10	1.382487e-14	-1.788520e-05	1.866084e-05	-1.129406e-03	1.128630e-03
4.248767009703442e-01	5.000000e+00	4.929305e+00	4.999811e+00	4.999811e+00	4.415715e+00	-4.999811e-06	4.999811e-06	2.366052e-05	5.842851e-04	6.021703e-04	-1.736576e-03	-1.245782e-10	1.304427e-14	1.245652e-10	-1.305979e-14	-1.788520e-05	1.866084e-05	-1.129406e-03	1.128630e-03
4.258532634703442e-01	5.000000e+00	4.929305e+00	4.999811e+00	4.999811e+00	4.415715e+00	-4.999811e-06	4.999811e-06	2.366052e-05	5.842851e-04	6.021703e-04	-1.736576e-03	-1.249770e-10	-1.303614e-14	1.249901e-10	1.382493e-14	-1.788520e-05	1.866084e-05	-1.129406e-03	1.128630e-03
4.268298259703442e-01	5.000000e+00	4.929305e+00	4.999811e+00	4.999811e+00	4.415715e+00	-4.999811e-06	4.999811e-06	2.366052e-05	5.842851e-04	6.021703e-04	-1.736576e-03	-1.245783e-10	1.302750e-14	1.245653e-10	-1.285260e-14	-1.788520e-05	1.866084e-05	-1.129406e-03	1.128630e-03
4.278063884703442e-01	5.000000e+00	4.929305e+00	4.999811e+00	4.999811e+00	4.415715e+00	-4.999811e-06	4.999811e-06	2.366052e-05	5.842851e-04	6.021703e-04	-1.736576e-03	-1.249770e-10	-1.301954e-14	1.249900e-10	1.299600e-14	-1.788520e-05	1.866084e-05	-1.129406e-03	1.128630e-03
4.287829509703442e-01	5.000000e+00	4.929305e+00	4.999811e+00	4.999811e+00	4.415715e+00	-4.999811e-06	4.999811e-06	2.366052e-05	5.842851e-04	6.021703e-04	-1.736576e-03	-1.245784e-10	1.301010e-14	1.245654e-10	-1.243812e-14	-1.788520e-05	1.866084e-05	-1.129406e-03	1.128630e-03
4.297595134703442e-01	5.000000e+00	4.929305e+00	4.999811e+00	4.999811e+00	4.415715e+00	-4.999811e-06	4.999811e-06	2.366052e-05	5.842851e-04	6.021703e-04	-1.736576e-03	-1.249769e-10	-1.300021e-14	1.249899e-10	1.320324e-14	-1.788520e-05	1.866084e-05	-1.129406e-03	1.128630e-03
4.307360759703442e-01	5.000000e+00	4.929305e+00	4.999811e+00	4.999811e+00	4.415715e+00	-4.999811e-06	4.999811e-06	2.366052e-05	5.842851e-04	6.021703e-04	-1.736576e-03	-1.245785e-10	1.299354e-14	1.245655e-10	-1.264539e-14	-1.788520e-05	1.866084e-05	-1.129406e-03	1.128630e-03
4.317126384703442e-01	5.000000e+00	4.929305e+00	4.999811e+00	4.999811e+00	4.415715e+00	-4.999811e-06	4.999811e-06	2.366052e-05	5.842851e-04	6.021703e-04	-1.736576e-03	-1.249768e-10	-1.298729e-14	1.249898e-10	1.278881e-14	-1.788520e-05	1.866084e-05	-1.129406e-03	1.128630e-03
4.326892009703442e-01	5.000000e+00	4.929305e+00	4.999811e+00	4.999811e+00	4.415715e+00	-4.999811e-06	4.999811e-06	2.366052e-05	5.842851e-04	6.021703e-04	-1.736576e-03	-1.245786e-10	1.298162e-14	1.245656e-10	-1.202372e-14	-1.788520e-05	1.866084e-05	-1.129406e-03	1.128630e-03
4.336657634703442e-01	5.000000e+00	4.929305e+00	4.999811e+00	4.999811e+00	4.415715e+00	-4.999811e-06	4.999811e-06	2.366052e-05	5.842851e-04	6.021703e-04	-1.736576e-03	-1.249767e-10	-1.297536e-14	1.249897e-10	1.278884e-14	-1.788520e-05	1.866084e-05	-1.129406e-03	1.128630e-03
4.346423259703442e-01	5.000000e+00	4.929305e+00	4.999811e+00	4.999811e+00	4.415715e+00	-4.999811e-06	4.999811e-06	2.366052e-05	5.842851e-04	6.021703e-04	-1.736576e-03	-1.245787e-10	1.296801e-14	1.245657e-10	-1.243821e-14	-1.788520e-05	1.866084e-05	-1.129406e-03	1.128630e-03
4.356188884703442e-01	5.000000e+00	4.929305e+00	4.999811e+00	4.999811e+00	4.415715e+00	-4.999811e-06	4.999811e-06	2.366052e-05	5.842851e-04	6.021703e-04	-1.736576e-03	-1.249766e-10	-1.296109e-14	1.249895e-10	1.341061e-14	-1.788520e-05	1.866084e-05	-1.129406e-03	1.128630e-03
4.365954509703442e-01	5.000000e+00	4.929305e+00	4.999811e+00	4.999811e+00	4.415715e+00	-4.999811e-06	4.999811e-06	2.366052e-05	5.842851e-04	6.021703e-04	-1.736576e-03	-1.245788e-10	1.295283e-14	1.245658e-10	-1.223104e-14	-1.788520e-05	1.866084e-05	-1.129406e-03	1.128630e-03
4.375720134703442e-01	5.000000e+00	4.929305e+00	4.999811e+00	4.999811e+00	4.415715e+00	-4.999811e-06	4.999811e-06	2.366052e-05	5.842851e-04	6.021703e-04	-1.736576e-03	-1.249765e-10	-1.294190e-14	1.249894e-10	1.403234e-14	-1.788520e-05	1.866084e-05	-1.129406e-03	1.128630e-03
4.385485759703442e-01	5.000000e+00	4.929305e+00	4.999811e+00	4.999811e+00	4.415715e+00	-4.999811e-06	4.999811e-06	2.366052e-05	5.842851e-04	6.021703e-04	-1.736576e-03	-1.245788e-10	1.293228e-14	1.245659e-10	-1.223105e-14	-1.788520e-05	1.866084e-05	-1.129406e-03	1.128630e-03
4.395251384703442e-01	5.000000e+00	4.929305e+00	4.999811e+00	4.999811e+00	4.415715e+00	-4.999811e-06	4.999811e-06	2.366052e-05	5.842851e-04	6.021703e-04	-1.736576e-03	-1.249764e-10	-1.292366e-14	1.249893e-10	1.299618e-14	-1.788520e-05	1.866084e-05	-1.129406e-03	1.128630e-03
4.405017009703442e-01	5.000000e+00	4.929305e+00	4.999811e+00	4.999811e+00	4.415715e+00	-4.999811e-06	4.999811e-06	2.366052e-05	5.842851e-04	6.021703e-04	-1.736576e-03	-1.245789e-10	1.291439e-14	1.245660e-10	-1.223111e-14	-1.788520e-05	1.866084e-05	-1.129406e-03	1.128630e-03
4.414782634703442e-01	5.000000e+00	4.929305e+00	4.999811e+00	4.999811e+00	4.415715e+00	-4.999811e-06	4.999811e-06	2.366052e-05	5.842851e-04	6.021703e-04	-1.736576e-03	-1.249763e-10	-1.290758e-14	1.249892e-10	1.320344e-14	-1.788520e-05	1.866084e-05	-1.129406e-03	1.128630e-03
4.424548259703442e-01	5.000000e+00	4.929305e+00	4.999811e+00	4.999811e+00	4.415715e+00	-4.999811e-06	4.999811e-06	2.366052e-05	5.842851e-04	6.021703e-04	-1.736576e-03	-1.245790e-10	1.290076e-14	1.245661e-10	-1.223110e-14	-1.788520e-05	1.866084e-05	-1.129406e-03	1.128630e-03
4.434313884703442e-01	5.000000e+00	4.929305e+00	4.999811e+00	4.999811e+00	4.415715e+00	-4.999811e-06	4.999811e-06	2.366052e-05	5.842851e-04	6.021703e-04	-1.736576e-03	-1.249762e-10	-1.289191e-14	1.249891e-10	1.403252e-14	-1.788520e-05	1.866084e-05	-1.129406e-03	1.128630e-03
4.444079509703442e-01	5.000000e+00	4.929305e+00	4.999811e+00	4.999811e+00	4.415715e+00	-4.999811e-06	4.999811e-06	2.366052e-05	5.842851e-04	6.021703e-04	-1.736576e-03	-1.245791e-10	1.288527e-14	1.245662e-10	-1.306008e-14	-1.788520e-05	1.866084e-05	-1.129406e-03	1.128630e-03
4.453845134703442e-01	5.000000e+00	4.929305e+00	4.999811e+00	4.999811e+00	4.415715e+00	-4.999811e-06	4.999811e-06	2.366052e-05	5.842851e-04	6.021703e-04	-1.736576e-03	-1.249761e-10	-1.287753e-14	1.249890e-10	1.341083e-14	-1.788520e-05	1.866084e-05	-1.129406e-03	1.128630e-03
4.463610759703442e-01	5.000000e+00	4.929305e+00	4.999811e+00	4.999811e+00	4.415715e+00	-4.999811e-06	4.999811e-06	2.366052e-05	5.842851e-04	6.021703e-04	-1.736576e-03	-1.245792e-10	1.286782e-14	1.245663e-10	-1.202397e-14	-1.788520e-05	1.866084e-05	-1.129406e-03	1.128630e-03
4.473376384703442e-01	5.000000e+00	4.929305e+00	4.999811e+00	4.999811e+00	4.415715e+00	-4.999811e-06	4.999811e-06	2.366052e-05	5.842851e-04	6.021703e-04	-1.736576e-03	-1.249761e-10	-1.285986e-14	1.249889e-10	1.320358e-14	-1.788520e-05	1.866084e-05	-1.129406e-03	1.128630e-03
4.483142009703442e-01	5.000000e+00	4.929305e+00	4.999811e+00	4.999811e+00	4.415715e+00	-4.999811e-06	4.999811e-06	2.366052e-05	5.842851e-04	6.021703e-04	-1.736576e-03	-1.245793e-10	1.285259e-14	1.245665e-10	-1.306021e-14	-1.788520e-05	1.866084e-05	-1.129406e-03	1.128630e-03
4.492907634703442e-01	5.000000e+00	4.929305e+00	4.999811e+00	4.999811e+00	4.415715e+00	-4.999811e-06	4.999811e-06	2.366052e-05	5.842851e-04	6.021703e-04	-1.736576e-03	-1.249760e-10	-1.284359e-14	1.249888e-10	1.341082e-14	-1.788520e-05	1.866084e-05	-1.129406e-03	1.128630e-03
4.502673259703442e-01	5.000000e+00	4.929305e+00	4.999811e+00	4.999811e+00	4.415715e+00	-4.999811e-06	4.999811e-06	2.366052e-05	5.842851e-04	6.021703e-04	-1.736576e-03	-1.245794e-10	1.283502e-14	1.245666e-10	-1.202400e-14	-1.788520e-05	1.866084e-05	-1.129406e-03	1.128630e-03
4.512438884703442e-01	5.000000e+00	4.929305e+00	4.999811e+00	4.999811e+00	4.415715e+00	-4.999811e-06	4.999811e-06	2.366052e-05	5.842851e-04	6.021703e-04	-1.736576e-03	-1.249759e-10	-1.282872e-14	1.249887e-10	1.299644e-14	-1.788520e-05	1.866084e-05	-1.129406e-03	1.128630e-03
4.522204509703442e-01	5.000000e+00	4.929305e+00	4.999811e+00	4.999811e+00	4.415715e+00	-4.999811e-06	4.999811e-06	2.366052e-05	5.842851e-04	6.021703e-04	-1.736576e-03	-1.245795e-10	1.282012e-14	1.245667e-10	-1.223129e-14	-1.788520e-05	1.866084e-05	-1.129406e-03	1.128630e-03
4.531970134703442e-01	5.000000e+00	4.929305e+00	4.999811e+00	4.999811e+00	4.415715e+00	-4.999811e-06	4.999811e-06	2.366052e-05	5.842851e-04	6.021703e-04	-1.736576e-03	-1.249758e-10	-1.280962e-14	1.249886e-10	1.341092e-14	-1.788520e-05	1.866084e-05	-1.129406e-03	1.128630e-03
4.541735759703442e-01	5.000000e+00	4.929305e+00	4.999811e+00	4.999811e+00	4.415715e+00	-4.999811e-06	4.999811e-06	2.366052e-05	5.842851e-04	6.021703e-04	-1.736576e-03	-1.245796e-10	1.280019e-14	1.245668e-10	-1.202413e-14	-1.788520e-05	1.866084e-05	-1.129406e-03	1.128630e-03
4.551501384703442e-01	5.000000e+00	4.929305e+00	4.999811e+00	4.999811e+00	4.415715e+00	-4.999811e-06	4.999811e-06	2.366052e-05	5.842851e-04	6.021703e-04	-1.736576e-03	-1.249757e-10	-1.279270e-14	1.249885e-10	1.237475e-14	-1.788520e-05	1.866084e-05	-1.129406e-03	1.128630e-03
4.561267009703442e-01	5.000000e+00	4.929305e+00	4.999811e+00	4.999811e+00	4.415715e+00	-4.999811e-06	4.999811e-06	2.366052e-05	5.842851e-04	6.021703e-04	-1.736576e-03	-1.245797e-10	1.278597e-14	1.245669e-10	-1.285310e-14	-1.788520e-05	1.866084e-05	-1.129406e-03	1.128630e-03
4.571032634703442e-01	5.000000e+00	4.929305e+00	4.999811e+00	4.999811e+00	4.415715e+00	-4.999811e-06	4.999811e-06	2.366052e-05	5.842851e-04	6.021703e-04	-1.736576e-03	-1.249756e-10	-1.277859e-14	1.249884e-10	1.341104e-14	-1.788520e-05	1.866084e-05	-1.129406e-03	1.128630e-03
4.580798259703442e-01	5.000000e+00	4.929305e+00	4.999811e+00	4.999811e+00	4.415715e+00	-4.999811e-06	4.999811e-06	2.366052e-05	5.842851e-04	6.021703e-04	-1.736576e-03	-1.245797e-10	1.277074e-14	1.245670e-10	-1.223141e-14	-1.788520e-05	1.866084e-05	-1.129406e-03	1.128630e-03
4.590563884703442e-01	5.000000e+00	4.929305e+00	4.999811e+00	4.999811e+00	4.415715e+00	-4.999811e-06	4.999811e-06	2.366052e-05	5.842851e-04	6.021703e-04	-1.736576e-03	-1.249755e-10	-1.276270e-14	1.249883e-10	1.299654e-14	-1.788520e-05	1.866084e-05	-1.129406e-03	1.128630e-03
4.600329509703442e-01	5.000000e+00	4.929305e+00	4.999811e+00	4.999811e+00	4.415715e+00	-4.999811e-06	4.999811e-06	2.366052e-05	5.842851e-04	6.021703e-04	-1.736576e-03	-1.245798e-10	1.275635e-14	1.245671e-10	-1.285319e-14	-1.788520e-05	1.866084e-05	-1.129406e-03	1.128630e-03
4.610095134703442e-01	5.000000e+00	4.929305e+00	4.999811e+00	4.999811e+00	4.415715e+00	-4.999811e-06	4.999811e-06	2.366052e-05	5.842851e-04	6.021703e-04	-1.736576e-03	-1.249754e-10	-1.274935e-14	1.249882e-10	1.299658e-14	-1.788520e-05	1.866084e-05	-1.129406e-03	1.128630e-03
4.619860759703442e-01	5.000000e+00	4.929305e+00	4.999811e+00	4.999811e+00	4.415715e+00	-4.999811e-06	4.999811e-06	2.366052e-05	5.842851e-04	6.021703e-04	-1.736576e-03	-1.245799e-10	1.274108e-14	1.245672e-10	-1.285324e-14	-1.788520e-05	1.866084e-05	-1.129406e-03	1.128630e-03
4.629626384703442e-01	5.000000e+00	4.929305e+00	4.999811e+00	4.999811e+00	4.415715e+00	-4.999811e-06	4.999811e-06	2.366052e-05	5.842851e-04	6.021703e-04	-1.736576e-03	-1.249753e-10	-1.273274e-14	1.249881e-10	1.299662e-14	-1.788520e-05	1.866084e-05	-1.129406e-03	1.128630e-03
4.639392009703442e-01	5.000000e+00	4.929305e+00	4.999811e+00	4.999811e+00	4.415715e+00	-4.999811e-06	4.999811e-06	2.366052e-05	5.842851e-04	6.021703e-04	-1.736576e-03	-1.245800e-10	1.272318e-14	1.245673e-10	-1.243875e-14	-1.788520e-05	1.866084e-05	-1.129406e-03	1.128630e-03
4.649157634703442e-01	5.000000e+00	4.929305e+00	4.999811e+00	4.999811e+00	4.415715e+00	-4.999811e-06	4.999811e-06	2.366052e-05	5.842851e-04	6.021703e-04	-1.736576e-03	-1.249752e-10	-1.271399e-14	1.249880e-10	1.320390e-14	-1.788520e-05	1.866084e-05	-1.129406e-03	1.128630e-03
4.658923259703442e-01	5.000000e+00	4.929305e+00	4.999811e+00	4.999811e+00	4.415715e+00	-4.999811e-06	4.999811e-06	2.366052e-05	5.842851e-04	6.021703e-04	-1.736576e-03	-1.245801e-10	1.270340e-14	1.245674e-10	-1.285329e-14	-1.788520e-05	1.866084e-05	-1.129406e-03	1.128630e-03
4.668688884703442e-01	5.000000e+00	4.929305e+00	4.999811e+00	4.999811e+00	4.415715e+00	-4.999811e-06	4.999811e-06	2.366052e-05	5.842851e-04	6.021703e-04	-1.736576e-03	-1.249752e-10	-1.269184e-14	1.249879e-10	1.196051e-14	-1.788520e-05	1.866084e-05	-1.129406e-03	1.128630e-03
4.678454509703442e-01	5.000000e+00	4.929305e+00	4.999811e+00	4.999811e+00	4.415715e+00	-4.999811e-06	4.999811e-06	2.366052e-05	5.842851e-04	6.021703e-04	-1.736576e-03	-1.245802e-10	1.268305e-14	1.245675e-10	-1.160984e-14	-1.788520e-05	1.866084e-05	-1.129406e-03	1.128630e-03
4.688220134703442e-01	5.000000e+00	4.929305e+00	4.999811e+00	4.999811e+00	4.415715e+00	-4.999811e-06	4.999811e-06	2.366052e-05	5.842851e-04	6.021703e-04	-1.736576e-03	-1.249751e-10	-1.267571e-14	1.249877e-10	1.299671e-14	-1.788520e-05	1.866084e-05	-1.129406e-03	1.128630e-03
4.697985759703442e-01	5.000000e+00	4.929305e+00	4.999811e+00	4.999811e+00	4.415715e+00	-4.999811e-06	4.999811e-06	2.366052e-05	5.842851e-04	6.021703e-04	-1.736576e-03	-1.245803e-10	1.266829e-14	1.245676e-10	-1.202433e-14	-1.788520e-05	1.866084e-05	-1.129406e-03	1.128630e-03
4.707751384703442e-01	5.000000e+00	4.929305e+00	4.999811e+00	4.999811e+00	4.415715e+00	-4.999811e-06	4.999811e-06	2.366052e-05	5.842851e-04	6.021703e-04	-1.736576e-03	-1.249750e-10	-1.266085e-14	1.249876e-10	1.299682e-14	-1.788520e-05	1.866084e-05	-1.129406e-03	1.128630e-03
4.717517009703442e-01	5.000000e+00	4.929305e+00	4.999811e+00	4.999811e+00	4.415715e+00	-4.999811e-06	4.999811e-06	2.366052e-05	5.842851e-04	6.021703e-04	-1.736576e-03	-1.245804e-10	1.265308e-14	1.245677e-10	-1.223164e-14	-1.788520e-05	1.866084e-05	-1.129406e-03	1.128630e-03
4.727282634703442e-01	5.000000e+00	4.929305e+00	4.999811e+00	4.999811e+00	4.415715e+00	-4.999811e-06	4.999811e-06	2.366052e-05	5.842851e-04	6.021703e-04	-1.736576e-03	-1.249749e-10	-1.264665e-14	1.249875e-10	1.299687e-14	-1.788520e-05	1.866084e-05	-1.129406e-03	1.128630e-03
4.737048259703442e-01	5.000000e+00	4.929305e+00	4.999811e+00	4.999811e+00	4.415715e+00	-4.999811e-06	4.999811e-06	2.366052e-05	5.842851e-04	6.021703e-04	-1.736576e-03	-1.245805e-10	1.264146e-14	1.245678e-10	-1.223174e-14	-1.788520e-05	1.866084e-05	-1.129406e-03	1.128630e-03
4.746813884703442e-01	5.000000e+00	4.929305e+00	4.999811e+00	4.999811e+00	4.415715e+00	-4.999811e-06	4.999811e-06	2.366052e-05	5.842851e-04	6.021703e-04	-1.736576e-03	-1.249748e-10	-1.263461e-14	1.249874e-10	1.278962e-14	-1.788520e-05	1.866084e-05	-1.129406e-03	1.128630e-03
4.756579509703442e-01	5.000000e+00	4.929305e+00	4.999811e+00	4.999811e+00	4.415715e+00	-4.999811e-06	4.999811e-06	2.366052e-05	5.842851e-04	6.021703e-04	-1.736576e-03	-1.245806e-10	1.262764e-14	1.245679e-10	-1.264626e-14	-1.788520e-05	1.866084e-05	-1.129406e-03	1.128630e-03
4.766345134703442e-01	5.000000e+00	4.929305e+00	4.999811e+00	4.999811e+00	4.415715e+00	-4.999811e-06	4.999811e-06	2.366052e-05	5.842851e-04	6.021703e-04	-1.736576e-03	-1.249747e-10	-1.262096e-14	1.249873e-10	1.341141e-14	-1.788520e-05	1.866084e-05	-1.129406e-03	1.128630e-03
4.776110759703442e-01	5.000000e+00	4.929305e+00	4.999811e+00	4.999811e+00	4.415715e+00	-4.999811e-06	4.999811e-06	2.366052e-05	5.842851e-04	6.021703e-04	-1.736576e-03	-1.245807e-10	1.261287e-14	1.245680e-10	-1.223177e-14	-1.788520e-05	1.866084e-05	-1.129406e-03	1.128630e-03
4.785876384703442e-01	5.000000e+00	4.929305e+00	4.999811e+00	4.999811e+00	4.415715e+00	-4.999811e-06	4.999811e-06	2.366052e-05	5.842851e-04	6.021703e-04	-1.736576e-03	-1.249746e-10	-1.260496e-14	1.249872e-10	1.382586e-14	-1.788520e-05	1.866084e-05	-1.129406e-03	1.128630e-03
4.795642009703442e-01	5.000000e+00	4.929305e+00	4.999811e+00	4.999811e+00	4.415715e+00	-4.999811e-06	4.999811e-06	2.366052e-05	5.842851e-04	6.021703e-04	-1.736576e-03	-1.245807e-10	1.259831e-14	1.245681e-10	-1.243908e-14	-1.788520e-05	1.866084e-05	-1.129406e-03	1.128630e-03
4.805407634703442e-01	5.000000e+00	4.929305e+00	4.999811e+00	4.999811e+00	4.415715e+00	-4.999811e-06	4.999811e-06	2.366052e-05	5.842851e-04	6.021703e-04	-1.736576e-03	-1.249745e-10	-1.259239e-14	1.249871e-10	1.258247e-14	-1.788520e-05	1.866084e-05	-1.129406e-03	1.128630e-03
4.815173259703442e-01	5.000000e+00	4.929305e+00	4.999811e+00	4.999811e+00	4.415715e+00	-4.999811e-06	4.999811e-06	2.366052e-05	5.842851e-04	6.021703e-04	-1.736576e-03	-1.245808e-10	1.258654e-14	1.245682e-10	-1.223185e-14	-1.788520e-05	1.866084e-05	-1.129406e-03	1.128630e-03
4.824938884703442e-01	5.000000e+00	4.929305e+00	4.999811e+00	4.999811e+00	4.415715e+00	-4.999811e-06	4.999811e-06	2.366052e-05	5.842851e-04	6.021703e-04	-1.736576e-03	-1.249744e-10	-1.258112e-14	1.249870e-10	1.341146e-14	-1.788520e-05	1.866084e-05	-1.129406e-03	1.128630e-03
4.834704509703442e-01	5.000000e+00	4.929305e+00	4.999811e+00	4.999811e+00	4.415715e+00	-4.999811e-06	4.999811e-06	2.366052e-05	5.842851e-04	6.021703e-04	-1.736576e-03	-1.245809e-10	1.257461e-14	1.245683e-10	-1.202468e-14	-1.788520e-05	1.866084e-05	-1.129406e-03	1.128630e-03
4.844470134703442e-01	5.000000e+00	4.929305e+00	4.999811e+00	4.999811e+00	4.415715e+00	-4.999811e-06	4.999811e-06	2.366052e-05	5.842851e-04	6.021703e-04	-1.736576e-03	-1.249744e-10	-1.256700e-14	1.249869e-10	1.320426e-14	-1.788520e-05	1.866084e-05	-1.129406e-03	1.128630e-03
4.854235759703442e-01	5.000000e+00	4.929305e+00	4.999811e+00	4.999811e+00	4.415715e+00	-4.999811e-06	4.999811e-06	2.366052e-05	5.842851e-04	6.021703e-04	-1.736576e-03	-1.245810e-10	1.255927e-14	1.245684e-10	-1.181744e-14	-1.788520e-05	1.866084e-05	-1.129406e-03	1.128630e-03
4.864001384703442e-01	5.000000e+00	4.929305e+00	4.999811e+00	4.999811e+00	4.415715e+00	-4.999811e-06	4.999811e-06	2.366052e-05	5.842851e-04	6.021703e-04	-1.736576e-03	-1.249743e-10	-1.255121e-14	1.249868e-10	1.320432e-14	-1.788520e-05	1.866084e-05	-1.129406e-03	1.128630e-03
4.873767009703442e-01	5.000000e+00	4.929305e+00	4.999811e+00	4.999811e+00	4.415715e+00	-4.999811e-06	4.999811e-06	2.366052e-05	5.842851e-04	6.021703e-04	-1.736576e-03	-1.245811e-10	1.254390e-14	1.245685e-10	-1.243918e-14	-1.788520e-05	1.866084e-05	-1.129406e-03	1.128630e-03
4.883532634703442e-01	5.000000e+00	4.929305e+00	4.999811e+00	4.999811e+00	4.415715e+00	-4.999811e-06	4.999811e-06	2.366052e-05	5.842851e-04	6.021703e-04	-1.736576e-03	-1.249742e-10	-1.253751e-14	1.249867e-10	1.299711e-14	-1.788520e-05	1.866084e-05	-1.129406e-03	1.128630e-03
4.893298259703442e-01	5.000000e+00	4.929305e+00	4.999811e+00	4.999811e+00	4.415715e+00	-4.999811e-06	4.999811e-06	2.366052e-05	5.842851e-04	6.021703e-04	-1.736576e-03	-1.245812e-10	1.253111e-14	1.245686e-10	-1.223203e-14	-1.788520e-05	1.866084e-05	-1.129406e-03	1.128630e-03
4.903063884703442e-01	5.000000e+00	4.929305e+00	4.999811e+00	4.999811e+00	4.415715e+00	-4.999811e-06	4.999811e-06	2.366052e-05	5.842851e-04	6.021703e-04	-1.736576e-03	-1.249741e-10	-1.252622e-14	1.249866e-10	1.258263e-14	-1.788520e-05	1.866084e-05	-1.129406e-03	1.128630e-03
4.912829509703442e-01	5.000000e+00	4.929305e+00	4.999811e+00	4.999811e+00	4.415715e+00	-4.999811e-06	4.999811e-06	2.366052e-05	5.842851e-04	6.021703e-04	-1.736576e-03	-1.245813e-10	1.252220e-14	1.245687e-10	-1.223205e-14	-1.788520e-05	1.866084e-05	-1.129406e-03	1.128630e-03
4.922595134703442e-01	5.000000e+00	4.929305e+00	4.999811e+00	4.999811e+00	4.415715e+00	-4.999811e-06	4.999811e-06	2.366052e-05	5.842851e-04	6.021703e-04	-1.736576e-03	-1.249740e-10	-1.251786e-14	1.249865e-10	1.216823e-14	-1.788520e-05	1.866084e-05	-1.129406e-03	1.128630e-03
4.932360759703442e-01	5.000000e+00	4.929305e+00	4.999811e+00	4.999811e+00	4.415715e+00	-4.999811e-06	4.999811e-06	2.366052e-05	5.842851e-04	6.021703e-04	-1.736576e-03	-1.245814e-10	1.251123e-14	1.245689e-10	-1.181760e-14	-1.788520e-05	1.866084e-05	-1.129406e-03	1.128630e-03
4.942126384703442e-01	5.000000e+00	4.929305e+00	4.999811e+00	4.999811e+00	4.415715e+00	-4.999811e-06	4.999811e-06	2.366052e-05	5.842851e-04	6.021703e-04	-1.736576e-03	-1.249739e-10	-1.250426e-14	1.249864e-10	1.299719e-14	-1.788520e-05	1.866084e-05	-1.129406e-03	1.128630e-03
4.951892009703442e-01	5.000000e+00	4.929305e+00	4.999811e+00	4.999811e+00	4.415715e+00	-4.999811e-06	4.999811e-06	2.366052e-05	5.842851e-04	6.021703e-04	-1.736576e-03	-1.245815e-10	1.249659e-14	1.245690e-10	-1.285384e-14	-1.788520e-05	1.866084e-05	-1.129406e-03	1.128630e-03
4.961657634703442e-01	5.000000e+00	4.929305e+00	4.999811e+00	4.999811e+00	4.415715e+00	-4.999811e-06	4.999811e-06	2.366052e-05	5.842851e-04	6.021703e-04	-1.736576e-03	-1.249738e-10	-1.248930e-14	1.249863e-10	1.175376e-14	-1.788520e-05	1.866084e-05	-1.129406e-03	1.128630e-03
4.971423259703442e-01	5.000000e+00	4.929305e+00	4.999811e+00	4.999811e+00	4.415715e+00	-4.999811e-06	4.999811e-06	2.366052e-05	5.842851e-04	6.021703e-04	-1.736576e-03	-1.245815e-10	1.248370e-14	1.245691e-10	-1.264662e-14	-1.788520e-05	1.866084e-05	-1.129406e-03	1.128630e-03
4.981188884703442e-01	5.000000e+00	4.929305e+00	4.999811e+00	4.999811e+00	4.415715e+00	-4.999811e-06	4.999811e-06	2.366052e-05	5.842851e-04	6.021703e-04	-1.736576e-03	-1.249737e-10	-1.247606e-14	1.249862e-10	1.237555e-14	-1.788520e-05	1.866084e-05	-1.129406e-03	1.128630e-03
4.990954509703442e-01	5.000000e+00	4.929305e+00	4.999811e+00	4.999811e+00	4.415715e+00	-4.999811e-06	4.999811e-06	2.366052e-05	5.842851e-04	6.021703e-04	-1.736576e-03	-1.245816e-10	1.246783e-14	1.245692e-10	-1.161045e-14	-1.788520e-05	1.866084e-05	-1.129406e-03	1.128630e-03
5.000720134703442e-01	5.000000e+00	4.929305e+00	4.999811e+00	4.999811e+00	4.415715e+00	-4.999811e-06	4.999811e-06	2.366052e-05	5.842851e-04	6.021703e-04	-1.736576e-03	-1.249736e-10	-1.245895e-14	1.249861e-10	1.299727e-14	-1.788520e-05	1.866084e-05	-1.129406e-03	1.128630e-03
5.010485759703442e-01	5.000000e+00	4.929305e+00	4.999811e+00	4.999811e+00	4.415715e+00	-4.999811e-06	4.999811e-06	2.366052e-05	5.842851e-04	6.021703e-04	-1.736576e-03	-1.245817e-10	1.245025e-14	1.245693e-10	-1.140323e-14	-1.788520e-05	1.866084e-05	-1.129406e-03	1.128630e-03
5.020251384703442e-01	5.000000e+00	4.929305e+00	4.999811e+00	4.999811e+00	4.415715e+00	-4.999811e-06	4.999811e-06	2.366052e-05	5.842851e-04	6.021703e-04	-1.736576e-03	-1.249735e-10	-1.244345e-14	1.249860e-10	1.196111e-14	-1.788520e-05	1.866084e-05	-1.129406e-03	1.128630e-03
5.030017009703442e-01	5.000000e+00	4.929305e+00	4.999811e+00	4.999811e+00	4.415715e+00	-4.999811e-06	4.999811e-06	2.366052e-05	5.842851e-04	6.021703e-04	-1.736576e-03	-1.245818e-10	1.243568e-14	1.245694e-10	-1.202500e-14	-1.788520e-05	1.866084e-05	-1.129406e-03	1.128630e-03
5.039782634703442e-01	5.000000e+00	4.929305e+00	4.999811e+00	4.999811e+00	4.415715e+00	-4.999811e-06	4.999811e-06	2.366052e-05	5.842851e-04	6.021703e-04	-1.736576e-03	-1.249735e-10	-1.242801e-14	1.249859e-10	1.258290e-14	-1.788520e-05	1.866084e-05	-1.129406e-03	1.128630e-03
5.049548259703442e-01	5.000000e+00	4.929305e+00	4.999811e+00	4.999811e+00	4.415715e+00	-4.999811e-06	4.999811e-06	2.366052e-05	5.842851e-04	6.021703e-04	-1.736576e-03	-1.245819e-10	1.242282e-14	1.245695e-10	-1.223226e-14	-1.788520e-05	1.866084e-05	-1.129406e-03	1.128630e-03
5.059313884703442e-01	5.000000e+00	4.929305e+00	4.999811e+00	4.999811e+00	4.415715e+00	-4.999811e-06	4.999811e-06	2.366052e-05	5.842851e-04	6.021703e-04	-1.736576e-03	-1.249734e-10	-1.241585e-14	1.249858e-10	1.237567e-14	-1.788520e-05	1.866084e-05	-1.129406e-03	1.128630e-03
5.069079509703442e-01	5.000000e+00	4.929305e+00	4.999811e+00	4.999811e+00	4.415715e+00	-4.999811e-06	4.999811e-06	2.366052e-05	5.842851e-04	6.021703e-04	-1.736576e-03	-1.245820e-10	1.240728e-14	1.245696e-10	-1.181782e-14	-1.788520e-05	1.866084e-05	-1.129406e-03	1.128630e-03
5.078845134703442e-01	5.000000e+00	4.929305e+00	4.999811e+00	4.999811e+00	4.415715e+00	-4.999811e-06	4.999811e-06	2.366052e-05	5.842851e-04	6.021703e-04	-1.736576e-03	-1.249733e-10	-1.240153e-14	1.249857e-10	1.299743e-14	-1.788520e-05	1.866084e-05	-1.129406e-03	1.128630e-03
5.088610759703442e-01	5.000000e+00	4.929305e+00	4.999811e+00	4.999811e+00	4.415715e+00	-4.999811e-06	4.999811e-06	2.366052e-05	5.842851e-04	6.021703e-04	-1.736576e-03	-1.245821e-10	1.239616e-14	1.245697e-10	-1.161060e-14	-1.788520e-05	1.866084e-05	-1.129406e-03	1.128630e-03
5.098376384703442e-01	5.000000e+00	4.929305e+00	4.999811e+00	4.999811e+00	4.415715e+00	-4.999811e-06	4.999811e-06	2.366052e-05	5.842851e-04	6.021703e-04	-1.736576e-03	-1.249732e-10	-1.238945e-14	1.249856e-10	1.279022e-14	-1.788520e-05	1.866084e-05	-1.129406e-03	1.128630e-03
5.108142009703442e-01	5.000000e+00	4.929305e+00	4.999811e+00	4.999811e+00	4.415715e+00	-4.999811e-06	4.999811e-06	2.366052e-05	5.842851e-04	6.021703e-04	-1.736576e-03	-1.245822e-10	1.238170e-14	1.245698e-10	-1.243961e-14	-1.788520e-05	1.866084e-05	-1.129406e-03	1.128630e-03
5.117907634703442e-01	5.000000e+00	4.929305e+00	4.999811e+00	4.999811e+00	4.415715e+00	-4.999811e-06	4.999811e-06	2.366052e-05	5.842851e-04	6.021703e-04	-1.736576e-03	-1.249731e-10	-1.237357e-14	1.249855e-10	1.196128e-14	-1.788520e-05	1.866084e-05	-1.129406e-03	1.128630e-03
5.127673259703442e-01	5.000000e+00	4.929305e+00	4.999811e+00	4.999811e+00	4.415715e+00	-4.999811e-06	4.999811e-06	2.366052e-05	5.842851e-04	6.021703e-04	-1.736576e-03	-1.245822e-10	1.236612e-14	1.245699e-10	-1.223242e-14	-1.788520e-05	1.866084e-05	-1.129406e-03	1.128630e-03
5.137438884703442e-01	5.000000e+00	4.929305e+00	4.999811e+00	4.999811e+00	4.415715e+00	-4.999811e-06	4.999811e-06	2.366052e-05	5.842851e-04	6.021703e-04	-1.736576e-03	-1.249730e-10	-1.235751e-14	1.249854e-10	1.320480e-14	-1.788520e-05	1.866084e-05	-1.129406e-03	1.128630e-03
5.147204509703442e-01	5.000000e+00	4.929305e+00	4.999811e+00	4.999811e+00	4.415715e+00	-4.999811e-06	4.999811e-06	2.366052e-05	5.842851e-04	6.021703e-04	-1.736576e-03	-1.245823e-10	1.235048e-14	1.245700e-10	-1.202523e-14	-1.788520e-05	1.866084e-05	-1.129406e-03	1.128630e-03
5.156970134703442e-01	5.000000e+00	4.929305e+00	4.999811e+00	4.999811e+00	4.415715e+00	-4.999811e-06	4.999811e-06	2.366052e-05	5.842851e-04	6.021703e-04	-1.736576e-03	-1.249729e-10	-1.234269e-14	1.249853e-10	1.258310e-14	-1.788520e-05	1.866084e-05	-1.129406e-03	1.128630e-03
5.166735759703442e-01	5.000000e+00	4.929305e+00	4.999811e+00	4.999811e+00	4.415715e+00	-4.999811e-06	4.999811e-06	2.366052e-05	5.842851e-04	6.021703e-04	-1.736576e-03	-1.245824e-10	1.233500e-14	1.245701e-10	-1.181802e-14	-1.788520e-05	1.866084e-05	-1.129406e-03	1.128630e-03
5.176501384703442e-01	5.000000e+00	4.929305e+00	4.999811e+00	4.999811e+00	4.415715e+00	-4.999811e-06	4.999811e-06	2.366052e-05	5.842851e-04	6.021703e-04	-1.736576e-03	-1.249728e-10	-1.232990e-14	1.249852e-10	1.216867e-14	-1.788520e-05	1.866084e-05	-1.129406e-03	1.128630e-03
5.186267009703442e-01	5.000000e+00	4.929305e+00	4.999811e+00	4.999811e+00	4.415715e+00	-4.999811e-06	4.999811e-06	2.366052e-05	5.842851e-04	6.021703e-04	-1.736576e-03	-1.245825e-10	1.232371e-14	1.245702e-10	-1.202527e-14	-1.788520e-05	1.866084e-05	-1.129406e-03	1.128630e-03
5.196032634703442e-01	5.000000e+00	4.929305e+00	4.999811e+00	4.999811e+00	4.415715e+00	-4.999811e-06	4.999811e-06	2.366052e-05	5.842851e-04	6.021703e-04	-1.736576e-03	-1.249727e-10	-1.231928e-14	1.249851e-10	1.237591e-14	-1.788520e-05	1.866084e-05	-1.129406e-03	1.128630e-03
5.205798259703442e-01	5.000000e+00	4.929305e+00	4.999811e+00	4.999811e+00	4.415715e+00	-4.999811e-06	4.999811e-06	2.366052e-05	5.842851e-04	6.021703e-04	-1.736576e-03	-1.245826e-10	1.231446e-14	1.245703e-10	-1.264698e-14	-1.788520e-05	1.866084e-05	-1.129406e-03	1.128630e-03
5.215563884703442e-01	5.000000e+00	4.929305e+00	4.999811e+00	4.999811e+00	4.415715e+00	-4.999811e-06	4.999811e-06	2.366052e-05	5.842851e-04	6.021703e-04	-1.736576e-03	-1.249727e-10	-1.230798e-14	1.249850e-10	1.237596e-14	-1.788520e-05	1.866084e-05	-1.129406e-03	1.128630e-03
5.225329509703442e-01	5.000000e+00	4.929305e+00	4.999811e+00	4.999811e+00	4.415715e+00	-4.999811e-06	4.999811e-06	2.366052e-05	5.842851e-04	6.021703e-04	-1.736576e-03	-1.245827e-10	1.230130e-14	1.245704e-10	-1.202537e-14	-1.788520e-05	1.866084e-05	-1.129406e-03	1.128630e-03
5.235095134703442e-01	5.000000e+00	4.929305e+00	4.999811e+00	4.999811e+00	4.415715e+00	-4.999811e-06	4.999811e-06	2.366052e-05	5.842851e-04	6.021703e-04	-1.736576e-03	-1.249726e-10	-1.229231e-14	1.249849e-10	1.279051e-14	-1.788520e-05	1.866084e-05	-1.129406e-03	1.128630e-03
5.244860759703442e-01	5.000000e+00	4.929305e+00	4.999811e+00	4.999811e+00	4.415715e+00	-4.999811e-06	4.999811e-06	2.366052e-05	5.842851e-04	6.021703e-04	-1.736576e-03	-1.245828e-10	1.228250e-14	1.245705e-10	-1.202539e-14	-1.788520e-05	1.866084e-05	-1.129406e-03	1.128630e-03
5.254626384703442e-01	5.000000e+00	4.929305e+00	4.999811e+00	4.999811e+00	4.415715e+00	-4.999811e-06	4.999811e-06	2.366052e-05	5.842851e-04	6.021703e-04	-1.736576e-03	-1.249725e-10	-1.227262e-14	1.249848e-10	1.279051e-14	-1.788520e-05	1.866084e-05	-1.129406e-03	1.128630e-03
5.264392009703442e-01	5.000000e+00	4.929305e+00	4.999811e+00	4.999811e+00	4.415715e+00	-4.999811e-06	4.999811e-06	2.366052e-05	5.842851e-04	6.021703e-04	-1.736576e-03	-1.245829e-10	1.226462e-14	1.245706e-10	-1.098921e-14	-1.788520e-05	1.866084e-05	-1.129406e-03	1.128630e-03
5.274157634703442e-01	5.000000e+00	4.929305e+00	4.999811e+00	4.999811e+00	4.415715e+00	-4.999811e-06	4.999811e-06	2.366052e-05	5.842851e-04	6.021703e-04	-1.736576e-03	-1.249724e-10	-1.225851e-14	1.249846e-10	1.258333e-14	-1.788520e-05	1.866084e-05	-1.129406e-03	1.128630e-03
5.283923259703442e-01	5.000000e+00	4.929305e+00	4.999811e+00	4.999811e+00	4.415715e+00	-4.999811e-06	4.999811e-06	2.366052e-05	5.842851e-04	6.021703e-04	-1.736576e-03	-1.245830e-10	1.225251e-14	1.245707e-10	-1.161097e-14	-1.788520e-05	1.866084e-05	-1.129406e-03	1.128630e-03
5.293688884703442e-01	5.000000e+00	4.929305e+00	4.999811e+00	4.999811e+00	4.415715e+00	-4.999811e-06	4.999811e-06	2.366052e-05	5.842851e-04	6.021703e-04	-1.736576e-03	-1.249723e-10	-1.224651e-14	1.249846e-10	1.196161e-14	-1.788520e-05	1.866084e-05	-1.129406e-03	1.128630e-03
5.303454509703442e-01	5.000000e+00	4.929305e+00	4.999811e+00	4.999811e+00	4.415715e+00	-4.999811e-06	4.999811e-06	2.366052e-05	5.842851e-04	6.021703e-04	-1.736576e-03	-1.245831e-10	1.224258e-14	1.245708e-10	-1.223272e-14	-1.788520e-05	1.866084e-05	-1.129406e-03	1.128630e-03
5.313220134703442e-01	5.000000e+00	4.929305e+00	4.999811e+00	4.999811e+00	4.415715e+00	-4.999811e-06	4.999811e-06	2.366052e-05	5.842851e-04	6.021703e-04	-1.736576e-03	-1.249722e-10	-1.223978e-14	1.249845e-10	1.196166e-14	-1.788520e-05	1.866084e-05	-1.129406e-03	1.128630e-03
5.322985759703442e-01	5.000000e+00	4.929305e+00	4.999811e+00	4.999811e+00	4.415715e+00	-4.999811e-06	4.999811e-06	2.366052e-05	5.842851e-04	6.021703e-04	-1.736576e-03	-1.245831e-10	1.223462e-14	1.245709e-10	-1.181830e-14	-1.788520e-05	1.866084e-05	-1.129406e-03	1.128630e-03
5.332751384703442e-01	5.000000e+00	4.929305e+00	4.999811e+00	4.999811e+00	4.415715e+00	-4.999811e-06	4.999811e-06	2.366052e-05	5.842851e-04	6.021703e-04	-1.736576e-03	-1.249721e-10	-1.222831e-14	1.249844e-10	1.299788e-14	-1.788520e-05	1.866084e-05	-1.129406e-03	1.128630e-03
5.342517009703442e-01	5.000000e+00	4.929305e+00	4.999811e+00	4.999811e+00	4.415715e+00	-4.999811e-06	4.999811e-06	2.366052e-05	5.842851e-04	6.021703e-04	-1.736576e-03	-1.245832e-10	1.222047e-14	1.245710e-10	-1.202555e-14	-1.788520e-05	1.866084e-05	-1.129406e-03	1.128630e-03
5.352282634703442e-01	5.000000e+00	4.929305e+00	4.999811e+00	4.999811e+00	4.415715e+00	-4.999811e-06	4.999811e-06	2.366052e-05	5.842851e-04	6.021703e-04	-1.736576e-03	-1.249720e-10	-1.221211e-14	1.249842e-10	1.299790e-14	-1.788520e-05	1.866084e-05	-1.129406e-03	1.128630e-03
5.362048259703442e-01	5.000000e+00	4.929305e+00	4.999811e+00	4.999811e+00	4.415715e+00	-4.999811e-06	4.999811e-06	2.366052e-05	5.842851e-04	6.021703e-04	-1.736576e-03	-1.245833e-10	1.220627e-14	1.245711e-10	-1.181836e-14	-1.788520e-05	1.866084e-05	-1.129406e-03	1.128630e-03
5.371813884703442e-01	5.000000e+00	4.929305e+00	4.999811e+00	4.999811e+00	4.415715e+00	-4.999811e-06	4.999811e-06	2.366052e-05	5.842851e-04	6.021703e-04	-1.736576e-03	-1.249719e-10	-1.220048e-14	1.249841e-10	1.216900e-14	-1.788520e-05	1.866084e-05	-1.129406e-03	1.128630e-03
5.381579509703442e-01	5.000000e+00	4.929305e+00	4.999811e+00	4.999811e+00	4.415715e+00	-4.999811e-06	4.999811e-06	2.366052e-05	5.842851e-04	6.021703e-04	-1.736576e-03	-1.245834e-10	1.219366e-14	1.245712e-10	-1.181836e-14	-1.788520e-05	1.866084e-05	-1.129406e-03	1.128630e-03
5.391345134703442e-01	5.000000e+00	4.929305e+00	4.999811e+00	4.999811e+00	4.415715e+00	-4.999811e-06	4.999811e-06	2.366052e-05	5.842851e-04	6.021703e-04	-1.736576e-03	-1.249719e-10	-1.218766e-14	1.249841e-10	1.216900e-14	-1.788520e-05	1.866084e-05	-1.129406e-03	1.128630e-03
5.401110759703442e-01	5.000000e+00	4.929305e+00	4.999811e+00	4.999811e+00	4.415715e+00	-4.999811e-06	4.999811e-06	2.366052e-05	5.842851e-04	6.021703e-04	-1.736576e-03	-1.245835e-10	1.218081e-14	1.245713e-10	-1.140392e-14	-1.788520e-05	1.866084e-05	-1.129406e-03	1.128630e-03
5.410876384703442e-01	5.000000e+00	4.929305e+00	4.999811e+00	4.999811e+00	4.415715e+00	-4.999811e-06	4.999811e-06	2.366052e-05	5.842851e-04	6.021703e-04	-1.736576e-03	-1.249718e-10	-1.217358e-14	1.249839e-10	1.279077e-14	-1.788520e-05	1.866084e-05	-1.129406e-03	1.128630e-03
5.420642009703442e-01	5.000000e+00	4.929305e+00	4.999811e+00	4.999811e+00	4.415715e+00	-4.999811e-06	4.999811e-06	2.366052e-05	5.842851e-04	6.021703e-04	-1.736576e-03	-1.245836e-10	1.216780e-14	1.245714e-10	-1.161119e-14	-1.788520e-05	1.866084e-05	-1.129406e-03	1.128630e-03
5.430407634703442e-01	5.000000e+00	4.929305e+00	4.999811e+00	4.999811e+00	4.415715e+00	-4.999811e-06	4.999811e-06	2.366052e-05	5.842851e-04	6.021703e-04	-1.736576e-03	-1.249717e-10	-1.216136e-14	1.249838e-10	1.216905e-14	-1.788520e-05	1.866084e-05	-1.129406e-03	1.128630e-03
5.440173259703442e-01	5.000000e+00	4.929305e+00	4.999811e+00	4.999811e+00	4.415715e+00	-4.999811e-06	4.999811e-06	2.366052e-05	5.842851e-04	6.021703e-04	-1.736576e-03	-1.245837e-10	1.215587e-14	1.245715e-10	-1.202571e-14	-1.788520e-05	1.866084e-05	-1.129406e-03	1.128630e-03
5.449938884703442e-01	5.000000e+00	4.929305e+00	4.999811e+00	4.999811e+00	4.415715e+00	-4.999811e-06	4.999811e-06	2.366052e-05	5.842851e-04	6.021703e-04	-1.736576e-03	-1.249716e-10	-1.215303e-14	1.249837e-10	1.237635e-14	-1.788520e-05	1.866084e-05	-1.129406e-03	1.128630e-03
5.459704509703442e-01	5.000000e+00	4.929305e+00	4.999811e+00	4.999811e+00	4.415715e+00	-4.999811e-06	4.999811e-06	2.366052e-05	5.842851e-04	6.021703e-04	-1.736576e-03	-1.245838e-10	1.214789e-14	1.245716e-10	-1.140397e-14	-1.788520e-05	1.866084e-05	-1.129406e-03	1.128630e-03
5.469470134703442e-01	5.000000e+00	4.929305e+00	4.999811e+00	4.999811e+00	4.415715e+00	-4.999811e-06	4.999811e-06	2.366052e-05	5.842851e-04	6.021703e-04	-1.736576e-03	-1.249715e-10	-1.214261e-14	1.249836e-10	1.154742e-14	-1.788520e-05	1.866084e-05	-1.129406e-03	1.128630e-03
5.479235759703442e-01	5.000000e+00	4.929305e+00	4.999811e+00	4.999811e+00	4.415715e+00	-4.999811e-06	4.999811e-06	2.366052e-05	5.842851e-04	6.021703e-04	-1.736576e-03	-1.245838e-10	1.213700e-14	1.245717e-10	-1.181855e-14	-1.788520e-05	1.866084e-05	-1.129406e-03	1.128630e-03
5.489001384703442e-01	5.000000e+00	4.929305e+00	4.999811e+00	4.999811e+00	4.415715e+00	-4.999811e-06	4.999811e-06	2.366052e-05	5.842851e-04	6.021703e-04	-1.736576e-03	-1.249714e-10	-1.212942e-14	1.249836e-10	1.237643e-14	-1.788520e-05	1.866084e-05	-1.129406e-03	1.128630e-03
5.498767009703442e-01	5.000000e+00	4.929305e+00	4.999811e+00	4.999811e+00	4.415715e+00	-4.999811e-06	4.999811e-06	2.366052e-05	5.842851e-04	6.021703e-04	-1.736576e-03	-1.245839e-10	1.212245e-14	1.245718e-10	-1.202583e-14	-1.788520e-05	1.866084e-05	-1.129406e-03	1.128630e-03
5.508532634703442e-01	5.000000e+00	4.929305e+00	4.999811e+00	4.999811e+00	4.415715e+00	-4.999811e-06	4.999811e-06	2.366052e-05	5.842851e-04	6.021703e-04	-1.736576e-03	-1.249713e-10	-1.211408e-14	1.249834e-10	1.196201e-14	-1.788520e-05	1.866084e-05	-1.129406e-03	1.128630e-03
5.518298259703442e-01	5.000000e+00	4.929305e+00	4.999811e+00	4.999811e+00	4.415715e+00	-4.999811e-06	4.999811e-06	2.366052e-05	5.842851e-04	6.021703e-04	-1.736576e-03	-1.245840e-10	1.210608e-14	1.245719e-10	-1.140415e-14	-1.788520e-05	1.866084e-05	-1.129406e-03	1.128630e-03
5.528063884703442e-01	5.000000e+00	4.929305e+00	4.999811e+00	4.999811e+00	4.415715e+00	-4.999811e-06	4.999811e-06	2.366052e-05	5.842851e-04	6.021703e-04	-1.736576e-03	-1.249712e-10	-1.210080e-14	1.249833e-10	1.320547e-14	-1.788520e-05	1.866084e-05	-1.129406e-03	1.128630e-03
5.537829509703442e-01	5.000000e+00	4.929305e+00	4.999811e+00	4.999811e+00	4.415715e+00	-4.999811e-06	4.999811e-06	2.366052e-05	5.842851e-04	6.021703e-04	-1.736576e-03	-1.245841e-10	1.209507e-14	1.245720e-10	-1.181863e-14	-1.788520e-05	1.866084e-05	-1.129406e-03	1.128630e-03
5.547595134703442e-01	5.000000e+00	4.929305e+00	4.999811e+00	4.999811e+00	4.415715e+00	-4.999811e-06	4.999811e-06	2.366052e-05	5.842851e-04	6.021703e-04	-1.736576e-03	-1.249712e-10	-1.208722e-14	1.249832e-10	1.299826e-14	-1.788520e-05	1.866084e-05	-1.129406e-03	1.128630e-03
5.557360759703442e-01	5.000000e+00	4.929305e+00	4.999811e+00	4.999811e+00	4.415715e+00	-4.999811e-06	4.999811e-06	2.366052e-05	5.842851e-04	6.021703e-04	-1.736576e-03	-1.245842e-10	1.207981e-14	1.245721e-10	-1.202595e-14	-1.788520e-05	1.866084e-05	-1.129406e-03	1.128630e-03
5.567126384703442e-01	5.000000e+00	4.929305e+00	4.999811e+00	4.999811e+00	4.415715e+00	-4.999811e-06	4.999811e-06	2.366052e-05	5.842851e-04	6.021703e-04	-1.736576e-03	-1.249711e-10	-1.207244e-14	1.249831e-10	1.258383e-14	-1.788520e-05	1.866084e-05	-1.129406e-03	1.128630e-03
5.576892009703442e-01	5.000000e+00	4.929305e+00	4.999811e+00	4.999811e+00	4.415715e+00	-4.999811e-06	4.999811e-06	2.366052e-05	5.842851e-04	6.021703e-04	-1.736576e-03	-1.245843e-10	1.206386e-14	1.245722e-10	-1.161152e-14	-1.788520e-05	1.866084e-05	-1.129406e-03	1.128630e-03
5.586657634703442e-01	5.000000e+00	4.929305e+00	4.999811e+00	4.999811e+00	4.415715e+00	-4.999811e-06	4.999811e-06	2.366052e-05	5.842851e-04	6.021703e-04	-1.736576e-03	-1.249710e-10	-1.205704e-14	1.249830e-10	1.216941e-14	-1.788520e-05	1.866084e-05	-1.129406e-03	1.128630e-03
5.596423259703442e-01	5.000000e+00	4.929305e+00	4.999811e+00	4.999811e+00	4.415715e+00	-4.999811e-06	4.999811e-06	2.366052e-05	5.842851e-04	6.021703e-04	-1.736576e-03	-1.245844e-10	1.205122e-14	1.245723e-10	-1.161151e-14	-1.788520e-05	1.866084e-05	-1.129406e-03	1.128630e-03
5.606188884703442e-01	5.000000e+00	4.929305e+00	4.999811e+00	4.999811e+00	4.415715e+00	-4.999811e-06	4.999811e-06	2.366052e-05	5.842851e-04	6.021703e-04	-1.736576e-03	-1.249709e-10	-1.204640e-14	1.249829e-10	1.196215e-14	-1.788520e-05	1.866084e-05	-1.129406e-03	1.128630e-03
5.615954509703442e-01	5.000000e+00	4.929305e+00	4.999811e+00	4.999811e+00	4.415715e+00	-4.999811e-06	4.999811e-06	2.366052e-05	5.842851e-04	6.021703e-04	-1.736576e-03	-1.245845e-10	1.204101e-14	1.245724e-10	-1.161157e-14	-1.788520e-05	1.866084e-05	-1.129406e-03	1.128630e-03
5.625720134703442e-01	5.000000e+00	4.929305e+00	4.999811e+00	4.999811e+00	4.415715e+00	-4.999811e-06	4.999811e-06	2.366052e-05	5.842851e-04	6.021703e-04	-1.736576e-03	-1.249708e-10	-1.203250e-14	1.249828e-10	1.279118e-14	-1.788520e-05	1.866084e-05	-1.129406e-03	1.128630e-03
5.635485759703442e-01	5.000000e+00	4.929305e+00	4.999811e+00	4.999811e+00	4.415715e+00	-4.999811e-06	4.999811e-06	2.366052e-05	5.842851e-04	6.021703e-04	-1.736576e-03	-1.245846e-10	1.202443e-14	1.245725e-10	-1.098988e-14	-1.788520e-05	1.866084e-05	-1.129406e-03	1.128630e-03
5.645251384703442e-01	5.000000e+00	4.929305e+00	4.999811e+00	4.999811e+00	4.415715e+00	-4.999811e-06	4.999811e-06	2.366052e-05	5.842851e-04	6.021703e-04	-1.736576e-03	-1.249707e-10	-1.201804e-14	1.249827e-10	1.258395e-14	-1.788520e-05	1.866084e-05	-1.129406e-03	1.128630e-03
5.655017009703442e-01	5.000000e+00	4.929305e+00	4.999811e+00	4.999811e+00	4.415715e+00	-4.999811e-06	4.999811e-06	2.366052e-05	5.842851e-04	6.021703e-04	-1.736576e-03	-1.245846e-10	1.201469e-14	1.245726e-10	-1.161163e-14	-1.788520e-05	1.866084e-05	-1.129406e-03	1.128630e-03
5.664782634703442e-01	5.000000e+00	4.929305e+00	4.999811e+00	4.999811e+00	4.415715e+00	-4.999811e-06	4.999811e-06	2.366052e-05	5.842851e-04	6.021703e-04	-1.736576e-03	-1.249706e-10	-1.201323e-14	1.249826e-10	1.196226e-14	-1.788520e-05	1.866084e-05	-1.129406e-03	1.128630e-03
5.674548259703442e-01	5.000000e+00	4.929305e+00	4.999811e+00	4.999811e+00	4.415715e+00	-4.999811e-06	4.999811e-06	2.366052e-05	5.842851e-04	6.021703e-04	-1.736576e-03	-1.245847e-10	1.201041e-14	1.245727e-10	-1.140442e-14	-1.788520e-05	1.866084e-05	-1.129406e-03	1.128630e-03
5.684313884703442e-01	5.000000e+00	4.929305e+00	4.999811e+00	4.999811e+00	4.415715e+00	-4.999811e-06	4.999811e-06	2.366052e-05	5.842851e-04	6.021703e-04	-1.736576e-03	-1.249705e-10	-1.200658e-14	1.249825e-10	1.258399e-14	-1.788520e-05	1.866084e-05	-1.129406e-03	1.128630e-03
5.694079509703442e-01	5.000000e+00	4.929305e+00	4.999811e+00	4.999811e+00	4.415715e+00	-4.999811e-06	4.999811e-06	2.366052e-05	5.842851e-04	6.021703e-04	-1.736576e-03	-1.245848e-10	1.199962e-14	1.245728e-10	-1.161168e-14	-1.788520e-05	1.866084e-05	-1.129406e-03	1.128630e-03
5.703845134703442e-01	5.000000e+00	4.929305e+00	4.999811e+00	4.999811e+00	4.415715e+00	-4.999811e-06	4.999811e-06	2.366052e-05	5.842851e-04	6.021703e-04	-1.736576e-03	-1.249705e-10	-1.199120e-14	1.249824e-10	1.258405e-14	-1.788520e-05	1.866084e-05	-1.129406e-03	1.128630e-03
5.713610759703442e-01	5.000000e+00	4.929305e+00	4.999811e+00	4.999811e+00	4.415715e+00	-4.999811e-06	4.999811e-06	2.366052e-05	5.842851e-04	6.021703e-04	-1.736576e-03	-1.245849e-10	1.198346e-14	1.245729e-10	-1.181895e-14	-1.788520e-05	1.866084e-05	-1.129406e-03	1.128630e-03
5.723376384703442e-01	5.000000e+00	4.929305e+00	4.999811e+00	4.999811e+00	4.415715e+00	-4.999811e-06	4.999811e-06	2.366052e-05	5.842851e-04	6.021703e-04	-1.736576e-03	-1.249704e-10	-1.197458e-14	1.249823e-10	1.258408e-14	-1.788520e-05	1.866084e-05	-1.129406e-03	1.128630e-03
5.733142009703442e-01	5.000000e+00	4.929305e+00	4.999811e+00	4.999811e+00	4.415715e+00	-4.999811e-06	4.999811e-06	2.366052e-05	5.842851e-04	6.021703e-04	-1.736576e-03	-1.245850e-10	1.196632e-14	1.245730e-10	-1.119725e-14	-1.788520e-05	1.866084e-05	-1.129406e-03	1.128630e-03
5.742907634703442e-01	5.000000e+00	4.929305e+00	4.999811e+00	4.999811e+00	4.415715e+00	-4.999811e-06	4.999811e-06	2.366052e-05	5.842851e-04	6.021703e-04	-1.736576e-03	-1.249703e-10	-1.196019e-14	1.249822e-10	1.175512e-14	-1.788520e-05	1.866084e-05	-1.129406e-03	1.128630e-03
5.752673259703442e-01	5.000000e+00	4.929305e+00	4.999811e+00	4.999811e+00	4.415715e+00	-4.999811e-06	4.999811e-06	2.366052e-05	5.842851e-04	6.021703e-04	-1.736576e-03	-1.245851e-10	1.195488e-14	1.245731e-10	-1.202628e-14	-1.788520e-05	1.866084e-05	-1.129406e-03	1.128630e-03
5.762438884703442e-01	5.000000e+00	4.929305e+00	4.999811e+00	4.999811e+00	4.415715e+00	-4.999811e-06	4.999811e-06	2.366052e-05	5.842851e-04	6.021703e-04	-1.736576e-03	-1.249702e-10	-1.195140e-14	1.249821e-10	1.196240e-14	-1.788520e-05	1.866084e-05	-1.129406e-03	1.128630e-03
5.772204509703442e-01	5.000000e+00	4.929305e+00	4.999811e+00	4.999811e+00	4.415715e+00	-4.999811e-06	4.999811e-06	2.366052e-05	5.842851e-04	6.021703e-04	-1.736576e-03	-1.245852e-10	1.194853e-14	1.245732e-10	-1.119735e-14	-1.788520e-05	1.866084e-05	-1.129406e-03	1.128630e-03
5.781970134703442e-01	5.000000e+00	4.929305e+00	4.999811e+00	4.999811e+00	4.415715e+00	-4.999811e-06	4.999811e-06	2.366052e-05	5.842851e-04	6.021703e-04	-1.736576e-03	-1.249701e-10	-1.194394e-14	1.249820e-10	1.175522e-14	-1.788520e-05	1.866084e-05	-1.129406e-03	1.128630e-03
5.791735759703442e-01	5.000000e+00	4.929305e+00	4.999811e+00	4.999811e+00	4.415715e+00	-4.999811e-06	4.999811e-06	2.366052e-05	5.842851e-04	6.021703e-04	-1.736576e-03	-1.245853e-10	1.193959e-14	1.245733e-10	-1.119735e-14	-1.788520e-05	1.866084e-05	-1.129406e-03	1.128630e-03
5.801501384703442e-01	5.000000e+00	4.929305e+00	4.999811e+00	4.999811e+00	4.415715e+00	-4.999811e-06	4.999811e-06	2.366052e-05	5.842851e-04	6.021703e-04	-1.736576e-03	-1.249700e-10	-1.193473e-14	1.249819e-10	1.237699e-14	-1.788520e-05	1.866084e-05	-1.129406e-03	1.128630e-03
5.811267009703442e-01	5.000000e+00	4.929305e+00	4.999811e+00	4.999811e+00	4.415715e+00	-4.999811e-06	4.999811e-06	2.366052e-05	5.842851e-04	6.021703e-04	-1.736576e-03	-1.245853e-10	1.192940e-14	1.245734e-10	-1.099015e-14	-1.788520e-05	1.866084e-05	-1.129406e-03	1.128630e-03
5.821032634703442e-01	5.000000e+00	4.929305e+00	4.999811e+00	4.999811e+00	4.415715e+00	-4.999811e-06	4.999811e-06	2.366052e-05	5.842851e-04	6.021703e-04	-1.736576e-03	-1.249699e-10	-1.192363e-14	1.249818e-10	1.175534e-14	-1.788520e-05	1.866084e-05	-1.129406e-03	1.128630e-03
5.830798259703442e-01	5.000000e+00	4.929305e+00	4.999811e+00	4.999811e+00	4.415715e+00	-4.999811e-06	4.999811e-06	2.366052e-05	5.842851e-04	6.021703e-04	-1.736576e-03	-1.245854e-10	1.191721e-14	1.245735e-10	-1.078295e-14	-1.788520e-05	1.866084e-05	-1.129406e-03	1.128630e-03
5.840563884703442e-01	5.000000e+00	4.929305e+00	4.999811e+00	4.999811e+00	4.415715e+00	-4.999811e-06	4.999811e-06	2.366052e-05	5.842851e-04	6.021703e-04	-1.736576e-03	-1.249698e-10	-1.191191e-14	1.249817e-10	1.154806e-14	-1.788520e-05	1.866084e-05	-1.129406e-03	1.128630e-03
5.850329509703442e-01	5.000000e+00	4.929305e+00	4.999811e+00	4.999811e+00	4.415715e+00	-4.999811e-06	4.999811e-06	2.366052e-05	5.842851e-04	6.021703e-04	-1.736576e-03	-1.245855e-10	1.190673e-14	1.245736e-10	-1.181922e-14	-1.788520e-05	1.866084e-05	-1.129406e-03	1.128630e-03
5.860095134703442e-01	5.000000e+00	4.929305e+00	4.999811e+00	4.999811e+00	4.415715e+00	-4.999811e-06	4.999811e-06	2.366052e-05	5.842851e-04	6.021703e-04	-1.736576e-03	-1.249697e-10	-1.190047e-14	1.249817e-10	1.154808e-14	-1.788520e-05	1.866084e-05	-1.129406e-03	1.128630e-03
5.869860759703442e-01	5.000000e+00	4.929305e+00	4.999811e+00	4.999811e+00	4.415715e+00	-4.999811e-06	4.999811e-06	2.366052e-05	5.842851e-04	6.021703e-04	-1.736576e-03	-1.245856e-10	1.189482e-14	1.245737e-10	-1.078296e-14	-1.788520e-05	1.866084e-05	-1.129406e-03	1.128630e-03
5.879626384703442e-01	5.000000e+00	4.929305e+00	4.999811e+00	4.999811e+00	4.415715e+00	-4.999811e-06	4.999811e-06	2.366052e-05	5.842851e-04	6.021703e-04	-1.736576e-03	-1.249697e-10	-1.189144e-14	1.249816e-10	1.175538e-14	-1.788520e-05	1.866084e-05	-1.129406e-03	1.128630e-03
5.889392009703442e-01	5.000000e+00	4.929305e+00	4.999811e+00	4.999811e+00	4.415715e+00	-4.999811e-06	4.999811e-06	2.366052e-05	5.842851e-04	6.021703e-04	-1.736576e-03	-1.245857e-10	1.188717e-14	1.245738e-10	-1.140478e-14	-1.788520e-05	1.866084e-05	-1.129406e-03	1.128630e-03
5.899157634703442e-01	5.000000e+00	4.929305e+00	4.999811e+00	4.999811e+00	4.415715e+00	-4.999811e-06	4.999811e-06	2.366052e-05	5.842851e-04	6.021703e-04	-1.736576e-03	-1.249696e-10	-1.188131e-14	1.249815e-10	1.216988e-14	-1.788520e-05	1.866084e-05	-1.129406e-03	1.128630e-03
5.908923259703442e-01	5.000000e+00	4.929305e+00	4.999811e+00	4.999811e+00	4.415715e+00	-4.999811e-06	4.999811e-06	2.366052e-05	5.842851e-04	6.021703e-04	-1.736576e-03	-1.245858e-10	1.187544e-14	1.245739e-10	-1.099032e-14	-1.788520e-05	1.866084e-05	-1.129406e-03	1.128630e-03
5.918688884703442e-01	5.000000e+00	4.929305e+00	4.999811e+00	4.999811e+00	4.415715e+00	-4.999811e-06	4.999811e-06	2.366052e-05	5.842851e-04	6.021703e-04	-1.736576e-03	-1.249695e-10	-1.187100e-14	1.249814e-10	1.237715e-14	-1.788520e-05	1.866084e-05	-1.129406e-03	1.128630e-03
5.928454509703442e-01	5.000000e+00	4.929305e+00	4.999811e+00	4.999811e+00	4.415715e+00	-4.999811e-06	4.999811e-06	2.366052e-05	5.842851e-04	6.021703e-04	-1.736576e-03	-1.245859e-10	1.186522e-14	1.245740e-10	-1.181933e-14	-1.788520e-05	1.866084e-05	-1.129406e-03	1.128630e-03
5.938220134703442e-01	5.000000e+00	4.929305e+00	4.999811e+00	4.999811e+00	4.415715e+00	-4.999811e-06	4.999811e-06	2.366052e-05	5.842851e-04	6.021703e-04	-1.736576e-03	-1.249694e-10	-1.185752e-14	1.249813e-10	1.237722e-14	-1.788520e-05	1.866084e-05	-1.129406e-03	1.128630e-03
5.947985759703442e-01	5.000000e+00	4.929305e+00	4.999811e+00	4.999811e+00	4.415715e+00	-4.999811e-06	4.999811e-06	2.366052e-05	5.842851e-04	6.021703e-04	-1.736576e-03	-1.245860e-10	1.185158e-14	1.245741e-10	-1.161211e-14	-1.788520e-05	1.866084e-05	-1.129406e-03	1.128630e-03
5.957751384703442e-01	5.000000e+00	4.929305e+00	4.999811e+00	4.999811e+00	4.415715e+00	-4.999811e-06	4.999811e-06	2.366052e-05	5.842851e-04	6.021703e-04	-1.736576e-03	-1.249693e-10	-1.184672e-14	1.249812e-10	1.196273e-14	-1.788520e-05	1.866084e-05	-1.129406e-03	1.128630e-03
5.967517009703442e-01	5.000000e+00	4.929305e+00	4.999811e+00	4.999811e+00	4.415715e+00	-4.999811e-06	4.999811e-06	2.366052e-05	5.842851e-04	6.021703e-04	-1.736576e-03	-1.245860e-10	1.184095e-14	1.245742e-10	-1.119766e-14	-1.788520e-05	1.866084e-05	-1.129406e-03	1.128630e-03
5.977282634703442e-01	5.000000e+00	4.929305e+00	4.999811e+00	4.999811e+00	4.415715e+00	-4.999811e-06	4.999811e-06	2.366052e-05	5.842851e-04	6.021703e-04	-1.736576e-03	-1.249692e-10	-1.183536e-14	1.249811e-10	1.196276e-14	-1.788520e-05	1.866084e-05	-1.129406e-03	1.128630e-03
5.987048259703442e-01	5.000000e+00	4.929305e+00	4.999811e+00	4.999811e+00	4.415715e+00	-4.999811e-06	4.999811e-06	2.366052e-05	5.842851e-04	6.021703e-04	-1.736576e-03	-1.245861e-10	1.182995e-14	1.245743e-10	-1.099044e-14	-1.788520e-05	1.866084e-05	-1.129406e-03	1.128630e-03
5.996813884703442e-01	5.000000e+00	4.929305e+00	4.999811e+00	4.999811e+00	4.415715e+00	-4.999811e-06	4.999811e-06	2.366052e-05	5.842851e-04	6.021703e-04	-1.736576e-03	-1.249691e-10	-1.182313e-14	1.249810e-10	1.175562e-14	-1.788520e-05	1.866084e-05	-1.129406e-03	1.128630e-03
6.006579509703442e-01	5.000000e+00	4.929305e+00	4.999811e+00	4.999811e+00	4.415715e+00	-4.999811e-06	4.999811e-06	2.366052e-05	5.842851e-04	6.021703e-04	-1.736576e-03	-1.245862e-10	1.181859e-14	1.245744e-10	-1.099045e-14	-1.788520e-05	1.866084e-05	-1.129406e-03	1.128630e-03
6.016345134703442e-01	5.000000e+00	4.929305e+00	4.999811e+00	4.999811e+00	4.415715e+00	-4.999811e-06	4.999811e-06	2.366052e-05	5.842851e-04	6.021703e-04	-1.736576e-03	-1.249690e-10	-1.181644e-14	1.249809e-10	1.196286e-14	-1.788520e-05	1.866084e-05	-1.129406e-03	1.128630e-03
6.026110759703442e-01	5.000000e+00	4.929305e+00	4.999811e+00	4.999811e+00	4.415715e+00	-4.999811e-06	4.999811e-06	2.366052e-05	5.842851e-04	6.021703e-04	-1.736576e-03	-1.245863e-10	1.181340e-14	1.245745e-10	-1.119776e-14	-1.788520e-05	1.866084e-05	-1.129406e-03	1.128630e-03
6.035876384703442e-01	5.000000e+00	4.929305e+00	4.999811e+00	4.999811e+00	4.415715e+00	-4.999811e-06	4.999811e-06	2.366052e-05	5.842851e-04	6.021703e-04	-1.736576e-03	-1.249690e-10	-1.180862e-14	1.249808e-10	1.175565e-14	-1.788520e-05	1.866084e-05	-1.129406e-03	1.128630e-03
6.045642009703442e-01	5.000000e+00	4.929305e+00	4.999811e+00	4.999811e+00	4.415715e+00	-4.999811e-06	4.999811e-06	2.366052e-05	5.842851e-04	6.021703e-04	-1.736576e-03	-1.245864e-10	1.180269e-14	1.245746e-10	-1.140506e-14	-1.788520e-05	1.866084e-05	-1.129406e-03	1.128630e-03
6.055407634703442e-01	5.000000e+00	4.929305e+00	4.999811e+00	4.999811e+00	4.415715e+00	-4.999811e-06	4.999811e-06	2.366052e-05	5.842851e-04	6.021703e-04	-1.736576e-03	-1.249689e-10	-1.179650e-14	1.249807e-10	1.175573e-14	-1.788520e-05	1.866084e-05	-1.129406e-03	1.128630e-03
6.065173259703442e-01	5.000000e+00	4.929305e+00	4.999811e+00	4.999811e+00	4.415715e+00	-4.999811e-06	4.999811e-06	2.366052e-05	5.842851e-04	6.021703e-04	-1.736576e-03	-1.245865e-10	1.179041e-14	1.245747e-10	-1.119778e-14	-1.788520e-05	1.866084e-05	-1.129406e-03	1.128630e-03
6.074938884703442e-01	5.000000e+00	4.929305e+00	4.999811e+00	4.999811e+00	4.415715e+00	-4.999811e-06	4.999811e-06	2.366052e-05	5.842851e-04	6.021703e-04	-1.736576e-03	-1.249688e-10	-1.178559e-14	1.249806e-10	1.175572e-14	-1.788520e-05	1.866084e-05	-1.129406e-03	1.128630e-03
6.084704509703442e-01	5.000000e+00	4.929305e+00	4.999811e+00	4.999811e+00	4.415715e+00	-4.999811e-06	4.999811e-06	2.366052e-05	5.842851e-04	6.021703e-04	-1.736576e-03	-1.245866e-10	1.177980e-14	1.245748e-10	-1.161237e-14	-1.788520e-05	1.866084e-05	-1.129406e-03	1.128630e-03
6.094470134703442e-01	5.000000e+00	4.929305e+00	4.999811e+00	4.999811e+00	4.415715e+00	-4.999811e-06	4.999811e-06	2.366052e-05	5.842851e-04	6.021703e-04	-1.736576e-03	-1.249687e-10	-1.177204e-14	1.249805e-10	1.237746e-14	-1.788520e-05	1.866084e-05	-1.129406e-03	1.128630e-03
6.104235759703442e-01	5.000000e+00	4.929305e+00	4.999811e+00	4.999811e+00	4.415715e+00	-4.999811e-06	4.999811e-06	2.366052e-05	5.842851e-04	6.021703e-04	-1.736576e-03	-1.245866e-10	1.176782e-14	1.245749e-10	-1.119792e-14	-1.788520e-05	1.866084e-05	-1.129406e-03	1.128630e-03
6.114001384703442e-01	5.000000e+00	4.929305e+00	4.999811e+00	4.999811e+00	4.415715e+00	-4.999811e-06	4.999811e-06	2.366052e-05	5.842851e-04	6.021703e-04	-1.736576e-03	-1.249686e-10	-1.176536e-14	1.249804e-10	1.175578e-14	-1.788520e-05	1.866084e-05	-1.129406e-03	1.128630e-03
6.123767009703442e-01	5.000000e+00	4.929305e+00	4.999811e+00	4.999811e+00	4.415715e+00	-4.999811e-06	4.999811e-06	2.366052e-05	5.842851e-04	6.021703e-04	-1.736576e-03	-1.245867e-10	1.176156e-14	1.245750e-10	-1.161241e-14	-1.788520e-05	1.866084e-05	-1.129406e-03	1.128630e-03
6.133532634703442e-01	5.000000e+00	4.929305e+00	4.999811e+00	4.999811e+00	4.415715e+00	-4.999811e-06	4.999811e-06	2.366052e-05	5.842851e-04	6.021703e-04	-1.736576e-03	-1.249685e-10	-1.175819e-14	1.249803e-10	1.175583e-14	-1.788520e-05	1.866084e-05	-1.129406e-03	1.128630e-03
6.143298259703442e-01	5.000000e+00	4.929305e+00	4.999811e+00	4.999811e+00	4.415715e+00	-4.999811e-06	4.999811e-06	2.366052e-05	5.842851e-04	6.021703e-04	-1.736576e-03	-1.245868e-10	1.175468e-14	1.245751e-10	-1.057621e-14	-1.788520e-05	1.866084e-05	-1.129406e-03	1.128630e-03
6.153063884703442e-01	5.000000e+00	4.929305e+00	4.999811e+00	4.999811e+00	4.415715e+00	-4.999811e-06	4.999811e-06	2.366052e-05	5.842851e-04	6.021703e-04	-1.736576e-03	-1.249684e-10	-1.175045e-14	1.249802e-10	1.154859e-14	-1.788520e-05	1.866084e-05	-1.129406e-03	1.128630e-03
6.162829509703442e-01	5.000000e+00	4.929305e+00	4.999811e+00	4.999811e+00	4.415715e+00	-4.999811e-06	4.999811e-06	2.366052e-05	5.842851e-04	6.021703e-04	-1.736576e-03	-1.245869e-10	1.174692e-14	1.245752e-10	-1.078351e-14	-1.788520e-05	1.866084e-05	-1.129406e-03	1.128630e-03
6.172595134703442e-01	5.000000e+00	4.929305e+00	4.999811e+00	4.999811e+00	4.415715e+00	-4.999811e-06	4.999811e-06	2.366052e-05	5.842851e-04	6.021703e-04	-1.736576e-03	-1.249684e-10	-1.174407e-14	1.249801e-10	1.196309e-14	-1.788520e-05	1.866084e-05	-1.129406e-03	1.128630e-03
6.182360759703442e-01	5.000000e+00	4.929305e+00	4.999811e+00	4.999811e+00	4.415715e+00	-4.999811e-06	4.999811e-06	2.366052e-05	5.842851e-04	6.021703e-04	-1.736576e-03	-1.245870e-10	1.174026e-14	1.245753e-10	-1.119801e-14	-1.788520e-05	1.866084e-05	-1.129406e-03	1.128630e-03
6.192126384703442e-01	5.000000e+00	4.929305e+00	4.999811e+00	4.999811e+00	4.415715e+00	-4.999811e-06	4.999811e-06	2.366052e-05	5.842851e-04	6.021703e-04	-1.736576e-03	-1.249683e-10	-1.173701e-14	1.249800e-10	1.092697e-14	-1.788520e-05	1.866084e-05	-1.129406e-03	1.128630e-03
6.201892009703442e-01	5.000000e+00	4.929305e+00	4.999811e+00	4.999811e+00	4.415715e+00	-4.999811e-06	4.999811e-06	2.366052e-05	5.842851e-04	6.021703e-04	-1.736576e-03	-1.245871e-10	1.173469e-14	1.245754e-10	-1.119805e-14	-1.788520e-05	1.866084e-05	-1.129406e-03	1.128630e-03
6.211657634703442e-01	5.000000e+00	4.929305e+00	4.999811e+00	4.999811e+00	4.415715e+00	-4.999811e-06	4.999811e-06	2.366052e-05	5.842851e-04	6.021703e-04	-1.736576e-03	-1.249682e-10	-1.173236e-14	1.249799e-10	1.113419e-14	-1.788520e-05	1.866084e-05	-1.129406e-03	1.128630e-03
6.221423259703442e-01	5.000000e+00	4.929305e+00	4.999811e+00	4.999811e+00	4.415715e+00	-4.999811e-06	4.999811e-06	2.366052e-05	5.842851e-04	6.021703e-04	-1.736576e-03	-1.245872e-10	1.173021e-14	1.245754e-10	-1.099084e-14	-1.788520e-05	1.866084e-05	-1.129406e-03	1.128630e-03
6.231188884703442e-01	5.000000e+00	4.929305e+00	4.999811e+00	4.999811e+00	4.415715e+00	-4.999811e-06	4.999811e-06	2.366052e-05	5.842851e-04	6.021703e-04	-1.736576e-03	-1.249681e-10	-1.172717e-14	1.249798e-10	1.196320e-14	-1.788520e-05	1.866084e-05	-1.129406e-03	1.128630e-03
6.240954509703442e-01	5.000000e+00	4.929305e+00	4.999811e+00	4.999811e+00	4.415715e+00	-4.999811e-06	4.999811e-06	2.366052e-05	5.842851e-04	6.021703e-04	-1.736576e-03	-1.245873e-10	1.172290e-14	1.245755e-10	-1.099084e-14	-1.788520e-05	1.866084e-05	-1.129406e-03	1.128630e-03
6.250720134703442e-01	5.000000e+00	4.929305e+00	4.999811e+00	4.999811e+00	4.415715e+00	-4.999811e-06	4.999811e-06	2.366052e-05	5.842851e-04	6.021703e-04	-1.736576e-03	-1.249680e-10	-1.171824e-14	1.249797e-10	1.196328e-14	-1.788520e-05	1.866084e-05	-1.129406e-03	1.128630e-03
6.260485759703442e-01	5.000000e+00	4.929305e+00	4.999811e+00	4.999811e+00	4.415715e+00	-4.999811e-06	4.999811e-06	2.366052e-05	5.842851e-04	6.021703e-04	-1.736576e-03	-1.245874e-10	1.171206e-14	1.245756e-10	-1.140539e-14	-1.788520e-05	1.866084e-05	-1.129406e-03	1.128630e-03
6.270251384703442e-01	5.000000e+00	4.929305e+00	4.999811e+00	4.999811e+00	4.415715e+00	-4.999811e-06	4.999811e-06	2.366052e-05	5.842851e-04	6.021703e-04	-1.736576e-03	-1.249679e-10	-1.170390e-14	1.249796e-10	1.196329e-14	-1.788520e-05	1.866084e-05	-1.129406e-03	1.128630e-03
6.280017009703442e-01	5.000000e+00	4.929305e+00	4.999811e+00	4.999811e+00	4.415715e+00	-4.999811e-06	4.999811e-06	2.366052e-05	5.842851e-04	6.021703e-04	-1.736576e-03	-1.245874e-10	1.169896e-14	1.245757e-10	-1.161270e-14	-1.788520e-05	1.866084e-05	-1.129406e-03	1.128630e-03
6.289782634703442e-01	5.000000e+00	4.929305e+00	4.999811e+00	4.999811e+00	4.415715e+00	-4.999811e-06	4.999811e-06	2.366052e-05	5.842851e-04	6.021703e-04	-1.736576e-03	-1.249678e-10	-1.169559e-14	1.249795e-10	1.196333e-14	-1.788520e-05	1.866084e-05	-1.129406e-03	1.128630e-03
6.299548259703442e-01	5.000000e+00	4.929305e+00	4.999811e+00	4.999811e+00	4.415715e+00	-4.999811e-06	4.999811e-06	2.366052e-05	5.842851e-04	6.021703e-04	-1.736576e-03	-1.245875e-10	1.169113e-14	1.245758e-10	-1.161271e-14	-1.788520e-05	1.866084e-05	-1.129406e-03	1.128630e-03
6.309313884703442e-01	5.000000e+00	4.929305e+00	4.999811e+00	4.999811e+00	4.415715e+00	-4.999811e-06	4.999811e-06	2.366052e-05	5.842851e-04	6.021703e-04	-1.736576e-03	-1.249677e-10	-1.168742e-14	1.249794e-10	1.154887e-14	-1.788520e-05	1.866084e-05	-1.129406e-03	1.128630e-03
6.319079509703442e-01	5.000000e+00	4.929305e+00	4.999811e+00	4.999811e+00	4.415715e+00	-4.999811e-06	4.999811e-06	2.366052e-05	5.842851e-04	6.021703e-04	-1.736576e-03	-1.245876e-10	1.168217e-14	1.245759e-10	-1.119825e-14	-1.788520e-05	1.866084e-05	-1.129406e-03	1.128630e-03
6.328845134703442e-01	5.000000e+00	4.929305e+00	4.999811e+00	4.999811e+00	4.415715e+00	-4.999811e-06	4.999811e-06	2.366052e-05	5.842851e-04	6.021703e-04	-1.736576e-03	-1.249676e-10	-1.167634e-14	1.249793e-10	1.217064e-14	-1.788520e-05	1.866084e-05	-1.129406e-03	1.128630e-03
6.338610759703442e-01	5.000000e+00	4.929305e+00	4.999811e+00	4.999811e+00	4.415715e+00	-4.999811e-06	4.999811e-06	2.366052e-05	5.842851e-04	6.021703e-04	-1.736576e-03	-1.245877e-10	1.167138e-14	1.245760e-10	-1.099106e-14	-1.788520e-05	1.866084e-05	-1.129406e-03	1.128630e-03
6.348376384703442e-01	5.000000e+00	4.929305e+00	4.999811e+00	4.999811e+00	4.415715e+00	-4.999811e-06	4.999811e-06	2.366052e-05	5.842851e-04	6.021703e-04	-1.736576e-03	-1.249676e-10	-1.166723e-14	1.249792e-10	1.134172e-14	-1.788520e-05	1.866084e-05	-1.129406e-03	1.128630e-03
6.358142009703442e-01	5.000000e+00	4.929305e+00	4.999811e+00	4.999811e+00	4.415715e+00	-4.999811e-06	4.999811e-06	2.366052e-05	5.842851e-04	6.021703e-04	-1.736576e-03	-1.245878e-10	1.166440e-14	1.245761e-10	-1.119825e-14	-1.788520e-05	1.866084e-05	-1.129406e-03	1.128630e-03
6.367907634703442e-01	5.000000e+00	4.929305e+00	4.999811e+00	4.999811e+00	4.415715e+00	-4.999811e-06	4.999811e-06	2.366052e-05	5.842851e-04	6.021703e-04	-1.736576e-03	-1.249675e-10	-1.166106e-14	1.249791e-10	1.154896e-14	-1.788520e-05	1.866084e-05	-1.129406e-03	1.128630e-03
6.377673259703442e-01	5.000000e+00	4.929305e+00	4.999811e+00	4.999811e+00	4.415715e+00	-4.999811e-06	4.999811e-06	2.366052e-05	5.842851e-04	6.021703e-04	-1.736576e-03	-1.245879e-10	1.165436e-14	1.245762e-10	-1.161285e-14	-1.788520e-05	1.866084e-05	-1.129406e-03	1.128630e-03
6.387438884703442e-01	5.000000e+00	4.929305e+00	4.999811e+00	4.999811e+00	4.415715e+00	-4.999811e-06	4.999811e-06	2.366052e-05	5.842851e-04	6.021703e-04	-1.736576e-03	-1.249674e-10	-1.164896e-14	1.249790e-10	1.175628e-14	-1.788520e-05	1.866084e-05	-1.129406e-03	1.128630e-03
6.397204509703442e-01	5.000000e+00	4.929305e+00	4.999811e+00	4.999811e+00	4.415715e+00	-4.999811e-06	4.999811e-06	2.366052e-05	5.842851e-04	6.021703e-04	-1.736576e-03	-1.245880e-10	1.164489e-14	1.245763e-10	-1.140556e-14	-1.788520e-05	1.866084e-05	-1.129406e-03	1.128630e-03
6.406970134703442e-01	5.000000e+00	4.929305e+00	4.999811e+00	4.999811e+00	4.415715e+00	-4.999811e-06	4.999811e-06	2.366052e-05	5.842851e-04	6.021703e-04	-1.736576e-03	-1.249673e-10	-1.164011e-14	1.249789e-10	1.196352e-14	-1.788520e-05	1.866084e-05	-1.129406e-03	1.128630e-03
6.416735759703442e-01	5.000000e+00	4.929305e+00	4.999811e+00	4.999811e+00	4.415715e+00	-4.999811e-06	4.999811e-06	2.366052e-05	5.842851e-04	6.021703e-04	-1.736576e-03	-1.245880e-10	1.163531e-14	1.245764e-10	-1.078396e-14	-1.788520e-05	1.866084e-05	-1.129406e-03	1.128630e-03
6.426501384703442e-01	5.000000e+00	4.929305e+00	4.999811e+00	4.999811e+00	4.415715e+00	-4.999811e-06	4.999811e-06	2.366052e-05	5.842851e-04	6.021703e-04	-1.736576e-03	-1.249672e-10	-1.162930e-14	1.249788e-10	1.237803e-14	-1.788520e-05	1.866084e-05	-1.129406e-03	1.128630e-03
6.436267009703442e-01	5.000000e+00	4.929305e+00	4.999811e+00	4.999811e+00	4.415715e+00	-4.999811e-06	4.999811e-06	2.366052e-05	5.842851e-04	6.021703e-04	-1.736576e-03	-1.245881e-10	1.162582e-14	1.245765e-10	-1.119847e-14	-1.788520e-05	1.866084e-05	-1.129406e-03	1.128630e-03
6.446032634703442e-01	5.000000e+00	4.929305e+00	4.999811e+00	4.999811e+00	4.415715e+00	-4.999811e-06	4.999811e-06	2.366052e-05	5.842851e-04	6.021703e-04	-1.736576e-03	-1.249671e-10	-1.162283e-14	1.249787e-10	1.196359e-14	-1.788520e-05	1.866084e-05	-1.129406e-03	1.128630e-03
6.455798259703442e-01	5.000000e+00	4.929305e+00	4.999811e+00	4.999811e+00	4.415715e+00	-4.999811e-06	4.999811e-06	2.366052e-05	5.842851e-04	6.021703e-04	-1.736576e-03	-1.245882e-10	1.161799e-14	1.245766e-10	-1.140577e-14	-1.788520e-05	1.866084e-05	-1.129406e-03	1.128630e-03
6.465563884703442e-01	5.000000e+00	4.929305e+00	4.999811e+00	4.999811e+00	4.415715e+00	-4.999811e-06	4.999811e-06	2.366052e-05	5.842851e-04	6.021703e-04	-1.736576e-03	-1.249671e-10	-1.161415e-14	1.249787e-10	1.237811e-14	-1.788520e-05	1.866084e-05	-1.129406e-03	1.128630e-03
6.475329509703442e-01	5.000000e+00	4.929305e+00	4.999811e+00	4.999811e+00	4.415715e+00	-4.999811e-06	4.999811e-06	2.366052e-05	5.842851e-04	6.021703e-04	-1.736576e-03	-1.245883e-10	1.161182e-14	1.245767e-10	-1.119852e-14	-1.788520e-05	1.866084e-05	-1.129406e-03	1.128630e-03
6.485095134703442e-01	5.000000e+00	4.929305e+00	4.999811e+00	4.999811e+00	4.415715e+00	-4.999811e-06	4.999811e-06	2.366052e-05	5.842851e-04	6.021703e-04	-1.736576e-03	-1.249670e-10	-1.161004e-14	1.249786e-10	1.154917e-14	-1.788520e-05	1.866084e-05	-1.129406e-03	1.128630e-03
6.494860759703442e-01	5.000000e+00	4.929305e+00	4.999811e+00	4.999811e+00	4.415715e+00	-4.999811e-06	4.999811e-06	2.366052e-05	5.842851e-04	6.021703e-04	-1.736576e-03	-1.245884e-10	1.160787e-14	1.245768e-10	-1.140580e-14	-1.788520e-05	1.866084e-05	-1.129406e-03	1.128630e-03
6.504626384703442e-01	5.000000e+00	4.929305e+00	4.999811e+00	4.999811e+00	4.415715e+00	-4.999811e-06	4.999811e-06	2.366052e-05	5.842851e-04	6.021703e-04	-1.736576e-03	-1.249669e-10	-1.160304e-14	1.249785e-10	1.237814e-14	-1.788520e-05	1.866084e-05	-1.129406e-03	1.128630e-03
6.514392009703442e-01	5.000000e+00	4.929305e+00	4.999811e+00	4.999811e+00	4.415715e+00	-4.999811e-06	4.999811e-06	2.366052e-05	5.842851e-04	6.021703e-04	-1.736576e-03	-1.245885e-10	1.160002e-14	1.245769e-10	-1.036958e-14	-1.788520e-05	1.866084e-05	-1.129406e-03	1.128630e-03
6.524157634703442e-01	5.000000e+00	4.929305e+00	4.999811e+00	4.999811e+00	4.415715e+00	-4.999811e-06	4.999811e-06	2.366052e-05	5.842851e-04	6.021703e-04	-1.736576e-03	-1.249668e-10	-1.159826e-14	1.249784e-10	1.154920e-14	-1.788520e-05	1.866084e-05	-1.129406e-03	1.128630e-03
6.533923259703442e-01	5.000000e+00	4.929305e+00	4.999811e+00	4.999811e+00	4.415715e+00	-4.999811e-06	4.999811e-06	2.366052e-05	5.842851e-04	6.021703e-04	-1.736576e-03	-1.245886e-10	1.159250e-14	1.245770e-10	-1.140581e-14	-1.788520e-05	1.866084e-05	-1.129406e-03	1.128630e-03
6.543688884703442e-01	5.000000e+00	4.929305e+00	4.999811e+00	4.999811e+00	4.415715e+00	-4.999811e-06	4.999811e-06	2.366052e-05	5.842851e-04	6.021703e-04	-1.736576e-03	-1.249667e-10	-1.158686e-14	1.249783e-10	1.237823e-14	-1.788520e-05	1.866084e-05	-1.129406e-03	1.128630e-03
6.553454509703442e-01	5.000000e+00	4.929305e+00	4.999811e+00	4.999811e+00	4.415715e+00	-4.999811e-06	4.999811e-06	2.366052e-05	5.842851e-04	6.021703e-04	-1.736576e-03	-1.245887e-10	1.158241e-14	1.245771e-10	-1.078419e-14	-1.788520e-05	1.866084e-05	-1.129406e-03	1.128630e-03
6.563220134703442e-01	5.000000e+00	4.929305e+00	4.999811e+00	4.999811e+00	4.415715e+00	-4.999811e-06	4.999811e-06	2.366052e-05	5.842851e-04	6.021703e-04	-1.736576e-03	-1.249666e-10	-1.157776e-14	1.249782e-10	1.154927e-14	-1.788520e-05	1.866084e-05	-1.129406e-03	1.128630e-03
6.572985759703442e-01	5.000000e+00	4.929305e+00	4.999811e+00	4.999811e+00	4.415715e+00	-4.999811e-06	4.999811e-06	2.366052e-05	5.842851e-04	6.021703e-04	-1.736576e-03	-1.245887e-10	1.157354e-14	1.245772e-10	-1.140593e-14	-1.788520e-05	1.866084e-05	-1.129406e-03	1.128630e-03
6.582751384703442e-01	5.000000e+00	4.929305e+00	4.999811e+00	4.999811e+00	4.415715e+00	-4.999811e-06	4.999811e-06	2.366052e-05	5.842851e-04	6.021703e-04	-1.736576e-03	-1.249665e-10	-1.157019e-14	1.249781e-10	1.175660e-14	-1.788520e-05	1.866084e-05	-1.129406e-03	1.128630e-03
6.592517009703442e-01	5.000000e+00	4.929305e+00	4.999811e+00	4.999811e+00	4.415715e+00	-4.999811e-06	4.999811e-06	2.366052e-05	5.842851e-04	6.021703e-04	-1.736576e-03	-1.245888e-10	1.156619e-14	1.245773e-10	-1.099146e-14	-1.788520e-05	1.866084e-05	-1.129406e-03	1.128630e-03
6.602282634703442e-01	5.000000e+00	4.929305e+00	4.999811e+00	4.999811e+00	4.415715e+00	-4.999811e-06	4.999811e-06	2.366052e-05	5.842851e-04	6.021703e-04	-1.736576e-03	-1.249664e-10	-1.156294e-14	1.249780e-10	1.279279e-14	-1.788520e-05	1.866084e-05	-1.129406e-03	1.128630e-03
6.612048259703442e-01	5.000000e+00	4.929305e+00	4.999811e+00	4.999811e+00	4.415715e+00	-4.999811e-06	4.999811e-06	2.366052e-05	5.842851e-04	6.021703e-04	-1.736576e-03	-1.245889e-10	1.156131e-14	1.245773e-10	-1.140602e-14	-1.788520e-05	1.866084e-05	-1.129406e-03	1.128630e-03
6.621813884703442e-01	5.000000e+00	4.929305e+00	4.999811e+00	4.999811e+00	4.415715e+00	-4.999811e-06	4.999811e-06	2.366052e-05	5.842851e-04	6.021703e-04	-1.736576e-03	-1.249664e-10	-1.155671e-14	1.249779e-10	1.196384e-14	-1.788520e-05	1.866084e-05	-1.129406e-03	1.128630e-03
6.631579509703442e-01	5.000000e+00	4.929305e+00	4.999811e+00	4.999811e+00	4.415715e+00	-4.999811e-06	4.999811e-06	2.366052e-05	5.842851e-04	6.021703e-04	-1.736576e-03	-1.245890e-10	1.155077e-14	1.245774e-10	-1.057707e-14	-1.788520e-05	1.866084e-05	-1.129406e-03	1.128630e-03
6.641345134703442e-01	5.000000e+00	4.929305e+00	4.999811e+00	4.999811e+00	4.415715e+00	-4.999811e-06	4.999811e-06	2.366052e-05	5.842851e-04	6.021703e-04	-1.736576e-03	-1.249663e-10	-1.154603e-14	1.249778e-10	1.134221e-14	-1.788520e-05	1.866084e-05	-1.129406e-03	1.128630e-03
6.651110759703442e-01	5.000000e+00	4.929305e+00	4.999811e+00	4.999811e+00	4.415715e+00	-4.999811e-06	4.999811e-06	2.366052e-05	5.842851e-04	6.021703e-04	-1.736576e-03	-1.245891e-10	1.154177e-14	1.245775e-10	-1.057709e-14	-1.788520e-05	1.866084e-05	-1.129406e-03	1.128630e-03
6.660876384703442e-01	5.000000e+00	4.929305e+00	4.999811e+00	4.999811e+00	4.415715e+00	-4.999811e-06	4.999811e-06	2.366052e-05	5.842851e-04	6.021703e-04	-1.736576e-03	-1.249662e-10	-1.153953e-14	1.249777e-10	1.134222e-14	-1.788520e-05	1.866084e-05	-1.129406e-03	1.128630e-03
6.670642009703442e-01	5.000000e+00	4.929305e+00	4.999811e+00	4.999811e+00	4.415715e+00	-4.999811e-06	4.999811e-06	2.366052e-05	5.842851e-04	6.021703e-04	-1.736576e-03	-1.245892e-10	1.153778e-14	1.245776e-10	-1.099158e-14	-1.788520e-05	1.866084e-05	-1.129406e-03	1.128630e-03
6.680407634703442e-01	5.000000e+00	4.929305e+00	4.999811e+00	4.999811e+00	4.415715e+00	-4.999811e-06	4.999811e-06	2.366052e-05	5.842851e-04	6.021703e-04	-1.736576e-03	-1.249661e-10	-1.153261e-14	1.249776e-10	1.134224e-14	-1.788520e-05	1.866084e-05	-1.129406e-03	1.128630e-03
6.690173259703442e-01	5.000000e+00	4.929305e+00	4.999811e+00	4.999811e+00	4.415715e+00	-4.999811e-06	4.999811e-06	2.366052e-05	5.842851e-04	6.021703e-04	-1.736576e-03	-1.245893e-10	1.152843e-14	1.245777e-10	-1.057709e-14	-1.788520e-05	1.866084e-05	-1.129406e-03	1.128630e-03
6.699938884703442e-01	5.000000e+00	4.929305e+00	4.999811e+00	4.999811e+00	4.415715e+00	-4.999811e-06	4.999811e-06	2.366052e-05	5.842851e-04	6.021703e-04	-1.736576e-03	-1.249660e-10	-1.152608e-14	1.249775e-10	1.134233e-14	-1.788520e-05	1.866084e-05	-1.129406e-03	1.128630e-03
6.709704509703442e-01	5.000000e+00	4.929305e+00	4.999811e+00	4.999811e+00	4.415715e+00	-4.999811e-06	4.999811e-06	2.366052e-05	5.842851e-04	6.021703e-04	-1.736576e-03	-1.245894e-10	1.152321e-14	1.245778e-10	-1.078440e-14	-1.788520e-05	1.866084e-05	-1.129406e-03	1.128630e-03
6.719470134703442e-01	5.000000e+00	4.929305e+00	4.999811e+00	4.999811e+00	4.415715e+00	-4.999811e-06	4.999811e-06	2.366052e-05	5.842851e-04	6.021703e-04	-1.736576e-03	-1.249659e-10	-1.152014e-14	1.249774e-10	1.175685e-14	-1.788520e-05	1.866084e-05	-1.129406e-03	1.128630e-03
6.729235759703442e-01	5.000000e+00	4.929305e+00	4.999811e+00	4.999811e+00	4.415715e+00	-4.999811e-06	4.999811e-06	2.366052e-05	5.842851e-04	6.021703e-04	-1.736576e-03	-1.245894e-10	1.151724e-14	1.245779e-10	-1.119894e-14	-1.788520e-05	1.866084e-05	-1.129406e-03	1.128630e-03
6.739001384703442e-01	5.000000e+00	4.929305e+00	4.999811e+00	4.999811e+00	4.415715e+00	-4.999811e-06	4.999811e-06	2.366052e-05	5.842851e-04	6.021703e-04	-1.736576e-03	-1.249658e-10	-1.151611e-14	1.249773e-10	1.092785e-14	-1.788520e-05	1.866084e-05	-1.129406e-03	1.128630e-03
6.748767009703442e-01	5.000000e+00	4.929305e+00	4.999811e+00	4.999811e+00	4.415715e+00	-4.999811e-06	4.999811e-06	2.366052e-05	5.842851e-04	6.021703e-04	-1.736576e-03	-1.245895e-10	1.151459e-14	1.245780e-10	-1.078447e-14	-1.788520e-05	1.866084e-05	-1.129406e-03	1.128630e-03
6.758532634703442e-01	5.000000e+00	4.929305e+00	4.999811e+00	4.999811e+00	4.415715e+00	-4.999811e-06	4.999811e-06	2.366052e-05	5.842851e-04	6.021703e-04	-1.736576e-03	-1.249657e-10	-1.151120e-14	1.249773e-10	1.175686e-14	-1.788520e-05	1.866084e-05	-1.129406e-03	1.128630e-03
6.768298259703442e-01	5.000000e+00	4.929305e+00	4.999811e+00	4.999811e+00	4.415715e+00	-4.999811e-06	4.999811e-06	2.366052e-05	5.842851e-04	6.021703e-04	-1.736576e-03	-1.245896e-10	1.150693e-14	1.245781e-10	-1.140626e-14	-1.788520e-05	1.866084e-05	-1.129406e-03	1.128630e-03
6.778063884703442e-01	5.000000e+00	4.929305e+00	4.999811e+00	4.999811e+00	4.415715e+00	-4.999811e-06	4.999811e-06	2.366052e-05	5.842851e-04	6.021703e-04	-1.736576e-03	-1.249657e-10	-1.150328e-14	1.249772e-10	1.134241e-14	-1.788520e-05	1.866084e-05	-1.129406e-03	1.128630e-03
6.787829509703442e-01	5.000000e+00	4.929305e+00	4.999811e+00	4.999811e+00	4.415715e+00	-4.999811e-06	4.999811e-06	2.366052e-05	5.842851e-04	6.021703e-04	-1.736576e-03	-1.245897e-10	1.150011e-14	1.245782e-10	-1.140625e-14	-1.788520e-05	1.866084e-05	-1.129406e-03	1.128630e-03
6.797595134703442e-01	5.000000e+00	4.929305e+00	4.999811e+00	4.999811e+00	4.415715e+00	-4.999811e-06	4.999811e-06	2.366052e-05	5.842851e-04	6.021703e-04	-1.736576e-03	-1.249656e-10	-1.149644e-14	1.249771e-10	1.217139e-14	-1.788520e-05	1.866084e-05	-1.129406e-03	1.128630e-03
6.807360759703442e-01	5.000000e+00	4.929305e+00	4.999811e+00	4.999811e+00	4.415715e+00	-4.999811e-06	4.999811e-06	2.366052e-05	5.842851e-04	6.021703e-04	-1.736576e-03	-1.245898e-10	1.149206e-14	1.245783e-10	-1.099182e-14	-1.788520e-05	1.866084e-05	-1.129406e-03	1.128630e-03
6.817126384703442e-01	5.000000e+00	4.929305e+00	4.999811e+00	4.999811e+00	4.415715e+00	-4.999811e-06	4.999811e-06	2.366052e-05	5.842851e-04	6.021703e-04	-1.736576e-03	-1.249655e-10	-1.148717e-14	1.249770e-10	1.113524e-14	-1.788520e-05	1.866084e-05	-1.129406e-03	1.128630e-03
6.826892009703442e-01	5.000000e+00	4.929305e+00	4.999811e+00	4.999811e+00	4.415715e+00	-4.999811e-06	4.999811e-06	2.366052e-05	5.842851e-04	6.021703e-04	-1.736576e-03	-1.245899e-10	1.148264e-14	1.245784e-10	-1.057739e-14	-1.788520e-05	1.866084e-05	-1.129406e-03	1.128630e-03
6.836657634703442e-01	5.000000e+00	4.929305e+00	4.999811e+00	4.999811e+00	4.415715e+00	-4.999811e-06	4.999811e-06	2.366052e-05	5.842851e-04	6.021703e-04	-1.736576e-03	-1.249654e-10	-1.148070e-14	1.249769e-10	1.154978e-14	-1.788520e-05	1.866084e-05	-1.129406e-03	1.128630e-03
6.846423259703442e-01	5.000000e+00	4.929305e+00	4.999811e+00	4.999811e+00	4.415715e+00	-4.999811e-06	4.999811e-06	2.366052e-05	5.842851e-04	6.021703e-04	-1.736576e-03	-1.245899e-10	1.147963e-14	1.245785e-10	-1.037011e-14	-1.788520e-05	1.866084e-05	-1.129406e-03	1.128630e-03
6.856188884703442e-01	5.000000e+00	4.929305e+00	4.999811e+00	4.999811e+00	4.415715e+00	-4.999811e-06	4.999811e-06	2.366052e-05	5.842851e-04	6.021703e-04	-1.736576e-03	-1.249653e-10	-1.147792e-14	1.249768e-10	1.154981e-14	-1.788520e-05	1.866084e-05	-1.129406e-03	1.128630e-03
6.865954509703442e-01	5.000000e+00	4.929305e+00	4.999811e+00	4.999811e+00	4.415715e+00	-4.999811e-06	4.999811e-06	2.366052e-05	5.842851e-04	6.021703e-04	-1.736576e-03	-1.245900e-10	1.147587e-14	1.245786e-10	-1.119910e-14	-1.788520e-05	1.866084e-05	-1.129406e-03	1.128630e-03
6.875720134703442e-01	5.000000e+00	4.929305e+00	4.999811e+00	4.999811e+00	4.415715e+00	-4.999811e-06	4.999811e-06	2.366052e-05	5.842851e-04	6.021703e-04	-1.736576e-03	-1.249652e-10	-1.147166e-14	1.249767e-10	1.196426e-14	-1.788520e-05	1.866084e-05	-1.129406e-03	1.128630e-03
6.885485759703442e-01	5.000000e+00	4.929305e+00	4.999811e+00	4.999811e+00	4.415715e+00	-4.999811e-06	4.999811e-06	2.366052e-05	5.842851e-04	6.021703e-04	-1.736576e-03	-1.245901e-10	1.146801e-14	1.245787e-10	-1.016296e-14	-1.788520e-05	1.866084e-05	-1.129406e-03	1.128630e-03
6.895251384703442e-01	5.000000e+00	4.929305e+00	4.999811e+00	4.999811e+00	4.415715e+00	-4.999811e-06	4.999811e-06	2.366052e-05	5.842851e-04	6.021703e-04	-1.736576e-03	-1.249651e-10	-1.146357e-14	1.249766e-10	1.175708e-14	-1.788520e-05	1.866084e-05	-1.129406e-03	1.128630e-03
6.905017009703442e-01	5.000000e+00	4.929305e+00	4.999811e+00	4.999811e+00	4.415715e+00	-4.999811e-06	4.999811e-06	2.366052e-05	5.842851e-04	6.021703e-04	-1.736576e-03	-1.245902e-10	1.145654e-14	1.245788e-10	-1.140646e-14	-1.788520e-05	1.866084e-05	-1.129406e-03	1.128630e-03
6.914782634703442e-01	5.000000e+00	4.929305e+00	4.999811e+00	4.999811e+00	4.415715e+00	-4.999811e-06	4.999811e-06	2.366052e-05	5.842851e-04	6.021703e-04	-1.736576e-03	-1.249651e-10	-1.145045e-14	1.249765e-10	1.196435e-14	-1.788520e-05	1.866084e-05	-1.129406e-03	1.128630e-03
6.924548259703442e-01	5.000000e+00	4.929305e+00	4.999811e+00	4.999811e+00	4.415715e+00	-4.999811e-06	4.999811e-06	2.366052e-05	5.842851e-04	6.021703e-04	-1.736576e-03	-1.245903e-10	1.144529e-14	1.245788e-10	-1.099196e-14	-1.788520e-05	1.866084e-05	-1.129406e-03	1.128630e-03
6.934313884703442e-01	5.000000e+00	4.929305e+00	4.999811e+00	4.999811e+00	4.415715e+00	-4.999811e-06	4.999811e-06	2.366052e-05	5.842851e-04	6.021703e-04	-1.736576e-03	-1.249650e-10	-1.144082e-14	1.249764e-10	1.154996e-14	-1.788520e-05	1.866084e-05	-1.129406e-03	1.128630e-03
6.944079509703442e-01	5.000000e+00	4.929305e+00	4.999811e+00	4.999811e+00	4.415715e+00	-4.999811e-06	4.999811e-06	2.366052e-05	5.842851e-04	6.021703e-04	-1.736576e-03	-1.245904e-10	1.143848e-14	1.245789e-10	-1.099203e-14	-1.788520e-05	1.866084e-05	-1.129406e-03	1.128630e-03
6.953845134703442e-01	5.000000e+00	4.929305e+00	4.999811e+00	4.999811e+00	4.415715e+00	-4.999811e-06	4.999811e-06	2.366052e-05	5.842851e-04	6.021703e-04	-1.736576e-03	-1.249649e-10	-1.143608e-14	1.249763e-10	1.154990e-14	-1.788520e-05	1.866084e-05	-1.129406e-03	1.128630e-03
6.963610759703442e-01	5.000000e+00	4.929305e+00	4.999811e+00	4.999811e+00	4.415715e+00	-4.999811e-06	4.999811e-06	2.366052e-05	5.842851e-04	6.021703e-04	-1.736576e-03	-1.245905e-10	1.143169e-14	1.245790e-10	-1.057761e-14	-1.788520e-05	1.866084e-05	-1.129406e-03	1.128630e-03
6.973376384703442e-01	5.000000e+00	4.929305e+00	4.999811e+00	4.999811e+00	4.415715e+00	-4.999811e-06	4.999811e-06	2.366052e-05	5.842851e-04	6.021703e-04	-1.736576e-03	-1.249648e-10	-1.142755e-14	1.249762e-10	1.175719e-14	-1.788520e-05	1.866084e-05	-1.129406e-03	1.128630e-03
6.983142009703442e-01	5.000000e+00	4.929305e+00	4.999811e+00	4.999811e+00	4.415715e+00	-4.999811e-06	4.999811e-06	2.366052e-05	5.842851e-04	6.021703e-04	-1.736576e-03	-1.245906e-10	1.142645e-14	1.245791e-10	-1.119932e-14	-1.788520e-05	1.866084e-05	-1.129406e-03	1.128630e-03
6.992907634703442e-01	5.000000e+00	4.929305e+00	4.999811e+00	4.999811e+00	4.415715e+00	-4.999811e-06	4.999811e-06	2.366052e-05	5.842851e-04	6.021703e-04	-1.736576e-03	-1.249647e-10	-1.142445e-14	1.249761e-10	1.092826e-14	-1.788520e-05	1.866084e-05	-1.129406e-03	1.128630e-03
7.002673259703442e-01	5.000000e+00	4.929305e+00	4.999811e+00	4.999811e+00	4.415715e+00	-4.999811e-06	4.999811e-06	2.366052e-05	5.842851e-04	6.021703e-04	-1.736576e-03	-1.245906e-10	1.142034e-14	1.245792e-10	-1.161387e-14	-1.788520e-05	1.866084e-05	-1.129406e-03	1.128630e-03
7.012438884703442e-01	5.000000e+00	4.929305e+00	4.999811e+00	4.999811e+00	4.415715e+00	-4.999811e-06	4.999811e-06	2.366052e-05	5.842851e-04	6.021703e-04	-1.736576e-03	-1.249646e-10	-1.141685e-14	1.249760e-10	1.217174e-14	-1.788520e-05	1.866084e-05	-1.129406e-03	1.128630e-03
7.022204509703442e-01	5.000000e+00	4.929305e+00	4.999811e+00	4.999811e+00	4.415715e+00	-4.999811e-06	4.999811e-06	2.366052e-05	5.842851e-04	6.021703e-04	-1.736576e-03	-1.245907e-10	1.141450e-14	1.245793e-10	-1.078492e-14	-1.788520e-05	1.866084e-05	-1.129406e-03	1.128630e-03
7.031970134703442e-01	5.000000e+00	4.929305e+00	4.999811e+00	4.999811e+00	4.415715e+00	-4.999811e-06	4.999811e-06	2.366052e-05	5.842851e-04	6.021703e-04	-1.736576e-03	-1.249645e-10	-1.141067e-14	1.249759e-10	1.092833e-14	-1.788520e-05	1.866084e-05	-1.129406e-03	1.128630e-03
7.041735759703442e-01	5.000000e+00	4.929305e+00	4.999811e+00	4.999811e+00	4.415715e+00	-4.999811e-06	4.999811e-06	2.366052e-05	5.842851e-04	6.021703e-04	-1.736576e-03	-1.245908e-10	1.140561e-14	1.245794e-10	-1.119942e-14	-1.788520e-05	1.866084e-05	-1.129406e-03	1.128630e-03
7.051501384703442e-01	5.000000e+00	4.929305e+00	4.999811e+00	4.999811e+00	4.415715e+00	-4.999811e-06	4.999811e-06	2.366052e-05	5.842851e-04	6.021703e-04	-1.736576e-03	-1.249645e-10	-1.140290e-14	1.249759e-10	1.072110e-14	-1.788520e-05	1.866084e-05	-1.129406e-03	1.128630e-03
7.061267009703442e-01	5.000000e+00	4.929305e+00	4.999811e+00	4.999811e+00	4.415715e+00	-4.999811e-06	4.999811e-06	2.366052e-05	5.842851e-04	6.021703e-04	-1.736576e-03	-1.245909e-10	1.140011e-14	1.245795e-10	-1.099221e-14	-1.788520e-05	1.866084e-05	-1.129406e-03	1.128630e-03
7.071032634703442e-01	5.000000e+00	4.929305e+00	4.999811e+00	4.999811e+00	4.415715e+00	-4.999811e-06	4.999811e-06	2.366052e-05	5.842851e-04	6.021703e-04	-1.736576e-03	-1.249644e-10	-1.139838e-14	1.249758e-10	1.134295e-14	-1.788520e-05	1.866084e-05	-1.129406e-03	1.128630e-03
7.080798259703442e-01	5.000000e+00	4.929305e+00	4.999811e+00	4.999811e+00	4.415715e+00	-4.999811e-06	4.999811e-06	2.366052e-05	5.842851e-04	6.021703e-04	-1.736576e-03	-1.245910e-10	1.139735e-14	1.245796e-10	-1.078501e-14	-1.788520e-05	1.866084e-05	-1.129406e-03	1.128630e-03
7.090563884703442e-01	5.000000e+00	4.929305e+00	4.999811e+00	4.999811e+00	4.415715e+00	-4.999811e-06	4.999811e-06	2.366052e-05	5.842851e-04	6.021703e-04	-1.736576e-03	-1.249643e-10	-1.139326e-14	1.249757e-10	1.175741e-14	-1.788520e-05	1.866084e-05	-1.129406e-03	1.128630e-03
7.100329509703442e-01	5.000000e+00	4.929305e+00	4.999811e+00	4.999811e+00	4.415715e+00	-4.999811e-06	4.999811e-06	2.366052e-05	5.842851e-04	6.021703e-04	-1.736576e-03	-1.245911e-10	1.138808e-14	1.245797e-10	-1.057778e-14	-1.788520e-05	1.866084e-05	-1.129406e-03	1.128630e-03
7.110095134703442e-01	5.000000e+00	4.929305e+00	4.999811e+00	4.999811e+00	4.415715e+00	-4.999811e-06	4.999811e-06	2.366052e-05	5.842851e-04	6.021703e-04	-1.736576e-03	-1.249642e-10	-1.138390e-14	1.249756e-10	1.134292e-14	-1.788520e-05	1.866084e-05	-1.129406e-03	1.128630e-03
7.119860759703442e-01	5.000000e+00	4.929305e+00	4.999811e+00	4.999811e+00	4.415715e+00	-4.999811e-06	4.999811e-06	2.366052e-05	5.842851e-04	6.021703e-04	-1.736576e-03	-1.245912e-10	1.138180e-14	1.245798e-10	-1.016332e-14	-1.788520e-05	1.866084e-05	-1.129406e-03	1.128630e-03
7.129626384703442e-01	5.000000e+00	4.929305e+00	4.999811e+00	4.999811e+00	4.415715e+00	-4.999811e-06	4.999811e-06	2.366052e-05	5.842851e-04	6.021703e-04	-1.736576e-03	-1.249641e-10	-1.137963e-14	1.249755e-10	1.155026e-14	-1.788520e-05	1.866084e-05	-1.129406e-03	1.128630e-03
7.139392009703442e-01	5.000000e+00	4.929305e+00	4.999811e+00	4.999811e+00	4.415715e+00	-4.999811e-06	4.999811e-06	2.366052e-05	5.842851e-04	6.021703e-04	-1.736576e-03	-1.245912e-10	1.137676e-14	1.245799e-10	-1.119955e-14	-1.788520e-05	1.866084e-05	-1.129406e-03	1.128630e-03
7.149157634703442e-01	5.000000e+00	4.929305e+00	4.999811e+00	4.999811e+00	4.415715e+00	-4.999811e-06	4.999811e-06	2.366052e-05	5.842851e-04	6.021703e-04	-1.736576e-03	-1.249640e-10	-1.137316e-14	1.249754e-10	1.175750e-14	-1.788520e-05	1.866084e-05	-1.129406e-03	1.128630e-03
7.158923259703442e-01	5.000000e+00	4.929305e+00	4.999811e+00	4.999811e+00	4.415715e+00	-4.999811e-06	4.999811e-06	2.366052e-05	5.842851e-04	6.021703e-04	-1.736576e-03	-1.245913e-10	1.136817e-14	1.245800e-10	-1.119963e-14	-1.788520e-05	1.866084e-05	-1.129406e-03	1.128630e-03
7.168688884703442e-01	5.000000e+00	4.929305e+00	4.999811e+00	4.999811e+00	4.415715e+00	-4.999811e-06	4.999811e-06	2.366052e-05	5.842851e-04	6.021703e-04	-1.736576e-03	-1.249639e-10	-1.136413e-14	1.249753e-10	1.092855e-14	-1.788520e-05	1.866084e-05	-1.129406e-03	1.128630e-03
7.178454509703442e-01	5.000000e+00	4.929305e+00	4.999811e+00	4.999811e+00	4.415715e+00	-4.999811e-06	4.999811e-06	2.366052e-05	5.842851e-04	6.021703e-04	-1.736576e-03	-1.245914e-10	1.136019e-14	1.245801e-10	-1.037068e-14	-1.788520e-05	1.866084e-05	-1.129406e-03	1.128630e-03
7.188220134703442e-01	5.000000e+00	4.929305e+00	4.999811e+00	4.999811e+00	4.415715e+00	-4.999811e-06	4.999811e-06	2.366052e-05	5.842851e-04	6.021703e-04	-1.736576e-03	-1.249639e-10	-1.135656e-14	1.249752e-10	1.134305e-14	-1.788520e-05	1.866084e-05	-1.129406e-03	1.128630e-03
7.197985759703442e-01	5.000000e+00	4.929305e+00	4.999811e+00	4.999811e+00	4.415715e+00	-4.999811e-06	4.999811e-06	2.366052e-05	5.842851e-04	6.021703e-04	-1.736576e-03	-1.245915e-10	1.135525e-14	1.245801e-10	-1.140694e-14	-1.788520e-05	1.866084e-05	-1.129406e-03	1.128630e-03
7.207751384703442e-01	5.000000e+00	4.929305e+00	4.999811e+00	4.999811e+00	4.415715e+00	-4.999811e-06	4.999811e-06	2.366052e-05	5.842851e-04	6.021703e-04	-1.736576e-03	-1.249638e-10	-1.135373e-14	1.249751e-10	1.113582e-14	-1.788520e-05	1.866084e-05	-1.129406e-03	1.128630e-03
7.217517009703442e-01	5.000000e+00	4.929305e+00	4.999811e+00	4.999811e+00	4.415715e+00	-4.999811e-06	4.999811e-06	2.366052e-05	5.842851e-04	6.021703e-04	-1.736576e-03	-1.245916e-10	1.135094e-14	1.245802e-10	-1.099250e-14	-1.788520e-05	1.866084e-05	-1.129406e-03	1.128630e-03
7.227282634703442e-01	5.000000e+00	4.929305e+00	4.999811e+00	4.999811e+00	4.415715e+00	-4.999811e-06	4.999811e-06	2.366052e-05	5.842851e-04	6.021703e-04	-1.736576e-03	-1.249637e-10	-1.134820e-14	1.249750e-10	1.113590e-14	-1.788520e-05	1.866084e-05	-1.129406e-03	1.128630e-03
7.237048259703442e-01	5.000000e+00	4.929305e+00	4.999811e+00	4.999811e+00	4.415715e+00	-4.999811e-06	4.999811e-06	2.366052e-05	5.842851e-04	6.021703e-04	-1.736576e-03	-1.245917e-10	1.134578e-14	1.245803e-10	-1.078529e-14	-1.788520e-05	1.866084e-05	-1.129406e-03	1.128630e-03
7.246813884703442e-01	5.000000e+00	4.929305e+00	4.999811e+00	4.999811e+00	4.415715e+00	-4.999811e-06	4.999811e-06	2.366052e-05	5.842851e-04	6.021703e-04	-1.736576e-03	-1.249636e-10	-1.134315e-14	1.249749e-10	1.134317e-14	-1.788520e-05	1.866084e-05	-1.129406e-03	1.128630e-03
7.256579509703442e-01	5.000000e+00	4.929305e+00	4.999811e+00	4.999811e+00	4.415715e+00	-4.999811e-06	4.999811e-06	2.366052e-05	5.842851e-04	6.021703e-04	-1.736576e-03	-1.245918e-10	1.134096e-14	1.245804e-10	-1.057807e-14	-1.788520e-05	1.866084e-05	-1.129406e-03	1.128630e-03
7.266345134703442e-01	5.000000e+00	4.929305e+00	4.999811e+00	4.999811e+00	4.415715e+00	-4.999811e-06	4.999811e-06	2.366052e-05	5.842851e-04	6.021703e-04	-1.736576e-03	-1.249635e-10	-1.133964e-14	1.249748e-10	1.155039e-14	-1.788520e-05	1.866084e-05	-1.129406e-03	1.128630e-03
7.276110759703442e-01	5.000000e+00	4.929305e+00	4.999811e+00	4.999811e+00	4.415715e+00	-4.999811e-06	4.999811e-06	2.366052e-05	5.842851e-04	6.021703e-04	-1.736576e-03	-1.245918e-10	1.133786e-14	1.245805e-10	-1.078530e-14	-1.788520e-05	1.866084e-05	-1.129406e-03	1.128630e-03
7.285876384703442e-01	5.000000e+00	4.929305e+00	4.999811e+00	4.999811e+00	4.415715e+00	-4.999811e-06	4.999811e-06	2.366052e-05	5.842851e-04	6.021703e-04	-1.736576e-03	-1.249634e-10	-1.133613e-14	1.249748e-10	1.134327e-14	-1.788520e-05	1.866084e-05	-1.129406e-03	1.128630e-03
7.295642009703442e-01	5.000000e+00	4.929305e+00	4.999811e+00	4.999811e+00	4.415715e+00	-4.999811e-06	4.999811e-06	2.366052e-05	5.842851e-04	6.021703e-04	-1.736576e-03	-1.245919e-10	1.133267e-14	1.245806e-10	-1.140711e-14	-1.788520e-05	1.866084e-05	-1.129406e-03	1.128630e-03
7.305407634703442e-01	5.000000e+00	4.929305e+00	4.999811e+00	4.999811e+00	4.415715e+00	-4.999811e-06	4.999811e-06	2.366052e-05	5.842851e-04	6.021703e-04	-1.736576e-03	-1.249633e-10	-1.132998e-14	1.249747e-10	1.175776e-14	-1.788520e-05	1.866084e-05	-1.129406e-03	1.128630e-03
7.315173259703442e-01	5.000000e+00	4.929305e+00	4.999811e+00	4.999811e+00	4.415715e+00	-4.999811e-06	4.999811e-06	2.366052e-05	5.842851e-04	6.021703e-04	-1.736576e-03	-1.245920e-10	1.132778e-14	1.245807e-10	-1.057817e-14	-1.788520e-05	1.866084e-05	-1.129406e-03	1.128630e-03
7.324938884703442e-01	5.000000e+00	4.929305e+00	4.999811e+00	4.999811e+00	4.415715e+00	-4.999811e-06	4.999811e-06	2.366052e-05	5.842851e-04	6.021703e-04	-1.736576e-03	-1.249633e-10	-1.132417e-14	1.249746e-10	1.175778e-14	-1.788520e-05	1.866084e-05	-1.129406e-03	1.128630e-03
7.334704509703442e-01	5.000000e+00	4.929305e+00	4.999811e+00	4.999811e+00	4.415715e+00	-4.999811e-06	4.999811e-06	2.366052e-05	5.842851e-04	6.021703e-04	-1.736576e-03	-1.245921e-10	1.132049e-14	1.245808e-10	-1.119994e-14	-1.788520e-05	1.866084e-05	-1.129406e-03	1.128630e-03
7.344470134703442e-01	5.000000e+00	4.929305e+00	4.999811e+00	4.999811e+00	4.415715e+00	-4.999811e-06	4.999811e-06	2.366052e-05	5.842851e-04	6.021703e-04	-1.736576e-03	-1.249632e-10	-1.131496e-14	1.249745e-10	1.134331e-14	-1.788520e-05	1.866084e-05	-1.129406e-03	1.128630e-03
7.354235759703442e-01	5.000000e+00	4.929305e+00	4.999811e+00	4.999811e+00	4.415715e+00	-4.999811e-06	4.999811e-06	2.366052e-05	5.842851e-04	6.021703e-04	-1.736576e-03	-1.245922e-10	1.130928e-14	1.245809e-10	-1.016371e-14	-1.788520e-05	1.866084e-05	-1.129406e-03	1.128630e-03
7.364001384703442e-01	5.000000e+00	4.929305e+00	4.999811e+00	4.999811e+00	4.415715e+00	-4.999811e-06	4.999811e-06	2.366052e-05	5.842851e-04	6.021703e-04	-1.736576e-03	-1.249631e-10	-1.130461e-14	1.249744e-10	1.175781e-14	-1.788520e-05	1.866084e-05	-1.129406e-03	1.128630e-03
7.373767009703442e-01	5.000000e+00	4.929305e+00	4.999811e+00	4.999811e+00	4.415715e+00	-4.999811e-06	4.999811e-06	2.366052e-05	5.842851e-04	6.021703e-04	-1.736576e-03	-1.245923e-10	1.130126e-14	1.245810e-10	-1.037100e-14	-1.788520e-05	1.866084e-05	-1.129406e-03	1.128630e-03
7.383532634703442e-01	5.000000e+00	4.929305e+00	4.999811e+00	4.999811e+00	4.415715e+00	-4.999811e-06	4.999811e-06	2.366052e-05	5.842851e-04	6.021703e-04	-1.736576e-03	-1.249630e-10	-1.130049e-14	1.249743e-10	1.196506e-14	-1.788520e-05	1.866084e-05	-1.129406e-03	1.128630e-03
7.393298259703442e-01	5.000000e+00	4.929305e+00	4.999811e+00	4.999811e+00	4.415715e+00	-4.999811e-06	4.999811e-06	2.366052e-05	5.842851e-04	6.021703e-04	-1.736576e-03	-1.245924e-10	1.129730e-14	1.245811e-10	-1.057830e-14	-1.788520e-05	1.866084e-05	-1.129406e-03	1.128630e-03
7.403063884703442e-01	5.000000e+00	4.929305e+00	4.999811e+00	4.999811e+00	4.415715e+00	-4.999811e-06	4.999811e-06	2.366052e-05	5.842851e-04	6.021703e-04	-1.736576e-03	-1.249629e-10	-1.129189e-14	1.249742e-10	1.113618e-14	-1.788520e-05	1.866084e-05	-1.129406e-03	1.128630e-03
7.412829509703442e-01	5.000000e+00	4.929305e+00	4.999811e+00	4.999811e+00	4.415715e+00	-4.999811e-06	4.999811e-06	2.366052e-05	5.842851e-04	6.021703e-04	-1.736576e-03	-1.245924e-10	1.128774e-14	1.245812e-10	-1.099280e-14	-1.788520e-05	1.866084e-05	-1.129406e-03	1.128630e-03
7.422595134703442e-01	5.000000e+00	4.929305e+00	4.999811e+00	4.999811e+00	4.415715e+00	-4.999811e-06	4.999811e-06	2.366052e-05	5.842851e-04	6.021703e-04	-1.736576e-03	-1.249628e-10	-1.128452e-14	1.249741e-10	1.134341e-14	-1.788520e-05	1.866084e-05	-1.129406e-03	1.128630e-03
7.432360759703442e-01	5.000000e+00	4.929305e+00	4.999811e+00	4.999811e+00	4.415715e+00	-4.999811e-06	4.999811e-06	2.366052e-05	5.842851e-04	6.021703e-04	-1.736576e-03	-1.245925e-10	1.128293e-14	1.245812e-10	-1.037105e-14	-1.788520e-05	1.866084e-05	-1.129406e-03	1.128630e-03
7.442126384703442e-01	5.000000e+00	4.929305e+00	4.999811e+00	4.999811e+00	4.415715e+00	-4.999811e-06	4.999811e-06	2.366052e-05	5.842851e-04	6.021703e-04	-1.736576e-03	-1.249627e-10	-1.127982e-14	1.249740e-10	1.217247e-14	-1.788520e-05	1.866084e-05	-1.129406e-03	1.128630e-03
7.451892009703442e-01	5.000000e+00	4.929305e+00	4.999811e+00	4.999811e+00	4.415715e+00	-4.999811e-06	4.999811e-06	2.366052e-05	5.842851e-04	6.021703e-04	-1.736576e-03	-1.245926e-10	1.127460e-14	1.245813e-10	-1.099286e-14	-1.788520e-05	1.866084e-05	-1.129406e-03	1.128630e-03
7.461657634703442e-01	5.000000e+00	4.929305e+00	4.999811e+00	4.999811e+00	4.415715e+00	-4.999811e-06	4.999811e-06	2.366052e-05	5.842851e-04	6.021703e-04	-1.736576e-03	-1.249627e-10	-1.126873e-14	1.249739e-10	1.134349e-14	-1.788520e-05	1.866084e-05	-1.129406e-03	1.128630e-03
7.471423259703442e-01	5.000000e+00	4.929305e+00	4.999811e+00	4.999811e+00	4.415715e+00	-4.999811e-06	4.999811e-06	2.366052e-05	5.842851e-04	6.021703e-04	-1.736576e-03	-1.245927e-10	1.126304e-14	1.245814e-10	-1.057840e-14	-1.788520e-05	1.866084e-05	-1.129406e-03	1.128630e-03
7.481188884703442e-01	5.000000e+00	4.929305e+00	4.999811e+00	4.999811e+00	4.415715e+00	-4.999811e-06	4.999811e-06	2.366052e-05	5.842851e-04	6.021703e-04	-1.736576e-03	-1.249626e-10	-1.125944e-14	1.249738e-10	1.134352e-14	-1.788520e-05	1.866084e-05	-1.129406e-03	1.128630e-03
7.490954509703442e-01	5.000000e+00	4.929305e+00	4.999811e+00	4.999811e+00	4.415715e+00	-4.999811e-06	4.999811e-06	2.366052e-05	5.842851e-04	6.021703e-04	-1.736576e-03	-1.245928e-10	1.125704e-14	1.245815e-10	-1.078566e-14	-1.788520e-05	1.866084e-05	-1.129406e-03	1.128630e-03
7.500720134703442e-01	5.000000e+00	4.929305e+00	4.999811e+00	4.999811e+00	4.415715e+00	-4.999811e-06	4.999811e-06	2.366052e-05	5.842851e-04	6.021703e-04	-1.736576e-03	-1.249625e-10	-1.125284e-14	1.249737e-10	1.113632e-14	-1.788520e-05	1.866084e-05	-1.129406e-03	1.128630e-03
7.510485759703442e-01	5.000000e+00	4.929305e+00	4.999811e+00	4.999811e+00	4.415715e+00	-4.999811e-06	4.999811e-06	2.366052e-05	5.842851e-04	6.021703e-04	-1.736576e-03	-1.245929e-10	1.124769e-14	1.245816e-10	-1.078571e-14	-1.788520e-05	1.866084e-05	-1.129406e-03	1.128630e-03
7.520251384703442e-01	5.000000e+00	4.929305e+00	4.999811e+00	4.999811e+00	4.415715e+00	-4.999811e-06	4.999811e-06	2.366052e-05	5.842851e-04	6.021703e-04	-1.736576e-03	-1.249624e-10	-1.124486e-14	1.249737e-10	1.092915e-14	-1.788520e-05	1.866084e-05	-1.129406e-03	1.128630e-03
7.530017009703442e-01	5.000000e+00	4.929305e+00	4.999811e+00	4.999811e+00	4.415715e+00	-4.999811e-06	4.999811e-06	2.366052e-05	5.842851e-04	6.021703e-04	-1.736576e-03	-1.245929e-10	1.124259e-14	1.245817e-10	-1.078569e-14	-1.788520e-05	1.866084e-05	-1.129406e-03	1.128630e-03
7.539782634703442e-01	5.000000e+00	4.929305e+00	4.999811e+00	4.999811e+00	4.415715e+00	-4.999811e-06	4.999811e-06	2.366052e-05	5.842851e-04	6.021703e-04	-1.736576e-03	-1.249623e-10	-1.124106e-14	1.249736e-10	1.092914e-14	-1.788520e-05	1.866084e-05	-1.129406e-03	1.128630e-03
7.549548259703442e-01	5.000000e+00	4.929305e+00	4.999811e+00	4.999811e+00	4.415715e+00	-4.999811e-06	4.999811e-06	2.366052e-05	5.842851e-04	6.021703e-04	-1.736576e-03	-1.245930e-10	1.123838e-14	1.245818e-10	-1.057854e-14	-1.788520e-05	1.866084e-05	-1.129406e-03	1.128630e-03
7.559313884703442e-01	5.000000e+00	4.929305e+00	4.999811e+00	4.999811e+00	4.415715e+00	-4.999811e-06	4.999811e-06	2.366052e-05	5.842851e-04	6.021703e-04	-1.736576e-03	-1.249622e-10	-1.123436e-14	1.249735e-10	1.072191e-14	-1.788520e-05	1.866084e-05	-1.129406e-03	1.128630e-03
7.569079509703442e-01	5.000000e+00	4.929305e+00	4.999811e+00	4.999811e+00	4.415715e+00	-4.999811e-06	4.999811e-06	2.366052e-05	5.842851e-04	6.021703e-04	-1.736576e-03	-1.245931e-10	1.123274e-14	1.245819e-10	-1.078585e-14	-1.788520e-05	1.866084e-05	-1.129406e-03	1.128630e-03
7.578845134703442e-01	5.000000e+00	4.929305e+00	4.999811e+00	4.999811e+00	4.415715e+00	-4.999811e-06	4.999811e-06	2.366052e-05	5.842851e-04	6.021703e-04	-1.736576e-03	-1.249622e-10	-1.123003e-14	1.249734e-10	1.113645e-14	-1.788520e-05	1.866084e-05	-1.129406e-03	1.128630e-03
7.588610759703442e-01	5.000000e+00	4.929305e+00	4.999811e+00	4.999811e+00	4.415715e+00	-4.999811e-06	4.999811e-06	2.366052e-05	5.842851e-04	6.021703e-04	-1.736576e-03	-1.245932e-10	1.122712e-14	1.245820e-10	-1.099309e-14	-1.788520e-05	1.866084e-05	-1.129406e-03	1.128630e-03
7.598376384703442e-01	5.000000e+00	4.929305e+00	4.999811e+00	4.999811e+00	4.415715e+00	-4.999811e-06	4.999811e-06	2.366052e-05	5.842851e-04	6.021703e-04	-1.736576e-03	-1.249621e-10	-1.122711e-14	1.249733e-10	1.113645e-14	-1.788520e-05	1.866084e-05	-1.129406e-03	1.128630e-03
7.608142009703442e-01	5.000000e+00	4.929305e+00	4.999811e+00	4.999811e+00	4.415715e+00	-4.999811e-06	4.999811e-06	2.366052e-05	5.842851e-04	6.021703e-04	-1.736576e-03	-1.245933e-10	1.122620e-14	1.245821e-10	-1.140758e-14	-1.788520e-05	1.866084e-05	-1.129406e-03	1.128630e-03
7.617907634703442e-01	5.000000e+00	4.929305e+00	4.999811e+00	4.999811e+00	4.415715e+00	-4.999811e-06	4.999811e-06	2.366052e-05	5.842851e-04	6.021703e-04	-1.736576e-03	-1.249620e-10	-1.122269e-14	1.249732e-10	1.113648e-14	-1.788520e-05	1.866084e-05	-1.129406e-03	1.128630e-03
7.627673259703442e-01	5.000000e+00	4.929305e+00	4.999811e+00	4.999811e+00	4.415715e+00	-4.999811e-06	4.999811e-06	2.366052e-05	5.842851e-04	6.021703e-04	-1.736576e-03	-1.245934e-10	1.122119e-14	1.245822e-10	-1.057862e-14	-1.788520e-05	1.866084e-05	-1.129406e-03	1.128630e-03
7.637438884703442e-01	5.000000e+00	4.929305e+00	4.999811e+00	4.999811e+00	4.415715e+00	-4.999811e-06	4.999811e-06	2.366052e-05	5.842851e-04	6.021703e-04	-1.736576e-03	-1.249619e-10	-1.121911e-14	1.249731e-10	1.092926e-14	-1.788520e-05	1.866084e-05	-1.129406e-03	1.128630e-03
7.647204509703442e-01	5.000000e+00	4.929305e+00	4.999811e+00	4.999811e+00	4.415715e+00	-4.999811e-06	4.999811e-06	2.366052e-05	5.842851e-04	6.021703e-04	-1.736576e-03	-1.245934e-10	1.121550e-14	1.245822e-10	-1.037144e-14	-1.788520e-05	1.866084e-05	-1.129406e-03	1.128630e-03
7.656970134703442e-01	5.000000e+00	4.929305e+00	4.999811e+00	4.999811e+00	4.415715e+00	-4.999811e-06	4.999811e-06	2.366052e-05	5.842851e-04	6.021703e-04	-1.736576e-03	-1.249618e-10	-1.121365e-14	1.249730e-10	1.155106e-14	-1.788520e-05	1.866084e-05	-1.129406e-03	1.128630e-03
7.666735759703442e-01	5.000000e+00	4.929305e+00	4.999811e+00	4.999811e+00	4.415715e+00	-4.999811e-06	4.999811e-06	2.366052e-05	5.842851e-04	6.021703e-04	-1.736576e-03	-1.245935e-10	1.121319e-14	1.245823e-10	-9.957010e-15	-1.788520e-05	1.866084e-05	-1.129406e-03	1.128630e-03
7.676501384703442e-01	5.000000e+00	4.929305e+00	4.999811e+00	4.999811e+00	4.415715e+00	-4.999811e-06	4.999811e-06	2.366052e-05	5.842851e-04	6.021703e-04	-1.736576e-03	-1.249617e-10	-1.121107e-14	1.249729e-10	1.113657e-14	-1.788520e-05	1.866084e-05	-1.129406e-03	1.128630e-03
7.686267009703442e-01	5.000000e+00	4.929305e+00	4.999811e+00	4.999811e+00	4.415715e+00	-4.999811e-06	4.999811e-06	2.366052e-05	5.842851e-04	6.021703e-04	-1.736576e-03	-1.245936e-10	1.120513e-14	1.245824e-10	-1.037152e-14	-1.788520e-05	1.866084e-05	-1.129406e-03	1.128630e-03
7.696032634703442e-01	5.000000e+00	4.929305e+00	4.999811e+00	4.999811e+00	4.415715e+00	-4.999811e-06	4.999811e-06	2.366052e-05	5.842851e-04	6.021703e-04	-1.736576e-03	-1.249617e-10	-1.119924e-14	1.249729e-10	1.051491e-14	-1.788520e-05	1.866084e-05	-1.129406e-03	1.128630e-03
7.705798259703442e-01	5.000000e+00	4.929305e+00	4.999811e+00	4.999811e+00	4.415715e+00	-4.999811e-06	4.999811e-06	2.366052e-05	5.842851e-04	6.021703e-04	-1.736576e-03	-1.245937e-10	1.119403e-14	1.245825e-10	-1.120054e-14	-1.788520e-05	1.866084e-05	-1.129406e-03	1.128630e-03
7.715563884703442e-01	5.000000e+00	4.929305e+00	4.999811e+00	4.999811e+00	4.415715e+00	-4.999811e-06	4.999811e-06	2.366052e-05	5.842851e-04	6.021703e-04	-1.736576e-03	-1.249616e-10	-1.118964e-14	1.249728e-10	1.113666e-14	-1.788520e-05	1.866084e-05	-1.129406e-03	1.128630e-03
7.725329509703442e-01	5.000000e+00	4.929305e+00	4.999811e+00	4.999811e+00	4.415715e+00	-4.999811e-06	4.999811e-06	2.366052e-05	5.842851e-04	6.021703e-04	-1.736576e-03	-1.245938e-10	1.118625e-14	1.245826e-10	-1.078605e-14	-1.788520e-05	1.866084e-05	-1.129406e-03	1.128630e-03
7.735095134703442e-01	5.000000e+00	4.929305e+00	4.999811e+00	4.999811e+00	4.415715e+00	-4.999811e-06	4.999811e-06	2.366052e-05	5.842851e-04	6.021703e-04	-1.736576e-03	-1.249615e-10	-1.118272e-14	1.249727e-10	1.092945e-14	-1.788520e-05	1.866084e-05	-1.129406e-03	1.128630e-03
7.744860759703442e-01	5.000000e+00	4.929305e+00	4.999811e+00	4.999811e+00	4.415715e+00	-4.999811e-06	4.999811e-06	2.366052e-05	5.842851e-04	6.021703e-04	-1.736576e-03	-1.245939e-10	1.117962e-14	1.245827e-10	-1.016436e-14	-1.788520e-05	1.866084e-05	-1.129406e-03	1.128630e-03
7.754626384703442e-01	5.000000e+00	4.929305e+00	4.999811e+00	4.999811e+00	4.415715e+00	-4.999811e-06	4.999811e-06	2.366052e-05	5.842851e-04	6.021703e-04	-1.736576e-03	-1.249614e-10	-1.117602e-14	1.249726e-10	1.072224e-14	-1.788520e-05	1.866084e-05	-1.129406e-03	1.128630e-03
7.764392009703442e-01	5.000000e+00	4.929305e+00	4.999811e+00	4.999811e+00	4.415715e+00	-4.999811e-06	4.999811e-06	2.366052e-05	5.842851e-04	6.021703e-04	-1.736576e-03	-1.245940e-10	1.117100e-14	1.245828e-10	-1.120056e-14	-1.788520e-05	1.866084e-05	-1.129406e-03	1.128630e-03
7.774157634703442e-01	5.000000e+00	4.929305e+00	4.999811e+00	4.999811e+00	4.415715e+00	-4.999811e-06	4.999811e-06	2.366052e-05	5.842851e-04	6.021703e-04	-1.736576e-03	-1.249613e-10	-1.116679e-14	1.249725e-10	1.030785e-14	-1.788520e-05	1.866084e-05	-1.129406e-03	1.128630e-03
7.783923259703442e-01	5.000000e+00	4.929305e+00	4.999811e+00	4.999811e+00	4.415715e+00	-4.999811e-06	4.999811e-06	2.366052e-05	5.842851e-04	6.021703e-04	-1.736576e-03	-1.245940e-10	1.116383e-14	1.245829e-10	-1.016441e-14	-1.788520e-05	1.866084e-05	-1.129406e-03	1.128630e-03
7.793688884703442e-01	5.000000e+00	4.929305e+00	4.999811e+00	4.999811e+00	4.415715e+00	-4.999811e-06	4.999811e-06	2.366052e-05	5.842851e-04	6.021703e-04	-1.736576e-03	-1.249612e-10	-1.116063e-14	1.249724e-10	1.092955e-14	-1.788520e-05	1.866084e-05	-1.129406e-03	1.128630e-03
7.803454509703442e-01	5.000000e+00	4.929305e+00	4.999811e+00	4.999811e+00	4.415715e+00	-4.999811e-06	4.999811e-06	2.366052e-05	5.842851e-04	6.021703e-04	-1.736576e-03	-1.245941e-10	1.115759e-14	1.245830e-10	-1.057893e-14	-1.788520e-05	1.866084e-05	-1.129406e-03	1.128630e-03
7.813220134703442e-01	5.000000e+00	4.929305e+00	4.999811e+00	4.999811e+00	4.415715e+00	-4.999811e-06	4.999811e-06	2.366052e-05	5.842851e-04	6.021703e-04	-1.736576e-03	-1.249611e-10	-1.115454e-14	1.249723e-10	1.092956e-14	-1.788520e-05	1.866084e-05	-1.129406e-03	1.128630e-03
7.822985759703442e-01	5.000000e+00	4.929305e+00	4.999811e+00	4.999811e+00	4.415715e+00	-4.999811e-06	4.999811e-06	2.366052e-05	5.842851e-04	6.021703e-04	-1.736576e-03	-1.245942e-10	1.115250e-14	1.245831e-10	-9.957250e-15	-1.788520e-05	1.866084e-05	-1.129406e-03	1.128630e-03
7.832751384703442e-01	5.000000e+00	4.929305e+00	4.999811e+00	4.999811e+00	4.415715e+00	-4.999811e-06	4.999811e-06	2.366052e-05	5.842851e-04	6.021703e-04	-1.736576e-03	-1.249611e-10	-1.115134e-14	1.249722e-10	1.155135e-14	-1.788520e-05	1.866084e-05	-1.129406e-03	1.128630e-03
7.842517009703442e-01	5.000000e+00	4.929305e+00	4.999811e+00	4.999811e+00	4.415715e+00	-4.999811e-06	4.999811e-06	2.366052e-05	5.842851e-04	6.021703e-04	-1.736576e-03	-1.245943e-10	1.114782e-14	1.245831e-10	-1.057892e-14	-1.788520e-05	1.866084e-05	-1.129406e-03	1.128630e-03
7.852282634703442e-01	5.000000e+00	4.929305e+00	4.999811e+00	4.999811e+00	4.415715e+00	-4.999811e-06	4.999811e-06	2.366052e-05	5.842851e-04	6.021703e-04	-1.736576e-03	-1.249610e-10	-1.114478e-14	1.249721e-10	1.196583e-14	-1.788520e-05	1.866084e-05	-1.129406e-03	1.128630e-03
7.862048259703442e-01	5.000000e+00	4.929305e+00	4.999811e+00	4.999811e+00	4.415715e+00	-4.999811e-06	4.999811e-06	2.366052e-05	5.842851e-04	6.021703e-04	-1.736576e-03	-1.245944e-10	1.114408e-14	1.245832e-10	-1.161523e-14	-1.788520e-05	1.866084e-05	-1.129406e-03	1.128630e-03
7.871813884703442e-01	5.000000e+00	4.929305e+00	4.999811e+00	4.999811e+00	4.415715e+00	-4.999811e-06	4.999811e-06	2.366052e-05	5.842851e-04	6.021703e-04	-1.736576e-03	-1.249609e-10	-1.114071e-14	1.249720e-10	1.092963e-14	-1.788520e-05	1.866084e-05	-1.129406e-03	1.128630e-03
7.881579509703442e-01	5.000000e+00	4.929305e+00	4.999811e+00	4.999811e+00	4.415715e+00	-4.999811e-06	4.999811e-06	2.366052e-05	5.842851e-04	6.021703e-04	-1.736576e-03	-1.245945e-10	1.113446e-14	1.245833e-10	-1.099351e-14	-1.788520e-05	1.866084e-05	-1.129406e-03	1.128630e-03
7.891345134703442e-01	5.000000e+00	4.929305e+00	4.999811e+00	4.999811e+00	4.415715e+00	-4.999811e-06	4.999811e-06	2.366052e-05	5.842851e-04	6.021703e-04	-1.736576e-03	-1.249608e-10	-1.113088e-14	1.249719e-10	1.155142e-14	-1.788520e-05	1.866084e-05	-1.129406e-03	1.128630e-03
7.901110759703442e-01	5.000000e+00	4.929305e+00	4.999811e+00	4.999811e+00	4.415715e+00	-4.999811e-06	4.999811e-06	2.366052e-05	5.842851e-04	6.021703e-04	-1.736576e-03	-1.245945e-10	1.112988e-14	1.245834e-10	-1.057903e-14	-1.788520e-05	1.866084e-05	-1.129406e-03	1.128630e-03
7.910876384703442e-01	5.000000e+00	4.929305e+00	4.999811e+00	4.999811e+00	4.415715e+00	-4.999811e-06	4.999811e-06	2.366052e-05	5.842851e-04	6.021703e-04	-1.736576e-03	-1.249607e-10	-1.112722e-14	1.249719e-10	1.092981e-14	-1.788520e-05	1.866084e-05	-1.129406e-03	1.128630e-03
7.920642009703442e-01	5.000000e+00	4.929305e+00	4.999811e+00	4.999811e+00	4.415715e+00	-4.999811e-06	4.999811e-06	2.366052e-05	5.842851e-04	6.021703e-04	-1.736576e-03	-1.245946e-10	1.112335e-14	1.245835e-10	-9.957411e-15	-1.788520e-05	1.866084e-05	-1.129406e-03	1.128630e-03
7.930407634703442e-01	5.000000e+00	4.929305e+00	4.999811e+00	4.999811e+00	4.415715e+00	-4.999811e-06	4.999811e-06	2.366052e-05	5.842851e-04	6.021703e-04	-1.736576e-03	-1.249606e-10	-1.112061e-14	1.249718e-10	1.113707e-14	-1.788520e-05	1.866084e-05	-1.129406e-03	1.128630e-03
7.940173259703442e-01	5.000000e+00	4.929305e+00	4.999811e+00	4.999811e+00	4.415715e+00	-4.999811e-06	4.999811e-06	2.366052e-05	5.842851e-04	6.021703e-04	-1.736576e-03	-1.245947e-10	1.111778e-14	1.245836e-10	-1.057915e-14	-1.788520e-05	1.866084e-05	-1.129406e-03	1.128630e-03
7.949938884703442e-01	5.000000e+00	4.929305e+00	4.999811e+00	4.999811e+00	4.415715e+00	-4.999811e-06	4.999811e-06	2.366052e-05	5.842851e-04	6.021703e-04	-1.736576e-03	-1.249606e-10	-1.111513e-14	1.249717e-10	1.092979e-14	-1.788520e-05	1.866084e-05	-1.129406e-03	1.128630e-03
7.959704509703442e-01	5.000000e+00	4.929305e+00	4.999811e+00	4.999811e+00	4.415715e+00	-4.999811e-06	4.999811e-06	2.366052e-05	5.842851e-04	6.021703e-04	-1.736576e-03	-1.245948e-10	1.111305e-14	1.245837e-10	-1.037193e-14	-1.788520e-05	1.866084e-05	-1.129406e-03	1.128630e-03
7.969470134703442e-01	5.000000e+00	4.929305e+00	4.999811e+00	4.999811e+00	4.415715e+00	-4.999811e-06	4.999811e-06	2.366052e-05	5.842851e-04	6.021703e-04	-1.736576e-03	-1.249605e-10	-1.110861e-14	1.249716e-10	1.217328e-14	-1.788520e-05	1.866084e-05	-1.129406e-03	1.128630e-03
7.979235759703442e-01	5.000000e+00	4.929305e+00	4.999811e+00	4.999811e+00	4.415715e+00	-4.999811e-06	4.999811e-06	2.366052e-05	5.842851e-04	6.021703e-04	-1.736576e-03	-1.245949e-10	1.110424e-14	1.245838e-10	-1.016472e-14	-1.788520e-05	1.866084e-05	-1.129406e-03	1.128630e-03
7.989001384703442e-01	5.000000e+00	4.929305e+00	4.999811e+00	4.999811e+00	4.415715e+00	-4.999811e-06	4.999811e-06	2.366052e-05	5.842851e-04	6.021703e-04	-1.736576e-03	-1.249604e-10	-1.110028e-14	1.249715e-10	1.092986e-14	-1.788520e-05	1.866084e-05	-1.129406e-03	1.128630e-03
7.998767009703442e-01	5.000000e+00	4.929305e+00	4.999811e+00	4.999811e+00	4.415715e+00	-4.999811e-06	4.999811e-06	2.366052e-05	5.842851e-04	6.021703e-04	-1.736576e-03	-1.245950e-10	1.109569e-14	1.245839e-10	-1.078648e-14	-1.788520e-05	1.866084e-05	-1.129406e-03	1.128630e-03
8.008532634703442e-01	5.000000e+00	4.929305e+00	4.999811e+00	4.999811e+00	4.415715e+00	-4.999811e-06	4.999811e-06	2.366052e-05	5.842851e-04	6.021703e-04	-1.736576e-03	-1.249603e-10	-1.109362e-14	1.249714e-10	1.072261e-14	-1.788520e-05	1.866084e-05	-1.129406e-03	1.128630e-03
8.018298259703442e-01	5.000000e+00	4.929305e+00	4.999811e+00	4.999811e+00	4.415715e+00	-4.999811e-06	4.999811e-06	2.366052e-05	5.842851e-04	6.021703e-04	-1.736576e-03	-1.245951e-10	1.109268e-14	1.245840e-10	-1.099372e-14	-1.788520e-05	1.866084e-05	-1.129406e-03	1.128630e-03
8.028063884703442e-01	5.000000e+00	4.929305e+00	4.999811e+00	4.999811e+00	4.415715e+00	-4.999811e-06	4.999811e-06	2.366052e-05	5.842851e-04	6.021703e-04	-1.736576e-03	-1.249602e-10	-1.108943e-14	1.249713e-10	1.113712e-14	-1.788520e-05	1.866084e-05	-1.129406e-03	1.128630e-03
8.037829509703442e-01	5.000000e+00	4.929305e+00	4.999811e+00	4.999811e+00	4.415715e+00	-4.999811e-06	4.999811e-06	2.366052e-05	5.842851e-04	6.021703e-04	-1.736576e-03	-1.245951e-10	1.108574e-14	1.245841e-10	-1.057925e-14	-1.788520e-05	1.866084e-05	-1.129406e-03	1.128630e-03
8.047595134703442e-01	5.000000e+00	4.929305e+00	4.999811e+00	4.999811e+00	4.415715e+00	-4.999811e-06	4.999811e-06	2.366052e-05	5.842851e-04	6.021703e-04	-1.736576e-03	-1.249601e-10	-1.108324e-14	1.249712e-10	1.134443e-14	-1.788520e-05	1.866084e-05	-1.129406e-03	1.128630e-03
8.057360759703442e-01	5.000000e+00	4.929305e+00	4.999811e+00	4.999811e+00	4.415715e+00	-4.999811e-06	4.999811e-06	2.366052e-05	5.842851e-04	6.021703e-04	-1.736576e-03	-1.245952e-10	1.107998e-14	1.245841e-10	-1.099383e-14	-1.788520e-05	1.866084e-05	-1.129406e-03	1.128630e-03
8.067126384703442e-01	5.000000e+00	4.929305e+00	4.999811e+00	4.999811e+00	4.415715e+00	-4.999811e-06	4.999811e-06	2.366052e-05	5.842851e-04	6.021703e-04	-1.736576e-03	-1.249600e-10	-1.107664e-14	1.249711e-10	1.093000e-14	-1.788520e-05	1.866084e-05	-1.129406e-03	1.128630e-03
8.076892009703442e-01	5.000000e+00	4.929305e+00	4.999811e+00	4.999811e+00	4.415715e+00	-4.999811e-06	4.999811e-06	2.366052e-05	5.842851e-04	6.021703e-04	-1.736576e-03	-1.245953e-10	1.107392e-14	1.245842e-10	-9.750363e-15	-1.788520e-05	1.866084e-05	-1.129406e-03	1.128630e-03
8.086657634703442e-01	5.000000e+00	4.929305e+00	4.999811e+00	4.999811e+00	4.415715e+00	-4.999811e-06	4.999811e-06	2.366052e-05	5.842851e-04	6.021703e-04	-1.736576e-03	-1.249600e-10	-1.107112e-14	1.249710e-10	1.196626e-14	-1.788520e-05	1.866084e-05	-1.129406e-03	1.128630e-03
8.096423259703442e-01	5.000000e+00	4.929305e+00	4.999811e+00	4.999811e+00	4.415715e+00	-4.999811e-06	4.999811e-06	2.366052e-05	5.842851e-04	6.021703e-04	-1.736576e-03	-1.245954e-10	1.106881e-14	1.245843e-10	-1.057941e-14	-1.788520e-05	1.866084e-05	-1.129406e-03	1.128630e-03
8.106188884703442e-01	5.000000e+00	4.929305e+00	4.999811e+00	4.999811e+00	4.415715e+00	-4.999811e-06	4.999811e-06	2.366052e-05	5.842851e-04	6.021703e-04	-1.736576e-03	-1.249599e-10	-1.106750e-14	1.249710e-10	1.113727e-14	-1.788520e-05	1.866084e-05	-1.129406e-03	1.128630e-03
8.115954509703442e-01	5.000000e+00	4.929305e+00	4.999811e+00	4.999811e+00	4.415715e+00	-4.999811e-06	4.999811e-06	2.366052e-05	5.842851e-04	6.021703e-04	-1.736576e-03	-1.245955e-10	1.106580e-14	1.245844e-10	-1.057939e-14	-1.788520e-05	1.866084e-05	-1.129406e-03	1.128630e-03
8.125720134703442e-01	5.000000e+00	4.929305e+00	4.999811e+00	4.999811e+00	4.415715e+00	-4.999811e-06	4.999811e-06	2.366052e-05	5.842851e-04	6.021703e-04	-1.736576e-03	-1.249598e-10	-1.106377e-14	1.249709e-10	1.113732e-14	-1.788520e-05	1.866084e-05	-1.129406e-03	1.128630e-03
8.135485759703442e-01	5.000000e+00	4.929305e+00	4.999811e+00	4.999811e+00	4.415715e+00	-4.999811e-06	4.999811e-06	2.366052e-05	5.842851e-04	6.021703e-04	-1.736576e-03	-1.245956e-10	1.106155e-14	1.245845e-10	-1.078672e-14	-1.788520e-05	1.866084e-05	-1.129406e-03	1.128630e-03
8.145251384703442e-01	5.000000e+00	4.929305e+00	4.999811e+00	4.999811e+00	4.415715e+00	-4.999811e-06	4.999811e-06	2.366052e-05	5.842851e-04	6.021703e-04	-1.736576e-03	-1.249597e-10	-1.105747e-14	1.249708e-10	1.072283e-14	-1.788520e-05	1.866084e-05	-1.129406e-03	1.128630e-03
8.155017009703442e-01	5.000000e+00	4.929305e+00	4.999811e+00	4.999811e+00	4.415715e+00	-4.999811e-06	4.999811e-06	2.366052e-05	5.842851e-04	6.021703e-04	-1.736576e-03	-1.245956e-10	1.105422e-14	1.245846e-10	-1.057945e-14	-1.788520e-05	1.866084e-05	-1.129406e-03	1.128630e-03
8.164782634703442e-01	5.000000e+00	4.929305e+00	4.999811e+00	4.999811e+00	4.415715e+00	-4.999811e-06	4.999811e-06	2.366052e-05	5.842851e-04	6.021703e-04	-1.736576e-03	-1.249596e-10	-1.105100e-14	1.249707e-10	1.093010e-14	-1.788520e-05	1.866084e-05	-1.129406e-03	1.128630e-03
8.174548259703442e-01	5.000000e+00	4.929305e+00	4.999811e+00	4.999811e+00	4.415715e+00	-4.999811e-06	4.999811e-06	2.366052e-05	5.842851e-04	6.021703e-04	-1.736576e-03	-1.245957e-10	1.104689e-14	1.245847e-10	-1.057952e-14	-1.788520e-05	1.866084e-05	-1.129406e-03	1.128630e-03
8.184313884703442e-01	5.000000e+00	4.929305e+00	4.999811e+00	4.999811e+00	4.415715e+00	-4.999811e-06	4.999811e-06	2.366052e-05	5.842851e-04	6.021703e-04	-1.736576e-03	-1.249595e-10	-1.104423e-14	1.249706e-10	1.113737e-14	-1.788520e-05	1.866084e-05	-1.129406e-03	1.128630e-03
8.194079509703442e-01	5.000000e+00	4.929305e+00	4.999811e+00	4.999811e+00	4.415715e+00	-4.999811e-06	4.999811e-06	2.366052e-05	5.842851e-04	6.021703e-04	-1.736576e-03	-1.245958e-10	1.104200e-14	1.245848e-10	-1.078680e-14	-1.788520e-05	1.866084e-05	-1.129406e-03	1.128630e-03
8.203845134703442e-01	5.000000e+00	4.929305e+00	4.999811e+00	4.999811e+00	4.415715e+00	-4.999811e-06	4.999811e-06	2.366052e-05	5.842851e-04	6.021703e-04	-1.736576e-03	-1.249595e-10	-1.103836e-14	1.249705e-10	1.175916e-14	-1.788520e-05	1.866084e-05	-1.129406e-03	1.128630e-03
8.213610759703442e-01	5.000000e+00	4.929305e+00	4.999811e+00	4.999811e+00	4.415715e+00	-4.999811e-06	4.999811e-06	2.366052e-05	5.842851e-04	6.021703e-04	-1.736576e-03	-1.245959e-10	1.103332e-14	1.245849e-10	-9.957841e-15	-1.788520e-05	1.866084e-05	-1.129406e-03	1.128630e-03
8.223376384703442e-01	5.000000e+00	4.929305e+00	4.999811e+00	4.999811e+00	4.415715e+00	-4.999811e-06	4.999811e-06	2.366052e-05	5.842851e-04	6.021703e-04	-1.736576e-03	-1.249594e-10	-1.102828e-14	1.249704e-10	1.113745e-14	-1.788520e-05	1.866084e-05	-1.129406e-03	1.128630e-03
8.233142009703442e-01	5.000000e+00	4.929305e+00	4.999811e+00	4.999811e+00	4.415715e+00	-4.999811e-06	4.999811e-06	2.366052e-05	5.842851e-04	6.021703e-04	-1.736576e-03	-1.245960e-10	1.102221e-14	1.245850e-10	-1.099410e-14	-1.788520e-05	1.866084e-05	-1.129406e-03	1.128630e-03
8.242907634703442e-01	5.000000e+00	4.929305e+00	4.999811e+00	4.999811e+00	4.415715e+00	-4.999811e-06	4.999811e-06	2.366052e-05	5.842851e-04	6.021703e-04	-1.736576e-03	-1.249593e-10	-1.101783e-14	1.249703e-10	1.155196e-14	-1.788520e-05	1.866084e-05	-1.129406e-03	1.128630e-03
8.252673259703442e-01	5.000000e+00	4.929305e+00	4.999811e+00	4.999811e+00	4.415715e+00	-4.999811e-06	4.999811e-06	2.366052e-05	5.842851e-04	6.021703e-04	-1.736576e-03	-1.245961e-10	1.101477e-14	1.245850e-10	-1.016518e-14	-1.788520e-05	1.866084e-05	-1.129406e-03	1.128630e-03
8.262438884703442e-01	5.000000e+00	4.929305e+00	4.999811e+00	4.999811e+00	4.415715e+00	-4.999811e-06	4.999811e-06	2.366052e-05	5.842851e-04	6.021703e-04	-1.736576e-03	-1.249592e-10	-1.101228e-14	1.249702e-10	1.093029e-14	-1.788520e-05	1.866084e-05	-1.129406e-03	1.128630e-03
8.272204509703442e-01	5.000000e+00	4.929305e+00	4.999811e+00	4.999811e+00	4.415715e+00	-4.999811e-06	4.999811e-06	2.366052e-05	5.842851e-04	6.021703e-04	-1.736576e-03	-1.245961e-10	1.101142e-14	1.245851e-10	-9.750684e-15	-1.788520e-05	1.866084e-05	-1.129406e-03	1.128630e-03
8.281970134703442e-01	5.000000e+00	4.929305e+00	4.999811e+00	4.999811e+00	4.415715e+00	-4.999811e-06	4.999811e-06	2.366052e-05	5.842851e-04	6.021703e-04	-1.736576e-03	-1.249591e-10	-1.101054e-14	1.249701e-10	1.072308e-14	-1.788520e-05	1.866084e-05	-1.129406e-03	1.128630e-03
8.291735759703442e-01	5.000000e+00	4.929305e+00	4.999811e+00	4.999811e+00	4.415715e+00	-4.999811e-06	4.999811e-06	2.366052e-05	5.842851e-04	6.021703e-04	-1.736576e-03	-1.245962e-10	1.100934e-14	1.245852e-10	-1.057970e-14	-1.788520e-05	1.866084e-05	-1.129406e-03	1.128630e-03
8.301501384703442e-01	5.000000e+00	4.929305e+00	4.999811e+00	4.999811e+00	4.415715e+00	-4.999811e-06	4.999811e-06	2.366052e-05	5.842851e-04	6.021703e-04	-1.736576e-03	-1.249590e-10	-1.100553e-14	1.249700e-10	1.030868e-14	-1.788520e-05	1.866084e-05	-1.129406e-03	1.128630e-03
8.311267009703442e-01	5.000000e+00	4.929305e+00	4.999811e+00	4.999811e+00	4.415715e+00	-4.999811e-06	4.999811e-06	2.366052e-05	5.842851e-04	6.021703e-04	-1.736576e-03	-1.245963e-10	1.100171e-14	1.245853e-10	-9.543489e-15	-1.788520e-05	1.866084e-05	-1.129406e-03	1.128630e-03
8.321032634703442e-01	5.000000e+00	4.929305e+00	4.999811e+00	4.999811e+00	4.415715e+00	-4.999811e-06	4.999811e-06	2.366052e-05	5.842851e-04	6.021703e-04	-1.736576e-03	-1.249590e-10	-1.100124e-14	1.249700e-10	1.113761e-14	-1.788520e-05	1.866084e-05	-1.129406e-03	1.128630e-03
8.330798259703442e-01	5.000000e+00	4.929305e+00	4.999811e+00	4.999811e+00	4.415715e+00	-4.999811e-06	4.999811e-06	2.366052e-05	5.842851e-04	6.021703e-04	-1.736576e-03	-1.245964e-10	1.100106e-14	1.245854e-10	-9.750809e-15	-1.788520e-05	1.866084e-05	-1.129406e-03	1.128630e-03
8.340563884703442e-01	5.000000e+00	4.929305e+00	4.999811e+00	4.999811e+00	4.415715e+00	-4.999811e-06	4.999811e-06	2.366052e-05	5.842851e-04	6.021703e-04	-1.736576e-03	-1.249589e-10	-1.099694e-14	1.249699e-10	1.093038e-14	-1.788520e-05	1.866084e-05	-1.129406e-03	1.128630e-03
8.350329509703442e-01	5.000000e+00	4.929305e+00	4.999811e+00	4.999811e+00	4.415715e+00	-4.999811e-06	4.999811e-06	2.366052e-05	5.842851e-04	6.021703e-04	-1.736576e-03	-1.245965e-10	1.099205e-14	1.245855e-10	-1.078706e-14	-1.788520e-05	1.866084e-05	-1.129406e-03	1.128630e-03
8.360095134703442e-01	5.000000e+00	4.929305e+00	4.999811e+00	4.999811e+00	4.415715e+00	-4.999811e-06	4.999811e-06	2.366052e-05	5.842851e-04	6.021703e-04	-1.736576e-03	-1.249588e-10	-1.099097e-14	1.249698e-10	1.072321e-14	-1.788520e-05	1.866084e-05	-1.129406e-03	1.128630e-03
8.369860759703442e-01	5.000000e+00	4.929305e+00	4.999811e+00	4.999811e+00	4.415715e+00	-4.999811e-06	4.999811e-06	2.366052e-05	5.842851e-04	6.021703e-04	-1.736576e-03	-1.245966e-10	1.099087e-14	1.245856e-10	-1.120157e-14	-1.788520e-05	1.866084e-05	-1.129406e-03	1.128630e-03
8.379626384703442e-01	5.000000e+00	4.929305e+00	4.999811e+00	4.999811e+00	4.415715e+00	-4.999811e-06	4.999811e-06	2.366052e-05	5.842851e-04	6.021703e-04	-1.736576e-03	-1.249587e-10	-1.098817e-14	1.249697e-10	1.072321e-14	-1.788520e-05	1.866084e-05	-1.129406e-03	1.128630e-03
8.389392009703442e-01	5.000000e+00	4.929305e+00	4.999811e+00	4.999811e+00	4.415715e+00	-4.999811e-06	4.999811e-06	2.366052e-05	5.842851e-04	6.021703e-04	-1.736576e-03	-1.245966e-10	1.098495e-14	1.245856e-10	-9.543678e-15	-1.788520e-05	1.866084e-05	-1.129406e-03	1.128630e-03
8.399157634703442e-01	5.000000e+00	4.929305e+00	4.999811e+00	4.999811e+00	4.415715e+00	-4.999811e-06	4.999811e-06	2.366052e-05	5.842851e-04	6.021703e-04	-1.736576e-03	-1.249586e-10	-1.098312e-14	1.249696e-10	1.113780e-14	-1.788520e-05	1.866084e-05	-1.129406e-03	1.128630e-03
8.408923259703442e-01	5.000000e+00	4.929305e+00	4.999811e+00	4.999811e+00	4.415715e+00	-4.999811e-06	4.999811e-06	2.366052e-05	5.842851e-04	6.021703e-04	-1.736576e-03	-1.245967e-10	1.098051e-14	1.245857e-10	-1.037264e-14	-1.788520e-05	1.866084e-05	-1.129406e-03	1.128630e-03
8.418688884703442e-01	5.000000e+00	4.929305e+00	4.999811e+00	4.999811e+00	4.415715e+00	-4.999811e-06	4.999811e-06	2.366052e-05	5.842851e-04	6.021703e-04	-1.736576e-03	-1.249585e-10	-1.097561e-14	1.249695e-10	1.155226e-14	-1.788520e-05	1.866084e-05	-1.129406e-03	1.128630e-03
8.428454509703442e-01	5.000000e+00	4.929305e+00	4.999811e+00	4.999811e+00	4.415715e+00	-4.999811e-06	4.999811e-06	2.366052e-05	5.842851e-04	6.021703e-04	-1.736576e-03	-1.245968e-10	1.097228e-14	1.245858e-10	-1.057990e-14	-1.788520e-05	1.866084e-05	-1.129406e-03	1.128630e-03
8.438220134703442e-01	5.000000e+00	4.929305e+00	4.999811e+00	4.999811e+00	4.415715e+00	-4.999811e-06	4.999811e-06	2.366052e-05	5.842851e-04	6.021703e-04	-1.736576e-03	-1.249585e-10	-1.096978e-14	1.249694e-10	1.072336e-14	-1.788520e-05	1.866084e-05	-1.129406e-03	1.128630e-03
8.447985759703442e-01	5.000000e+00	4.929305e+00	4.999811e+00	4.999811e+00	4.415715e+00	-4.999811e-06	4.999811e-06	2.366052e-05	5.842851e-04	6.021703e-04	-1.736576e-03	-1.245969e-10	1.096687e-14	1.245859e-10	-1.057993e-14	-1.788520e-05	1.866084e-05	-1.129406e-03	1.128630e-03
8.457751384703442e-01	5.000000e+00	4.929305e+00	4.999811e+00	4.999811e+00	4.415715e+00	-4.999811e-06	4.999811e-06	2.366052e-05	5.842851e-04	6.021703e-04	-1.736576e-03	-1.249584e-10	-1.096407e-14	1.249693e-10	1.072334e-14	-1.788520e-05	1.866084e-05	-1.129406e-03	1.128630e-03
8.467517009703442e-01	5.000000e+00	4.929305e+00	4.999811e+00	4.999811e+00	4.415715e+00	-4.999811e-06	4.999811e-06	2.366052e-05	5.842851e-04	6.021703e-04	-1.736576e-03	-1.245970e-10	1.096115e-14	1.245860e-10	-1.016552e-14	-1.788520e-05	1.866084e-05	-1.129406e-03	1.128630e-03
8.477282634703442e-01	5.000000e+00	4.929305e+00	4.999811e+00	4.999811e+00	4.415715e+00	-4.999811e-06	4.999811e-06	2.366052e-05	5.842851e-04	6.021703e-04	-1.736576e-03	-1.249583e-10	-1.095822e-14	1.249693e-10	1.155238e-14	-1.788520e-05	1.866084e-05	-1.129406e-03	1.128630e-03
8.487048259703442e-01	5.000000e+00	4.929305e+00	4.999811e+00	4.999811e+00	4.415715e+00	-4.999811e-06	4.999811e-06	2.366052e-05	5.842851e-04	6.021703e-04	-1.736576e-03	-1.245971e-10	1.095515e-14	1.245861e-10	-1.058000e-14	-1.788520e-05	1.866084e-05	-1.129406e-03	1.128630e-03
8.496813884703442e-01	5.000000e+00	4.929305e+00	4.999811e+00	4.999811e+00	4.415715e+00	-4.999811e-06	4.999811e-06	2.366052e-05	5.842851e-04	6.021703e-04	-1.736576e-03	-1.249582e-10	-1.095345e-14	1.249692e-10	1.051615e-14	-1.788520e-05	1.866084e-05	-1.129406e-03	1.128630e-03
8.506579509703442e-01	5.000000e+00	4.929305e+00	4.999811e+00	4.999811e+00	4.415715e+00	-4.999811e-06	4.999811e-06	2.366052e-05	5.842851e-04	6.021703e-04	-1.736576e-03	-1.245971e-10	1.095263e-14	1.245862e-10	-1.037276e-14	-1.788520e-05	1.866084e-05	-1.129406e-03	1.128630e-03
8.516345134703442e-01	5.000000e+00	4.929305e+00	4.999811e+00	4.999811e+00	4.415715e+00	-4.999811e-06	4.999811e-06	2.366052e-05	5.842851e-04	6.021703e-04	-1.736576e-03	-1.249581e-10	-1.095136e-14	1.249691e-10	1.155242e-14	-1.788520e-05	1.866084e-05	-1.129406e-03	1.128630e-03
8.526110759703442e-01	5.000000e+00	4.929305e+00	4.999811e+00	4.999811e+00	4.415715e+00	-4.999811e-06	4.999811e-06	2.366052e-05	5.842851e-04	6.021703e-04	-1.736576e-03	-1.245972e-10	1.094823e-14	1.245863e-10	-1.016559e-14	-1.788520e-05	1.866084e-05	-1.129406e-03	1.128630e-03
8.535876384703442e-01	5.000000e+00	4.929305e+00	4.999811e+00	4.999811e+00	4.415715e+00	-4.999811e-06	4.999811e-06	2.366052e-05	5.842851e-04	6.021703e-04	-1.736576e-03	-1.249580e-10	-1.094459e-14	1.249690e-10	1.072347e-14	-1.788520e-05	1.866084e-05	-1.129406e-03	1.128630e-03
8.545642009703442e-01	5.000000e+00	4.929305e+00	4.999811e+00	4.999811e+00	4.415715e+00	-4.999811e-06	4.999811e-06	2.366052e-05	5.842851e-04	6.021703e-04	-1.736576e-03	-1.245973e-10	1.094226e-14	1.245864e-10	-1.037288e-14	-1.788520e-05	1.866084e-05	-1.129406e-03	1.128630e-03
8.555407634703442e-01	5.000000e+00	4.929305e+00	4.999811e+00	4.999811e+00	4.415715e+00	-4.999811e-06	4.999811e-06	2.366052e-05	5.842851e-04	6.021703e-04	-1.736576e-03	-1.249580e-10	-1.093986e-14	1.249689e-10	1.051623e-14	-1.788520e-05	1.866084e-05	-1.129406e-03	1.128630e-03
8.565173259703442e-01	5.000000e+00	4.929305e+00	4.999811e+00	4.999811e+00	4.415715e+00	-4.999811e-06	4.999811e-06	2.366052e-05	5.842851e-04	6.021703e-04	-1.736576e-03	-1.245974e-10	1.093676e-14	1.245865e-10	-1.078735e-14	-1.788520e-05	1.866084e-05	-1.129406e-03	1.128630e-03
8.574938884703442e-01	5.000000e+00	4.929305e+00	4.999811e+00	4.999811e+00	4.415715e+00	-4.999811e-06	4.999811e-06	2.366052e-05	5.842851e-04	6.021703e-04	-1.736576e-03	-1.249579e-10	-1.093250e-14	1.249688e-10	1.134529e-14	-1.788520e-05	1.866084e-05	-1.129406e-03	1.128630e-03
8.584704509703442e-01	5.000000e+00	4.929305e+00	4.999811e+00	4.999811e+00	4.415715e+00	-4.999811e-06	4.999811e-06	2.366052e-05	5.842851e-04	6.021703e-04	-1.736576e-03	-1.245975e-10	1.092772e-14	1.245865e-10	-9.543895e-15	-1.788520e-05	1.866084e-05	-1.129406e-03	1.128630e-03
8.594470134703442e-01	5.000000e+00	4.929305e+00	4.999811e+00	4.999811e+00	4.415715e+00	-4.999811e-06	4.999811e-06	2.366052e-05	5.842851e-04	6.021703e-04	-1.736576e-03	-1.249578e-10	-1.092337e-14	1.249687e-10	1.093079e-14	-1.788520e-05	1.866084e-05	-1.129406e-03	1.128630e-03
8.604235759703442e-01	5.000000e+00	4.929305e+00	4.999811e+00	4.999811e+00	4.415715e+00	-4.999811e-06	4.999811e-06	2.366052e-05	5.842851e-04	6.021703e-04	-1.736576e-03	-1.245976e-10	1.092086e-14	1.245866e-10	-9.544009e-15	-1.788520e-05	1.866084e-05	-1.129406e-03	1.128630e-03
8.614001384703442e-01	5.000000e+00	4.929305e+00	4.999811e+00	4.999811e+00	4.415715e+00	-4.999811e-06	4.999811e-06	2.366052e-05	5.842851e-04	6.021703e-04	-1.736576e-03	-1.249577e-10	-1.092113e-14	1.249686e-10	1.051636e-14	-1.788520e-05	1.866084e-05	-1.129406e-03	1.128630e-03
8.623767009703442e-01	5.000000e+00	4.929305e+00	4.999811e+00	4.999811e+00	4.415715e+00	-4.999811e-06	4.999811e-06	2.366052e-05	5.842851e-04	6.021703e-04	-1.736576e-03	-1.245976e-10	1.092069e-14	1.245867e-10	-1.058021e-14	-1.788520e-05	1.866084e-05	-1.129406e-03	1.128630e-03
8.633532634703442e-01	5.000000e+00	4.929305e+00	4.999811e+00	4.999811e+00	4.415715e+00	-4.999811e-06	4.999811e-06	2.366052e-05	5.842851e-04	6.021703e-04	-1.736576e-03	-1.249576e-10	-1.091648e-14	1.249685e-10	1.051636e-14	-1.788520e-05	1.866084e-05	-1.129406e-03	1.128630e-03
8.643298259703442e-01	5.000000e+00	4.929305e+00	4.999811e+00	4.999811e+00	4.415715e+00	-4.999811e-06	4.999811e-06	2.366052e-05	5.842851e-04	6.021703e-04	-1.736576e-03	-1.245977e-10	1.091113e-14	1.245868e-10	-1.016571e-14	-1.788520e-05	1.866084e-05	-1.129406e-03	1.128630e-03
8.653063884703442e-01	5.000000e+00	4.929305e+00	4.999811e+00	4.999811e+00	4.415715e+00	-4.999811e-06	4.999811e-06	2.366052e-05	5.842851e-04	6.021703e-04	-1.736576e-03	-1.249576e-10	-1.090780e-14	1.249685e-10	1.155261e-14	-1.788520e-05	1.866084e-05	-1.129406e-03	1.128630e-03
8.662829509703442e-01	5.000000e+00	4.929305e+00	4.999811e+00	4.999811e+00	4.415715e+00	-4.999811e-06	4.999811e-06	2.366052e-05	5.842851e-04	6.021703e-04	-1.736576e-03	-1.245978e-10	1.090464e-14	1.245869e-10	-1.016580e-14	-1.788520e-05	1.866084e-05	-1.129406e-03	1.128630e-03
8.672595134703442e-01	5.000000e+00	4.929305e+00	4.999811e+00	4.999811e+00	4.415715e+00	-4.999811e-06	4.999811e-06	2.366052e-05	5.842851e-04	6.021703e-04	-1.736576e-03	-1.249575e-10	-1.090230e-14	1.249684e-10	1.113820e-14	-1.788520e-05	1.866084e-05	-1.129406e-03	1.128630e-03
8.682360759703442e-01	5.000000e+00	4.929305e+00	4.999811e+00	4.999811e+00	4.415715e+00	-4.999811e-06	4.999811e-06	2.366052e-05	5.842851e-04	6.021703e-04	-1.736576e-03	-1.245979e-10	1.089958e-14	1.245870e-10	-1.058029e-14	-1.788520e-05	1.866084e-05	-1.129406e-03	1.128630e-03
8.692126384703442e-01	5.000000e+00	4.929305e+00	4.999811e+00	4.999811e+00	4.415715e+00	-4.999811e-06	4.999811e-06	2.366052e-05	5.842851e-04	6.021703e-04	-1.736576e-03	-1.249574e-10	-1.089830e-14	1.249683e-10	1.113817e-14	-1.788520e-05	1.866084e-05	-1.129406e-03	1.128630e-03
8.701892009703442e-01	5.000000e+00	4.929305e+00	4.999811e+00	4.999811e+00	4.415715e+00	-4.999811e-06	4.999811e-06	2.366052e-05	5.842851e-04	6.021703e-04	-1.736576e-03	-1.245980e-10	1.089834e-14	1.245871e-10	-1.099482e-14	-1.788520e-05	1.866084e-05	-1.129406e-03	1.128630e-03
8.711657634703442e-01	5.000000e+00	4.929305e+00	4.999811e+00	4.999811e+00	4.415715e+00	-4.999811e-06	4.999811e-06	2.366052e-05	5.842851e-04	6.021703e-04	-1.736576e-03	-1.249573e-10	-1.089474e-14	1.249682e-10	1.113825e-14	-1.788520e-05	1.866084e-05	-1.129406e-03	1.128630e-03
8.721423259703442e-01	5.000000e+00	4.929305e+00	4.999811e+00	4.999811e+00	4.415715e+00	-4.999811e-06	4.999811e-06	2.366052e-05	5.842851e-04	6.021703e-04	-1.736576e-03	-1.245980e-10	1.089133e-14	1.245872e-10	-1.078754e-14	-1.788520e-05	1.866084e-05	-1.129406e-03	1.128630e-03
8.731188884703442e-01	5.000000e+00	4.929305e+00	4.999811e+00	4.999811e+00	4.415715e+00	-4.999811e-06	4.999811e-06	2.366052e-05	5.842851e-04	6.021703e-04	-1.736576e-03	-1.249572e-10	-1.088740e-14	1.249681e-10	1.134547e-14	-1.788520e-05	1.866084e-05	-1.129406e-03	1.128630e-03
8.740954509703442e-01	5.000000e+00	4.929305e+00	4.999811e+00	4.999811e+00	4.415715e+00	-4.999811e-06	4.999811e-06	2.366052e-05	5.842851e-04	6.021703e-04	-1.736576e-03	-1.245981e-10	1.088364e-14	1.245872e-10	-9.544176e-15	-1.788520e-05	1.866084e-05	-1.129406e-03	1.128630e-03
8.750720134703442e-01	5.000000e+00	4.929305e+00	4.999811e+00	4.999811e+00	4.415715e+00	-4.999811e-06	4.999811e-06	2.366052e-05	5.842851e-04	6.021703e-04	-1.736576e-03	-1.249571e-10	-1.088184e-14	1.249680e-10	1.134552e-14	-1.788520e-05	1.866084e-05	-1.129406e-03	1.128630e-03
8.760485759703442e-01	5.000000e+00	4.929305e+00	4.999811e+00	4.999811e+00	4.415715e+00	-4.999811e-06	4.999811e-06	2.366052e-05	5.842851e-04	6.021703e-04	-1.736576e-03	-1.245982e-10	1.087699e-14	1.245873e-10	-1.058037e-14	-1.788520e-05	1.866084e-05	-1.129406e-03	1.128630e-03
8.770251384703442e-01	5.000000e+00	4.929305e+00	4.999811e+00	4.999811e+00	4.415715e+00	-4.999811e-06	4.999811e-06	2.366052e-05	5.842851e-04	6.021703e-04	-1.736576e-03	-1.249571e-10	-1.087181e-14	1.249679e-10	1.072386e-14	-1.788520e-05	1.866084e-05	-1.129406e-03	1.128630e-03
8.780017009703442e-01	5.000000e+00	4.929305e+00	4.999811e+00	4.999811e+00	4.415715e+00	-4.999811e-06	4.999811e-06	2.366052e-05	5.842851e-04	6.021703e-04	-1.736576e-03	-1.245983e-10	1.086801e-14	1.245874e-10	-9.958721e-15	-1.788520e-05	1.866084e-05	-1.129406e-03	1.128630e-03
8.789782634703442e-01	5.000000e+00	4.929305e+00	4.999811e+00	4.999811e+00	4.415715e+00	-4.999811e-06	4.999811e-06	2.366052e-05	5.842851e-04	6.021703e-04	-1.736576e-03	-1.249570e-10	-1.086262e-14	1.249678e-10	1.051661e-14	-1.788520e-05	1.866084e-05	-1.129406e-03	1.128630e-03
8.799548259703442e-01	5.000000e+00	4.929305e+00	4.999811e+00	4.999811e+00	4.415715e+00	-4.999811e-06	4.999811e-06	2.366052e-05	5.842851e-04	6.021703e-04	-1.736576e-03	-1.245984e-10	1.085753e-14	1.245875e-10	-1.037323e-14	-1.788520e-05	1.866084e-05	-1.129406e-03	1.128630e-03
8.809313884703442e-01	5.000000e+00	4.929305e+00	4.999811e+00	4.999811e+00	4.415715e+00	-4.999811e-06	4.999811e-06	2.366052e-05	5.842851e-04	6.021703e-04	-1.736576e-03	-1.249569e-10	-1.085414e-14	1.249677e-10	1.155282e-14	-1.788520e-05	1.866084e-05	-1.129406e-03	1.128630e-03
8.819079509703442e-01	5.000000e+00	4.929305e+00	4.999811e+00	4.999811e+00	4.415715e+00	-4.999811e-06	4.999811e-06	2.366052e-05	5.842851e-04	6.021703e-04	-1.736576e-03	-1.245985e-10	1.085011e-14	1.245876e-10	-1.099500e-14	-1.788520e-05	1.866084e-05	-1.129406e-03	1.128630e-03
8.828845134703442e-01	5.000000e+00	4.929305e+00	4.999811e+00	4.999811e+00	4.415715e+00	-4.999811e-06	4.999811e-06	2.366052e-05	5.842851e-04	6.021703e-04	-1.736576e-03	-1.249568e-10	-1.084842e-14	1.249677e-10	1.030943e-14	-1.788520e-05	1.866084e-05	-1.129406e-03	1.128630e-03
8.838610759703442e-01	5.000000e+00	4.929305e+00	4.999811e+00	4.999811e+00	4.415715e+00	-4.999811e-06	4.999811e-06	2.366052e-05	5.842851e-04	6.021703e-04	-1.736576e-03	-1.245985e-10	1.084684e-14	1.245877e-10	-1.058049e-14	-1.788520e-05	1.866084e-05	-1.129406e-03	1.128630e-03
8.848376384703442e-01	5.000000e+00	4.929305e+00	4.999811e+00	4.999811e+00	4.415715e+00	-4.999811e-06	4.999811e-06	2.366052e-05	5.842851e-04	6.021703e-04	-1.736576e-03	-1.249567e-10	-1.084258e-14	1.249676e-10	1.030946e-14	-1.788520e-05	1.866084e-05	-1.129406e-03	1.128630e-03
8.858142009703442e-01	5.000000e+00	4.929305e+00	4.999811e+00	4.999811e+00	4.415715e+00	-4.999811e-06	4.999811e-06	2.366052e-05	5.842851e-04	6.021703e-04	-1.736576e-03	-1.245986e-10	1.083984e-14	1.245878e-10	-9.751618e-15	-1.788520e-05	1.866084e-05	-1.129406e-03	1.128630e-03
8.867907634703442e-01	5.000000e+00	4.929305e+00	4.999811e+00	4.999811e+00	4.415715e+00	-4.999811e-06	4.999811e-06	2.366052e-05	5.842851e-04	6.021703e-04	-1.736576e-03	-1.249566e-10	-1.083797e-14	1.249675e-10	1.113847e-14	-1.788520e-05	1.866084e-05	-1.129406e-03	1.128630e-03
8.877673259703442e-01	5.000000e+00	4.929305e+00	4.999811e+00	4.999811e+00	4.415715e+00	-4.999811e-06	4.999811e-06	2.366052e-05	5.842851e-04	6.021703e-04	-1.736576e-03	-1.245987e-10	1.083400e-14	1.245879e-10	-1.058063e-14	-1.788520e-05	1.866084e-05	-1.129406e-03	1.128630e-03
8.887438884703442e-01	5.000000e+00	4.929305e+00	4.999811e+00	4.999811e+00	4.415715e+00	-4.999811e-06	4.999811e-06	2.366052e-05	5.842851e-04	6.021703e-04	-1.736576e-03	-1.249566e-10	-1.083020e-14	1.249674e-10	1.051678e-14	-1.788520e-05	1.866084e-05	-1.129406e-03	1.128630e-03
8.897204509703442e-01	5.000000e+00	4.929305e+00	4.999811e+00	4.999811e+00	4.415715e+00	-4.999811e-06	4.999811e-06	2.366052e-05	5.842851e-04	6.021703e-04	-1.736576e-03	-1.245988e-10	1.082932e-14	1.245880e-10	-9.544432e-15	-1.788520e-05	1.866084e-05	-1.129406e-03	1.128630e-03
8.906970134703442e-01	5.000000e+00	4.929305e+00	4.999811e+00	4.999811e+00	4.415715e+00	-4.999811e-06	4.999811e-06	2.366052e-05	5.842851e-04	6.021703e-04	-1.736576e-03	-1.249565e-10	-1.082683e-14	1.249673e-10	1.093132e-14	-1.788520e-05	1.866084e-05	-1.129406e-03	1.128630e-03
8.916735759703442e-01	5.000000e+00	4.929305e+00	4.999811e+00	4.999811e+00	4.415715e+00	-4.999811e-06	4.999811e-06	2.366052e-05	5.842851e-04	6.021703e-04	-1.736576e-03	-1.245989e-10	1.082365e-14	1.245880e-10	-1.037343e-14	-1.788520e-05	1.866084e-05	-1.129406e-03	1.128630e-03
8.926501384703442e-01	5.000000e+00	4.929305e+00	4.999811e+00	4.999811e+00	4.415715e+00	-4.999811e-06	4.999811e-06	2.366052e-05	5.842851e-04	6.021703e-04	-1.736576e-03	-1.249564e-10	-1.082228e-14	1.249672e-10	1.030958e-14	-1.788520e-05	1.866084e-05	-1.129406e-03	1.128630e-03
8.936267009703442e-01	5.000000e+00	4.929305e+00	4.999811e+00	4.999811e+00	4.415715e+00	-4.999811e-06	4.999811e-06	2.366052e-05	5.842851e-04	6.021703e-04	-1.736576e-03	-1.245990e-10	1.082205e-14	1.245881e-10	-9.958970e-15	-1.788520e-05	1.866084e-05	-1.129406e-03	1.128630e-03
8.946032634703442e-01	5.000000e+00	4.929305e+00	4.999811e+00	4.999811e+00	4.415715e+00	-4.999811e-06	4.999811e-06	2.366052e-05	5.842851e-04	6.021703e-04	-1.736576e-03	-1.249563e-10	-1.082091e-14	1.249671e-10	1.155307e-14	-1.788520e-05	1.866084e-05	-1.129406e-03	1.128630e-03
8.955798259703442e-01	5.000000e+00	4.929305e+00	4.999811e+00	4.999811e+00	4.415715e+00	-4.999811e-06	4.999811e-06	2.366052e-05	5.842851e-04	6.021703e-04	-1.736576e-03	-1.245990e-10	1.081622e-14	1.245882e-10	-1.099515e-14	-1.788520e-05	1.866084e-05	-1.129406e-03	1.128630e-03
8.965563884703442e-01	5.000000e+00	4.929305e+00	4.999811e+00	4.999811e+00	4.415715e+00	-4.999811e-06	4.999811e-06	2.366052e-05	5.842851e-04	6.021703e-04	-1.736576e-03	-1.249562e-10	-1.081342e-14	1.249671e-10	1.134588e-14	-1.788520e-05	1.866084e-05	-1.129406e-03	1.128630e-03
8.975329509703442e-01	5.000000e+00	4.929305e+00	4.999811e+00	4.999811e+00	4.415715e+00	-4.999811e-06	4.999811e-06	2.366052e-05	5.842851e-04	6.021703e-04	-1.736576e-03	-1.245991e-10	1.081377e-14	1.245883e-10	-1.037353e-14	-1.788520e-05	1.866084e-05	-1.129406e-03	1.128630e-03
8.985095134703442e-01	5.000000e+00	4.929305e+00	4.999811e+00	4.999811e+00	4.415715e+00	-4.999811e-06	4.999811e-06	2.366052e-05	5.842851e-04	6.021703e-04	-1.736576e-03	-1.249562e-10	-1.081347e-14	1.249670e-10	1.093137e-14	-1.788520e-05	1.866084e-05	-1.129406e-03	1.128630e-03
8.994860759703442e-01	5.000000e+00	4.929305e+00	4.999811e+00	4.999811e+00	4.415715e+00	-4.999811e-06	4.999811e-06	2.366052e-05	5.842851e-04	6.021703e-04	-1.736576e-03	-1.245992e-10	1.081393e-14	1.245884e-10	-9.751817e-15	-1.788520e-05	1.866084e-05	-1.129406e-03	1.128630e-03
9.004626384703442e-01	5.000000e+00	4.929305e+00	4.999811e+00	4.999811e+00	4.415715e+00	-4.999811e-06	4.999811e-06	2.366052e-05	5.842851e-04	6.021703e-04	-1.736576e-03	-1.249561e-10	-1.081431e-14	1.249669e-10	1.051691e-14	-1.788520e-05	1.866084e-05	-1.129406e-03	1.128630e-03
9.014392009703442e-01	5.000000e+00	4.929305e+00	4.999811e+00	4.999811e+00	4.415715e+00	-4.999811e-06	4.999811e-06	2.366052e-05	5.842851e-04	6.021703e-04	-1.736576e-03	-1.245993e-10	1.081417e-14	1.245885e-10	-9.751802e-15	-1.788520e-05	1.866084e-05	-1.129406e-03	1.128630e-03
9.024157634703442e-01	5.000000e+00	4.929305e+00	4.999811e+00	4.999811e+00	4.415715e+00	-4.999811e-06	4.999811e-06	2.366052e-05	5.842851e-04	6.021703e-04	-1.736576e-03	-1.249560e-10	-1.081503e-14	1.249668e-10	1.134599e-14	-1.788520e-05	1.866084e-05	-1.129406e-03	1.128630e-03
9.033923259703442e-01	5.000000e+00	4.929305e+00	4.999811e+00	4.999811e+00	4.415715e+00	-4.999811e-06	4.999811e-06	2.366052e-05	5.842851e-04	6.021703e-04	-1.736576e-03	-1.245994e-10	1.081499e-14	1.245885e-10	-1.037358e-14	-1.788520e-05	1.866084e-05	-1.129406e-03	1.128630e-03
9.043688884703442e-01	5.000000e+00	4.929305e+00	4.999811e+00	4.999811e+00	4.415715e+00	-4.999811e-06	4.999811e-06	2.366052e-05	5.842851e-04	6.021703e-04	-1.736576e-03	-1.249559e-10	-1.081209e-14	1.249667e-10	1.134595e-14	-1.788520e-05	1.866084e-05	-1.129406e-03	1.128630e-03
9.053454509703442e-01	5.000000e+00	4.929305e+00	4.999811e+00	4.999811e+00	4.415715e+00	-4.999811e-06	4.999811e-06	2.366052e-05	5.842851e-04	6.021703e-04	-1.736576e-03	-1.245994e-10	1.080880e-14	1.245886e-10	-1.016640e-14	-1.788520e-05	1.866084e-05	-1.129406e-03	1.128630e-03
9.063220134703442e-01	5.000000e+00	4.929305e+00	4.999811e+00	4.999811e+00	4.415715e+00	-4.999811e-06	4.999811e-06	2.366052e-05	5.842851e-04	6.021703e-04	-1.736576e-03	-1.249558e-10	-1.080518e-14	1.249666e-10	1.051705e-14	-1.788520e-05	1.866084e-05	-1.129406e-03	1.128630e-03
9.072985759703442e-01	5.000000e+00	4.929305e+00	4.999811e+00	4.999811e+00	4.415715e+00	-4.999811e-06	4.999811e-06	2.366052e-05	5.842851e-04	6.021703e-04	-1.736576e-03	-1.245995e-10	1.080174e-14	1.245887e-10	-1.058092e-14	-1.788520e-05	1.866084e-05	-1.129406e-03	1.128630e-03
9.082751384703442e-01	5.000000e+00	4.929305e+00	4.999811e+00	4.999811e+00	4.415715e+00	-4.999811e-06	4.999811e-06	2.366052e-05	5.842851e-04	6.021703e-04	-1.736576e-03	-1.249557e-10	-1.080109e-14	1.249665e-10	1.093153e-14	-1.788520e-05	1.866084e-05	-1.129406e-03	1.128630e-03
9.092517009703442e-01	5.000000e+00	4.929305e+00	4.999811e+00	4.999811e+00	4.415715e+00	-4.999811e-06	4.999811e-06	2.366052e-05	5.842851e-04	6.021703e-04	-1.736576e-03	-1.245996e-10	1.080022e-14	1.245888e-10	-1.016642e-14	-1.788520e-05	1.866084e-05	-1.129406e-03	1.128630e-03
9.102282634703442e-01	5.000000e+00	4.929305e+00	4.999811e+00	4.999811e+00	4.415715e+00	-4.999811e-06	4.999811e-06	2.366052e-05	5.842851e-04	6.021703e-04	-1.736576e-03	-1.249557e-10	-1.079966e-14	1.249665e-10	1.113884e-14	-1.788520e-05	1.866084e-05	-1.129406e-03	1.128630e-03
9.112048259703442e-01	5.000000e+00	4.929305e+00	4.999811e+00	4.999811e+00	4.415715e+00	-4.999811e-06	4.999811e-06	2.366052e-05	5.842851e-04	6.021703e-04	-1.736576e-03	-1.245997e-10	1.079877e-14	1.245889e-10	-1.037373e-14	-1.788520e-05	1.866084e-05	-1.129406e-03	1.128630e-03
9.121813884703442e-01	5.000000e+00	4.929305e+00	4.999811e+00	4.999811e+00	4.415715e+00	-4.999811e-06	4.999811e-06	2.366052e-05	5.842851e-04	6.021703e-04	-1.736576e-03	-1.249556e-10	-1.079674e-14	1.249664e-10	1.030986e-14	-1.788520e-05	1.866084e-05	-1.129406e-03	1.128630e-03
9.131579509703442e-01	5.000000e+00	4.929305e+00	4.999811e+00	4.999811e+00	4.415715e+00	-4.999811e-06	4.999811e-06	2.366052e-05	5.842851e-04	6.021703e-04	-1.736576e-03	-1.245998e-10	1.079628e-14	1.245890e-10	-9.752051e-15	-1.788520e-05	1.866084e-05	-1.129406e-03	1.128630e-03
9.141345134703442e-01	5.000000e+00	4.929305e+00	4.999811e+00	4.999811e+00	4.415715e+00	-4.999811e-06	4.999811e-06	2.366052e-05	5.842851e-04	6.021703e-04	-1.736576e-03	-1.249555e-10	-1.079706e-14	1.249663e-10	1.010268e-14	-1.788520e-05	1.866084e-05	-1.129406e-03	1.128630e-03
9.151110759703442e-01	5.000000e+00	4.929305e+00	4.999811e+00	4.999811e+00	4.415715e+00	-4.999811e-06	4.999811e-06	2.366052e-05	5.842851e-04	6.021703e-04	-1.736576e-03	-1.245999e-10	1.079791e-14	1.245891e-10	-1.078825e-14	-1.788520e-05	1.866084e-05	-1.129406e-03	1.128630e-03
9.160876384703442e-01	5.000000e+00	4.929305e+00	4.999811e+00	4.999811e+00	4.415715e+00	-4.999811e-06	4.999811e-06	2.366052e-05	5.842851e-04	6.021703e-04	-1.736576e-03	-1.249554e-10	-1.079825e-14	1.249662e-10	1.051720e-14	-1.788520e-05	1.866084e-05	-1.129406e-03	1.128630e-03
9.170642009703442e-01	5.000000e+00	4.929305e+00	4.999811e+00	4.999811e+00	4.415715e+00	-4.999811e-06	4.999811e-06	2.366052e-05	5.842851e-04	6.021703e-04	-1.736576e-03	-1.245999e-10	1.079901e-14	1.245891e-10	-1.120279e-14	-1.788520e-05	1.866084e-05	-1.129406e-03	1.128630e-03
9.180407634703442e-01	5.000000e+00	4.929305e+00	4.999811e+00	4.999811e+00	4.415715e+00	-4.999811e-06	4.999811e-06	2.366052e-05	5.842851e-04	6.021703e-04	-1.736576e-03	-1.249553e-10	-1.079861e-14	1.249661e-10	1.072445e-14	-1.788520e-05	1.866084e-05	-1.129406e-03	1.128630e-03
9.190173259703442e-01	5.000000e+00	4.929305e+00	4.999811e+00	4.999811e+00	4.415715e+00	-4.999811e-06	4.999811e-06	2.366052e-05	5.842851e-04	6.021703e-04	-1.736576e-03	-1.246000e-10	1.079668e-14	1.245892e-10	-9.959330e-15	-1.788520e-05	1.866084e-05	-1.129406e-03	1.128630e-03
9.199938884703442e-01	5.000000e+00	4.929305e+00	4.999811e+00	4.999811e+00	4.415715e+00	-4.999811e-06	4.999811e-06	2.366052e-05	5.842851e-04	6.021703e-04	-1.736576e-03	-1.249552e-10	-1.079387e-14	1.249660e-10	1.093176e-14	-1.788520e-05	1.866084e-05	-1.129406e-03	1.128630e-03
9.209704509703442e-01	5.000000e+00	4.929305e+00	4.999811e+00	4.999811e+00	4.415715e+00	-4.999811e-06	4.999811e-06	2.366052e-05	5.842851e-04	6.021703e-04	-1.736576e-03	-1.246001e-10	1.079111e-14	1.245893e-10	-1.058111e-14	-1.788520e-05	1.866084e-05	-1.129406e-03	1.128630e-03
9.219470134703442e-01	5.000000e+00	4.929305e+00	4.999811e+00	4.999811e+00	4.415715e+00	-4.999811e-06	4.999811e-06	2.366052e-05	5.842851e-04	6.021703e-04	-1.736576e-03	-1.249552e-10	-1.078757e-14	1.249660e-10	1.134623e-14	-1.788520e-05	1.866084e-05	-1.129406e-03	1.128630e-03
9.229235759703442e-01	5.000000e+00	4.929305e+00	4.999811e+00	4.999811e+00	4.415715e+00	-4.999811e-06	4.999811e-06	2.366052e-05	5.842851e-04	6.021703e-04	-1.736576e-03	-1.246002e-10	1.078383e-14	1.245894e-10	-1.037386e-14	-1.788520e-05	1.866084e-05	-1.129406e-03	1.128630e-03
9.239001384703442e-01	5.000000e+00	4.929305e+00	4.999811e+00	4.999811e+00	4.415715e+00	-4.999811e-06	4.999811e-06	2.366052e-05	5.842851e-04	6.021703e-04	-1.736576e-03	-1.249551e-10	-1.078148e-14	1.249659e-10	9.895589e-15	-1.788520e-05	1.866084e-05	-1.129406e-03	1.128630e-03
9.248767009703442e-01	5.000000e+00	4.929305e+00	4.999811e+00	4.999811e+00	4.415715e+00	-4.999811e-06	4.999811e-06	2.366052e-05	5.842851e-04	6.021703e-04	-1.736576e-03	-1.246003e-10	1.078000e-14	1.245895e-10	-1.099566e-14	-1.788520e-05	1.866084e-05	-1.129406e-03	1.128630e-03
9.258532634703442e-01	5.000000e+00	4.929305e+00	4.999811e+00	4.999811e+00	4.415715e+00	-4.999811e-06	4.999811e-06	2.366052e-05	5.842851e-04	6.021703e-04	-1.736576e-03	-1.249550e-10	-1.077850e-14	1.249658e-10	1.113907e-14	-1.788520e-05	1.866084e-05	-1.129406e-03	1.128630e-03
9.268298259703442e-01	5.000000e+00	4.929305e+00	4.999811e+00	4.999811e+00	4.415715e+00	-4.999811e-06	4.999811e-06	2.366052e-05	5.842851e-04	6.021703e-04	-1.736576e-03	-1.246003e-10	1.077635e-14	1.245896e-10	-9.959441e-15	-1.788520e-05	1.866084e-05	-1.129406e-03	1.128630e-03
9.278063884703442e-01	5.000000e+00	4.929305e+00	4.999811e+00	4.999811e+00	4.415715e+00	-4.999811e-06	4.999811e-06	2.366052e-05	5.842851e-04	6.021703e-04	-1.736576e-03	-1.249549e-10	-1.077344e-14	1.249657e-10	1.093179e-14	-1.788520e-05	1.866084e-05	-1.129406e-03	1.128630e-03
9.287829509703442e-01	5.000000e+00	4.929305e+00	4.999811e+00	4.999811e+00	4.415715e+00	-4.999811e-06	4.999811e-06	2.366052e-05	5.842851e-04	6.021703e-04	-1.736576e-03	-1.246004e-10	1.076805e-14	1.245897e-10	-1.078841e-14	-1.788520e-05	1.866084e-05	-1.129406e-03	1.128630e-03
9.297595134703442e-01	5.000000e+00	4.929305e+00	4.999811e+00	4.999811e+00	4.415715e+00	-4.999811e-06	4.999811e-06	2.366052e-05	5.842851e-04	6.021703e-04	-1.736576e-03	-1.249548e-10	-1.076335e-14	1.249656e-10	9.895688e-15	-1.788520e-05	1.866084e-05	-1.129406e-03	1.128630e-03
9.307360759703442e-01	5.000000e+00	4.929305e+00	4.999811e+00	4.999811e+00	4.415715e+00	-4.999811e-06	4.999811e-06	2.366052e-05	5.842851e-04	6.021703e-04	-1.736576e-03	-1.246005e-10	1.076034e-14	1.245898e-10	-9.752249e-15	-1.788520e-05	1.866084e-05	-1.129406e-03	1.128630e-03
9.317126384703442e-01	5.000000e+00	4.929305e+00	4.999811e+00	4.999811e+00	4.415715e+00	-4.999811e-06	4.999811e-06	2.366052e-05	5.842851e-04	6.021703e-04	-1.736576e-03	-1.249548e-10	-1.075959e-14	1.249655e-10	1.113921e-14	-1.788520e-05	1.866084e-05	-1.129406e-03	1.128630e-03
9.326892009703442e-01	5.000000e+00	4.929305e+00	4.999811e+00	4.999811e+00	4.415715e+00	-4.999811e-06	4.999811e-06	2.366052e-05	5.842851e-04	6.021703e-04	-1.736576e-03	-1.246006e-10	1.075909e-14	1.245898e-10	-9.959573e-15	-1.788520e-05	1.866084e-05	-1.129406e-03	1.128630e-03
9.336657634703442e-01	5.000000e+00	4.929305e+00	4.999811e+00	4.999811e+00	4.415715e+00	-4.999811e-06	4.999811e-06	2.366052e-05	5.842851e-04	6.021703e-04	-1.736576e-03	-1.249547e-10	-1.075688e-14	1.249654e-10	1.031019e-14	-1.788520e-05	1.866084e-05	-1.129406e-03	1.128630e-03
9.346423259703442e-01	5.000000e+00	4.929305e+00	4.999811e+00	4.999811e+00	4.415715e+00	-4.999811e-06	4.999811e-06	2.366052e-05	5.842851e-04	6.021703e-04	-1.736576e-03	-1.246007e-10	1.075338e-14	1.245899e-10	-9.752360e-15	-1.788520e-05	1.866084e-05	-1.129406e-03	1.128630e-03
9.356188884703442e-01	5.000000e+00	4.929305e+00	4.999811e+00	4.999811e+00	4.415715e+00	-4.999811e-06	4.999811e-06	2.366052e-05	5.842851e-04	6.021703e-04	-1.736576e-03	-1.249546e-10	-1.075063e-14	1.249653e-10	1.176093e-14	-1.788520e-05	1.866084e-05	-1.129406e-03	1.128630e-03
9.365954509703442e-01	5.000000e+00	4.929305e+00	4.999811e+00	4.999811e+00	4.415715e+00	-4.999811e-06	4.999811e-06	2.366052e-05	5.842851e-04	6.021703e-04	-1.736576e-03	-1.246008e-10	1.074876e-14	1.245900e-10	-9.959628e-15	-1.788520e-05	1.866084e-05	-1.129406e-03	1.128630e-03
9.375720134703442e-01	5.000000e+00	4.929305e+00	4.999811e+00	4.999811e+00	4.415715e+00	-4.999811e-06	4.999811e-06	2.366052e-05	5.842851e-04	6.021703e-04	-1.736576e-03	-1.249545e-10	-1.074365e-14	1.249653e-10	1.072473e-14	-1.788520e-05	1.866084e-05	-1.129406e-03	1.128630e-03
9.385485759703442e-01	5.000000e+00	4.929305e+00	4.999811e+00	4.999811e+00	4.415715e+00	-4.999811e-06	4.999811e-06	2.366052e-05	5.842851e-04	6.021703e-04	-1.736576e-03	-1.246008e-10	1.073726e-14	1.245901e-10	-9.752394e-15	-1.788520e-05	1.866084e-05	-1.129406e-03	1.128630e-03
9.395251384703442e-01	5.000000e+00	4.929305e+00	4.999811e+00	4.999811e+00	4.415715e+00	-4.999811e-06	4.999811e-06	2.366052e-05	5.842851e-04	6.021703e-04	-1.736576e-03	-1.249544e-10	-1.073313e-14	1.249652e-10	1.093200e-14	-1.788520e-05	1.866084e-05	-1.129406e-03	1.128630e-03
9.405017009703442e-01	5.000000e+00	4.929305e+00	4.999811e+00	4.999811e+00	4.415715e+00	-4.999811e-06	4.999811e-06	2.366052e-05	5.842851e-04	6.021703e-04	-1.736576e-03	-1.246009e-10	1.073248e-14	1.245902e-10	-1.037410e-14	-1.788520e-05	1.866084e-05	-1.129406e-03	1.128630e-03
9.414782634703442e-01	5.000000e+00	4.929305e+00	4.999811e+00	4.999811e+00	4.415715e+00	-4.999811e-06	4.999811e-06	2.366052e-05	5.842851e-04	6.021703e-04	-1.736576e-03	-1.249544e-10	-1.073037e-14	1.249651e-10	1.113930e-14	-1.788520e-05	1.866084e-05	-1.129406e-03	1.128630e-03
9.424548259703442e-01	5.000000e+00	4.929305e+00	4.999811e+00	4.999811e+00	4.415715e+00	-4.999811e-06	4.999811e-06	2.366052e-05	5.842851e-04	6.021703e-04	-1.736576e-03	-1.246010e-10	1.072805e-14	1.245903e-10	-1.016694e-14	-1.788520e-05	1.866084e-05	-1.129406e-03	1.128630e-03
9.434313884703442e-01	5.000000e+00	4.929305e+00	4.999811e+00	4.999811e+00	4.415715e+00	-4.999811e-06	4.999811e-06	2.366052e-05	5.842851e-04	6.021703e-04	-1.736576e-03	-1.249543e-10	-1.072521e-14	1.249650e-10	1.093211e-14	-1.788520e-05	1.866084e-05	-1.129406e-03	1.128630e-03
9.444079509703442e-01	5.000000e+00	4.929305e+00	4.999811e+00	4.999811e+00	4.415715e+00	-4.999811e-06	4.999811e-06	2.366052e-05	5.842851e-04	6.021703e-04	-1.736576e-03	-1.246011e-10	1.072027e-14	1.245904e-10	-1.016692e-14	-1.788520e-05	1.866084e-05	-1.129406e-03	1.128630e-03
9.453845134703442e-01	5.000000e+00	4.929305e+00	4.999811e+00	4.999811e+00	4.415715e+00	-4.999811e-06	4.999811e-06	2.366052e-05	5.842851e-04	6.021703e-04	-1.736576e-03	-1.249542e-10	-1.071850e-14	1.249649e-10	1.072486e-14	-1.788520e-05	1.866084e-05	-1.129406e-03	1.128630e-03
9.463610759703442e-01	5.000000e+00	4.929305e+00	4.999811e+00	4.999811e+00	4.415715e+00	-4.999811e-06	4.999811e-06	2.366052e-05	5.842851e-04	6.021703e-04	-1.736576e-03	-1.246012e-10	1.071886e-14	1.245904e-10	-1.099599e-14	-1.788520e-05	1.866084e-05	-1.129406e-03	1.128630e-03
9.473376384703442e-01	5.000000e+00	4.929305e+00	4.999811e+00	4.999811e+00	4.415715e+00	-4.999811e-06	4.999811e-06	2.366052e-05	5.842851e-04	6.021703e-04	-1.736576e-03	-1.249541e-10	-1.071876e-14	1.249648e-10	1.134665e-14	-1.788520e-05	1.866084e-05	-1.129406e-03	1.128630e-03
9.483142009703442e-01	5.000000e+00	4.929305e+00	4.999811e+00	4.999811e+00	4.415715e+00	-4.999811e-06	4.999811e-06	2.366052e-05	5.842851e-04	6.021703e-04	-1.736576e-03	-1.246012e-10	1.071853e-14	1.245905e-10	-9.752489e-15	-1.788520e-05	1.866084e-05	-1.129406e-03	1.128630e-03
9.492907634703442e-01	5.000000e+00	4.929305e+00	4.999811e+00	4.999811e+00	4.415715e+00	-4.999811e-06	4.999811e-06	2.366052e-05	5.842851e-04	6.021703e-04	-1.736576e-03	-1.249540e-10	-1.071690e-14	1.249647e-10	1.093216e-14	-1.788520e-05	1.866084e-05	-1.129406e-03	1.128630e-03
9.502673259703442e-01	5.000000e+00	4.929305e+00	4.999811e+00	4.999811e+00	4.415715e+00	-4.999811e-06	4.999811e-06	2.366052e-05	5.842851e-04	6.021703e-04	-1.736576e-03	-1.246013e-10	1.071355e-14	1.245906e-10	-1.016701e-14	-1.788520e-05	1.866084e-05	-1.129406e-03	1.128630e-03
9.512438884703442e-01	5.000000e+00	4.929305e+00	4.999811e+00	4.999811e+00	4.415715e+00	-4.999811e-06	4.999811e-06	2.366052e-05	5.842851e-04	6.021703e-04	-1.736576e-03	-1.249539e-10	-1.071215e-14	1.249647e-10	1.051776e-14	-1.788520e-05	1.866084e-05	-1.129406e-03	1.128630e-03
9.522204509703442e-01	5.000000e+00	4.929305e+00	4.999811e+00	4.999811e+00	4.415715e+00	-4.999811e-06	4.999811e-06	2.366052e-05	5.842851e-04	6.021703e-04	-1.736576e-03	-1.246014e-10	1.071220e-14	1.245907e-10	-9.959826e-15	-1.788520e-05	1.866084e-05	-1.129406e-03	1.128630e-03
9.531970134703442e-01	5.000000e+00	4.929305e+00	4.999811e+00	4.999811e+00	4.415715e+00	-4.999811e-06	4.999811e-06	2.366052e-05	5.842851e-04	6.021703e-04	-1.736576e-03	-1.249539e-10	-1.071299e-14	1.249646e-10	1.051771e-14	-1.788520e-05	1.866084e-05	-1.129406e-03	1.128630e-03
9.541735759703442e-01	5.000000e+00	4.929305e+00	4.999811e+00	4.999811e+00	4.415715e+00	-4.999811e-06	4.999811e-06	2.366052e-05	5.842851e-04	6.021703e-04	-1.736576e-03	-1.246015e-10	1.071403e-14	1.245908e-10	-1.058160e-14	-1.788520e-05	1.866084e-05	-1.129406e-03	1.128630e-03
9.551501384703442e-01	5.000000e+00	4.929305e+00	4.999811e+00	4.999811e+00	4.415715e+00	-4.999811e-06	4.999811e-06	2.366052e-05	5.842851e-04	6.021703e-04	-1.736576e-03	-1.249538e-10	-1.071112e-14	1.249645e-10	1.093223e-14	-1.788520e-05	1.866084e-05	-1.129406e-03	1.128630e-03
9.561267009703442e-01	5.000000e+00	4.929305e+00	4.999811e+00	4.999811e+00	4.415715e+00	-4.999811e-06	4.999811e-06	2.366052e-05	5.842851e-04	6.021703e-04	-1.736576e-03	-1.246016e-10	1.070700e-14	1.245909e-10	-9.752660e-15	-1.788520e-05	1.866084e-05	-1.129406e-03	1.128630e-03
9.571032634703442e-01	5.000000e+00	4.929305e+00	4.999811e+00	4.999811e+00	4.415715e+00	-4.999811e-06	4.999811e-06	2.366052e-05	5.842851e-04	6.021703e-04	-1.736576e-03	-1.249537e-10	-1.070546e-14	1.249644e-10	9.896049e-15	-1.788520e-05	1.866084e-05	-1.129406e-03	1.128630e-03
9.580798259703442e-01	5.000000e+00	4.929305e+00	4.999811e+00	4.999811e+00	4.415715e+00	-4.999811e-06	4.999811e-06	2.366052e-05	5.842851e-04	6.021703e-04	-1.736576e-03	-1.246016e-10	1.070468e-14	1.245909e-10	-1.099614e-14	-1.788520e-05	1.866084e-05	-1.129406e-03	1.128630e-03
9.590563884703442e-01	5.000000e+00	4.929305e+00	4.999811e+00	4.999811e+00	4.415715e+00	-4.999811e-06	4.999811e-06	2.366052e-05	5.842851e-04	6.021703e-04	-1.736576e-03	-1.249536e-10	-1.070268e-14	1.249643e-10	1.155403e-14	-1.788520e-05	1.866084e-05	-1.129406e-03	1.128630e-03
9.600329509703442e-01	5.000000e+00	4.929305e+00	4.999811e+00	4.999811e+00	4.415715e+00	-4.999811e-06	4.999811e-06	2.366052e-05	5.842851e-04	6.021703e-04	-1.736576e-03	-1.246017e-10	1.069916e-14	1.245910e-10	-9.545477e-15	-1.788520e-05	1.866084e-05	-1.129406e-03	1.128630e-03
9.610095134703442e-01	5.000000e+00	4.929305e+00	4.999811e+00	4.999811e+00	4.415715e+00	-4.999811e-06	4.999811e-06	2.366052e-05	5.842851e-04	6.021703e-04	-1.736576e-03	-1.249535e-10	-1.069473e-14	1.249642e-10	1.072510e-14	-1.788520e-05	1.866084e-05	-1.129406e-03	1.128630e-03
9.619860759703442e-01	5.000000e+00	4.929305e+00	4.999811e+00	4.999811e+00	4.415715e+00	-4.999811e-06	4.999811e-06	2.366052e-05	5.842851e-04	6.021703e-04	-1.736576e-03	-1.246018e-10	1.069085e-14	1.245911e-10	-1.078899e-14	-1.788520e-05	1.866084e-05	-1.129406e-03	1.128630e-03
9.629626384703442e-01	5.000000e+00	4.929305e+00	4.999811e+00	4.999811e+00	4.415715e+00	-4.999811e-06	4.999811e-06	2.366052e-05	5.842851e-04	6.021703e-04	-1.736576e-03	-1.249535e-10	-1.068976e-14	1.249642e-10	1.031067e-14	-1.788520e-05	1.866084e-05	-1.129406e-03	1.128630e-03
9.639392009703442e-01	5.000000e+00	4.929305e+00	4.999811e+00	4.999811e+00	4.415715e+00	-4.999811e-06	4.999811e-06	2.366052e-05	5.842851e-04	6.021703e-04	-1.736576e-03	-1.246019e-10	1.068859e-14	1.245912e-10	-9.959963e-15	-1.788520e-05	1.866084e-05	-1.129406e-03	1.128630e-03
9.649157634703442e-01	5.000000e+00	4.929305e+00	4.999811e+00	4.999811e+00	4.415715e+00	-4.999811e-06	4.999811e-06	2.366052e-05	5.842851e-04	6.021703e-04	-1.736576e-03	-1.249534e-10	-1.068658e-14	1.249641e-10	1.093242e-14	-1.788520e-05	1.866084e-05	-1.129406e-03	1.128630e-03
9.658923259703442e-01	5.000000e+00	4.929305e+00	4.999811e+00	4.999811e+00	4.415715e+00	-4.999811e-06	4.999811e-06	2.366052e-05	5.842851e-04	6.021703e-04	-1.736576e-03	-1.246020e-10	1.068444e-14	1.245913e-10	-9.338330e-15	-1.788520e-05	1.866084e-05	-1.129406e-03	1.128630e-03
9.668688884703442e-01	5.000000e+00	4.929305e+00	4.999811e+00	4.999811e+00	4.415715e+00	-4.999811e-06	4.999811e-06	2.366052e-05	5.842851e-04	6.021703e-04	-1.736576e-03	-1.249533e-10	-1.068077e-14	1.249640e-10	1.010345e-14	-1.788520e-05	1.866084e-05	-1.129406e-03	1.128630e-03
9.678454509703442e-01	5.000000e+00	4.929305e+00	4.999811e+00	4.999811e+00	4.415715e+00	-4.999811e-06	4.999811e-06	2.366052e-05	5.842851e-04	6.021703e-04	-1.736576e-03	-1.246021e-10	1.067728e-14	1.245914e-10	-9.960066e-15	-1.788520e-05	1.866084e-05	-1.129406e-03	1.128630e-03
9.688220134703442e-01	5.000000e+00	4.929305e+00	4.999811e+00	4.999811e+00	4.415715e+00	-4.999811e-06	4.999811e-06	2.366052e-05	5.842851e-04	6.021703e-04	-1.736576e-03	-1.249532e-10	-1.067396e-14	1.249639e-10	1.031076e-14	-1.788520e-05	1.866084e-05	-1.129406e-03	1.128630e-03
9.697985759703442e-01	5.000000e+00	4.929305e+00	4.999811e+00	4.999811e+00	4.415715e+00	-4.999811e-06	4.999811e-06	2.366052e-05	5.842851e-04	6.021703e-04	-1.736576e-03	-1.246021e-10	1.067107e-14	1.245915e-10	-9.752864e-15	-1.788520e-05	1.866084e-05	-1.129406e-03	1.128630e-03
9.707751384703442e-01	5.000000e+00	4.929305e+00	4.999811e+00	4.999811e+00	4.415715e+00	-4.999811e-06	4.999811e-06	2.366052e-05	5.842851e-04	6.021703e-04	-1.736576e-03	-1.249531e-10	-1.066793e-14	1.249638e-10	1.072522e-14	-1.788520e-05	1.866084e-05	-1.129406e-03	1.128630e-03
9.717517009703442e-01	5.000000e+00	4.929305e+00	4.999811e+00	4.999811e+00	4.415715e+00	-4.999811e-06	4.999811e-06	2.366052e-05	5.842851e-04	6.021703e-04	-1.736576e-03	-1.246022e-10	1.066528e-14	1.245915e-10	-1.016740e-14	-1.788520e-05	1.866084e-05	-1.129406e-03	1.128630e-03
9.727282634703442e-01	5.000000e+00	4.929305e+00	4.999811e+00	4.999811e+00	4.415715e+00	-4.999811e-06	4.999811e-06	2.366052e-05	5.842851e-04	6.021703e-04	-1.736576e-03	-1.249531e-10	-1.066452e-14	1.249637e-10	1.010355e-14	-1.788520e-05	1.866084e-05	-1.129406e-03	1.128630e-03
9.737048259703442e-01	5.000000e+00	4.929305e+00	4.999811e+00	4.999811e+00	4.415715e+00	-4.999811e-06	4.999811e-06	2.366052e-05	5.842851e-04	6.021703e-04	-1.736576e-03	-1.246023e-10	1.066369e-14	1.245916e-10	-9.338440e-15	-1.788520e-05	1.866084e-05	-1.129406e-03	1.128630e-03
9.746813884703442e-01	5.000000e+00	4.929305e+00	4.999811e+00	4.999811e+00	4.415715e+00	-4.999811e-06	4.999811e-06	2.366052e-05	5.842851e-04	6.021703e-04	-1.736576e-03	-1.249530e-10	-1.066361e-14	1.249636e-10	1.031081e-14	-1.788520e-05	1.866084e-05	-1.129406e-03	1.128630e-03
9.756579509703442e-01	5.000000e+00	4.929305e+00	4.999811e+00	4.999811e+00	4.415715e+00	-4.999811e-06	4.999811e-06	2.366052e-05	5.842851e-04	6.021703e-04	-1.736576e-03	-1.246024e-10	1.066212e-14	1.245917e-10	-1.016745e-14	-1.788520e-05	1.866084e-05	-1.129406e-03	1.128630e-03
9.766345134703442e-01	5.000000e+00	4.929305e+00	4.999811e+00	4.999811e+00	4.415715e+00	-4.999811e-06	4.999811e-06	2.366052e-05	5.842851e-04	6.021703e-04	-1.736576e-03	-1.249529e-10	-1.065656e-14	1.249636e-10	1.113981e-14	-1.788520e-05	1.866084e-05	-1.129406e-03	1.128630e-03
9.776110759703442e-01	5.000000e+00	4.929305e+00	4.999811e+00	4.999811e+00	4.415715e+00	-4.999811e-06	4.999811e-06	2.366052e-05	5.842851e-04	6.021703e-04	-1.736576e-03	-1.246025e-10	1.065168e-14	1.245918e-10	-1.058198e-14	-1.788520e-05	1.866084e-05	-1.129406e-03	1.128630e-03
9.785876384703442e-01	5.000000e+00	4.929305e+00	4.999811e+00	4.999811e+00	4.415715e+00	-4.999811e-06	4.999811e-06	2.366052e-05	5.842851e-04	6.021703e-04	-1.736576e-03	-1.249528e-10	-1.064928e-14	1.249635e-10	1.072535e-14	-1.788520e-05	1.866084e-05	-1.129406e-03	1.128630e-03
9.795642009703442e-01	5.000000e+00	4.929305e+00	4.999811e+00	4.999811e+00	4.415715e+00	-4.999811e-06	4.999811e-06	2.366052e-05	5.842851e-04	6.021703e-04	-1.736576e-03	-1.246025e-10	1.064490e-14	1.245919e-10	-9.753041e-15	-1.788520e-05	1.866084e-05	-1.129406e-03	1.128630e-03
9.805407634703442e-01	5.000000e+00	4.929305e+00	4.999811e+00	4.999811e+00	4.415715e+00	-4.999811e-06	4.999811e-06	2.366052e-05	5.842851e-04	6.021703e-04	-1.736576e-03	-1.249527e-10	-1.064164e-14	1.249634e-10	1.072538e-14	-1.788520e-05	1.866084e-05	-1.129406e-03	1.128630e-03
9.815173259703442e-01	5.000000e+00	4.929305e+00	4.999811e+00	4.999811e+00	4.415715e+00	-4.999811e-06	4.999811e-06	2.366052e-05	5.842851e-04	6.021703e-04	-1.736576e-03	-1.246026e-10	1.064009e-14	1.245920e-10	-1.016752e-14	-1.788520e-05	1.866084e-05	-1.129406e-03	1.128630e-03
9.824938884703442e-01	5.000000e+00	4.929305e+00	4.999811e+00	4.999811e+00	4.415715e+00	-4.999811e-06	4.999811e-06	2.366052e-05	5.842851e-04	6.021703e-04	-1.736576e-03	-1.249527e-10	-1.063802e-14	1.249633e-10	1.113989e-14	-1.788520e-05	1.866084e-05	-1.129406e-03	1.128630e-03
9.834704509703442e-01	5.000000e+00	4.929305e+00	4.999811e+00	4.999811e+00	4.415715e+00	-4.999811e-06	4.999811e-06	2.366052e-05	5.842851e-04	6.021703e-04	-1.736576e-03	-1.246027e-10	1.063537e-14	1.245921e-10	-1.016754e-14	-1.788520e-05	1.866084e-05	-1.129406e-03	1.128630e-03
9.844470134703442e-01	5.000000e+00	4.929305e+00	4.999811e+00	4.999811e+00	4.415715e+00	-4.999811e-06	4.999811e-06	2.366052e-05	5.842851e-04	6.021703e-04	-1.736576e-03	-1.249526e-10	-1.063124e-14	1.249632e-10	1.051820e-14	-1.788520e-05	1.866084e-05	-1.129406e-03	1.128630e-03
9.854235759703442e-01	5.000000e+00	4.929305e+00	4.999811e+00	4.999811e+00	4.415715e+00	-4.999811e-06	4.999811e-06	2.366052e-05	5.842851e-04	6.021703e-04	-1.736576e-03	-1.246028e-10	1.062787e-14	1.245921e-10	-1.058209e-14	-1.788520e-05	1.866084e-05	-1.129406e-03	1.128630e-03
9.864001384703442e-01	5.000000e+00	4.929305e+00	4.999811e+00	4.999811e+00	4.415715e+00	-4.999811e-06	4.999811e-06	2.366052e-05	5.842851e-04	6.021703e-04	-1.736576e-03	-1.249525e-10	-1.062373e-14	1.249631e-10	1.093271e-14	-1.788520e-05	1.866084e-05	-1.129406e-03	1.128630e-03
9.873767009703442e-01	5.000000e+00	4.929305e+00	4.999811e+00	4.999811e+00	4.415715e+00	-4.999811e-06	4.999811e-06	2.366052e-05	5.842851e-04	6.021703e-04	-1.736576e-03	-1.246029e-10	1.061806e-14	1.245922e-10	-1.016759e-14	-1.788520e-05	1.866084e-05	-1.129406e-03	1.128630e-03
9.883532634703442e-01	5.000000e+00	4.929305e+00	4.999811e+00	4.999811e+00	4.415715e+00	-4.999811e-06	4.999811e-06	2.366052e-05	5.842851e-04	6.021703e-04	-1.736576e-03	-1.249524e-10	-1.061453e-14	1.249630e-10	9.896525e-15	-1.788520e-05	1.866084e-05	-1.129406e-03	1.128630e-03
9.893298259703442e-01	5.000000e+00	4.929305e+00	4.999811e+00	4.999811e+00	4.415715e+00	-4.999811e-06	4.999811e-06	2.366052e-05	5.842851e-04	6.021703e-04	-1.736576e-03	-1.246029e-10	1.061225e-14	1.245923e-10	-1.058212e-14	-1.788520e-05	1.866084e-05	-1.129406e-03	1.128630e-03
9.903063884703442e-01	5.000000e+00	4.929305e+00	4.999811e+00	4.999811e+00	4.415715e+00	-4.999811e-06	4.999811e-06	2.366052e-05	5.842851e-04	6.021703e-04	-1.736576e-03	-1.249523e-10	-1.060845e-14	1.249629e-10	9.896536e-15	-1.788520e-05	1.866084e-05	-1.129406e-03	1.128630e-03
9.912829509703442e-01	5.000000e+00	4.929305e+00	4.999811e+00	4.999811e+00	4.415715e+00	-4.999811e-06	4.999811e-06	2.366052e-05	5.842851e-04	6.021703e-04	-1.736576e-03	-1.246030e-10	1.060444e-14	1.245924e-10	-1.058214e-14	-1.788520e-05	1.866084e-05	-1.129406e-03	1.128630e-03
9.922595134703442e-01	5.000000e+00	4.929305e+00	4.999811e+00	4.999811e+00	4.415715e+00	-4.999811e-06	4.999811e-06	2.366052e-05	5.842851e-04	6.021703e-04	-1.736576e-03	-1.249523e-10	-1.060238e-14	1.249629e-10	1.031104e-14	-1.788520e-05	1.866084e-05	-1.129406e-03	1.128630e-03
9.932360759703442e-01	5.000000e+00	4.929305e+00	4.999811e+00	4.999811e+00	4.415715e+00	-4.999811e-06	4.999811e-06	2.366052e-05	5.842851e-04	6.021703e-04	-1.736576e-03	-1.246031e-10	1.060178e-14	1.245925e-10	-1.058219e-14	-1.788520e-05	1.866084e-05	-1.129406e-03	1.128630e-03
9.942126384703442e-01	5.000000e+00	4.929305e+00	4.999811e+00	4.999811e+00	4.415715e+00	-4.999811e-06	4.999811e-06	2.366052e-05	5.842851e-04	6.021703e-04	-1.736576e-03	-1.249522e-10	-1.060047e-14	1.249628e-10	1.114006e-14	-1.788520e-05	1.866084e-05	-1.129406e-03	1.128630e-03
9.951892009703442e-01	5.000000e+00	4.929305e+00	4.999811e+00	4.999811e+00	4.415715e+00	-4.999811e-06	4.999811e-06	2.366052e-05	5.842851e-04	6.021703e-04	-1.736576e-03	-1.246032e-10	1.059894e-14	1.245926e-10	-1.099670e-14	-1.788520e-05	1.866084e-05	-1.129406e-03	1.128630e-03
9.961657634703442e-01	5.000000e+00	4.929305e+00	4.999811e+00	4.999811e+00	4.415715e+00	-4.999811e-06	4.999811e-06	2.366052e-05	5.842851e-04	6.021703e-04	-1.736576e-03	-1.249521e-10	-1.059710e-14	1.249627e-10	1.051835e-14	-1.788520e-05	1.866084e-05	-1.129406e-03	1.128630e-03
9.971423259703442e-01	5.000000e+00	4.929305e+00	4.999811e+00	4.999811e+00	4.415715e+00	-4.999811e-06	4.999811e-06	2.366052e-05	5.842851e-04	6.021703e-04	-1.736576e-03	-1.246033e-10	1.059523e-14	1.245927e-10	-1.099670e-14	-1.788520e-05	1.866084e-05	-1.129406e-03	1.128630e-03
9.981188884703442e-01	5.000000e+00	4.929305e+00	4.999811e+00	4.999811e+00	4.415715e+00	-4.999811e-06	4.999811e-06	2.366052e-05	5.842851e-04	6.021703e-04	-1.736576e-03	-1.249520e-10	-1.059222e-14	1.249626e-10	1.051837e-14	-1.788520e-05	1.866084e-05	-1.129406e-03	1.128630e-03
9.990954509703442e-01	5.000000e+00	4.929305e+00	4.999811e+00	4.999811e+00	4.415715e+00	-4.999811e-06	4.999811e-06	2.366052e-05	5.842851e-04	6.021703e-04	-1.736576e-03	-1.246033e-10	1.058888e-14	1.245928e-10	-1.037499e-14	-1.788520e-05	1.866084e-05	-1.129406e-03	1.128630e-03
1.000000000000000e+00	5.000000e+00	4.929305e+00	4.999811e+00	4.999811e+00	4.415715e+00	-4.999811e-06	4.999811e-06	2.366052e-05	5.842851e-04	6.021703e-04	-1.736576e-03	-1.249520e-10	-1.049083e-14	1.249625e-10	1.072573e-14	-1.788520e-05	1.866084e-05	-1.129406e-03	1.128630e-03
